master_record_number,agency,agency_tracking_number,county,city,collision_date,vehicles_involved,number_injured,number_dead,latitude,longitude,roadway_name,roadway_suffix,roadway_number,roadway_local_id,distance_from_reference,miles-feet_indicator,direction_from_reference,intersection_road_name,intersection_road_name_suffix,intersection_road_number,intersection_local_id,mile_marker,intersection_indicator,intersect_type,interchange_related_indicator,relation_to_junction,work_zone_type,construction_maintenance_zone,construction_maintenance_zone_location,fatal_case_number,officer_first_name,officer_last_name,weather_condition(s),manner_of_crash,pedestrian,bicycle,scooter,parking,hitrun,mou
103262608,METROPOLITAN NASHVILLE POLICE DEPT,20220156433,Davidson,Nashville,4/2/2022 9:39:00 PM,1,0,0,36.069280,-86.582360,DERBYSHIRE DR,,,,26.00,Feet,North,HOBSON PKE,,,,0.00,N,Not at Intersection, ,Non-Junction,None,,,         ,Andre,Williams,Clear,Not Collision with Motor Vehicle in Transport,no,no,no,no,no,False
103262609,METROPOLITAN NASHVILLE POLICE DEPT,20220156515,Davidson,Nashville,4/2/2022 10:24:00 PM,3,2,0,36.130300,-86.837780,HARDING PKE,,,,0.00,,,CHEROKEE RD,,,,0.00,Y,Four-Way,N,Intersection,None,,,         ,Kyle,Lund,Clear,Angle,no,no,no,no,no,False
103262617,METROPOLITAN NASHVILLE POLICE DEPT,20220156198,Davidson,Nashville,4/2/2022 12:00:00 AM,2,0,0,36.052500,-86.684450,TUSCULUM RD,,,,0.00,,,SHIHMEN DR,,,,0.00,Y,T-Intersection,N,Intersection,None,,,         ,Taylor,Blackwelder,Clear,Front to Rear,no,no,no,no,yes,False
103262618,METROPOLITAN NASHVILLE POLICE DEPT,20220156636,Davidson,Nashville,4/2/2022 11:35:00 PM,1,0,0,36.109240,-86.721530,I 24,,,,0.00,,,,,,,53.70,N,Not at Intersection,N,Non-Junction,None,,,         ,Jonathan,Handley,Clear,Not Collision with Motor Vehicle in Transport,no,no,no,no,no,False
103262621,METROPOLITAN NASHVILLE POLICE DEPT,20220156566,Davidson,Nashville,4/2/2022 12:00:00 AM,2,0,0,36.159860,-86.778030,5TH AVS,,,,254.00,Feet,South,BROADWAY,,,,0.00,N,Not at Intersection,N,Non-Junction,None,,,         ,McKenzie,Harper,Clear,"Sideswipe, Same Direction",no,no,no,no,no,False
103262626,METROPOLITAN NASHVILLE POLICE DEPT,20220156712,Davidson,Nashville,4/3/2022 12:03:00 AM,2,0,0,36.168440,-86.780440,3RD AVN,,,,148.00,Feet,South,GAY ST,,,,0.00,N,Not at Intersection, ,,None,,,         ,Gary,Anderson,,,no,no,no,no,no,False
103262630,METROPOLITAN NASHVILLE POLICE DEPT,20220156609,Davidson,Not in City Limit,4/2/2022 10:22:00 PM,2,0,0,36.076890,-86.945220,HIGHWAY 70S,,,,0.00,,,SAWYER BROWN RD,,,,0.00,Y,Four-Way, ,Intersection,None,,,         ,Nicholas,Smith,Clear,Angle,no,no,no,no,no,False
103262631,METROPOLITAN NASHVILLE POLICE DEPT,20220156277,Davidson,Not in City Limit,4/2/2022 7:30:00 PM,2,1,0,36.278920,-86.709010,GALLATIN PKEN,,,,165.00,Feet,South,ONE MILE PKWY,,,,0.00,N,Not at Intersection,N,Non-Junction,None,,,         ,Dylan,Bradley,Clear,Angle,no,no,no,no,yes,False
103262632,METROPOLITAN NASHVILLE POLICE DEPT,20220156361,Davidson,Not in City Limit,4/2/2022 9:00:00 PM,3,2,0,36.264070,-86.690290,STATE RT 45,,,,0.00,,,MYATT DR,,,,0.00,Y,Four-Way,N,Intersection,None,,,         ,Dylan,Bradley,Clear,Angle,no,no,no,no,no,False
103262635,METROPOLITAN NASHVILLE POLICE DEPT,20220156212,Davidson,Nashville,4/2/2022 6:23:00 PM,2,1,0,36.249390,-86.719410,E PALESTINE AV,,,,0.00,Feet,East,GALLATIN PKES,,,,0.00,N,Not at Intersection,N,Non-Junction,None,,,         ,James,Kidd,Clear,Angle,no,no,no,no,no,False
103262636,METROPOLITAN NASHVILLE POLICE DEPT,20220156352,Davidson,Nashville,4/2/2022 8:55:00 PM,2,0,0,36.231080,-86.772080,CREEKWOOD DR,,,,118.00,Feet,East,BRICKDALE LN,,,,0.00,N,Not at Intersection, ,Non-Junction,None,,,         ,James,Kidd,Clear,Front to Rear,no,no,no,no,yes,False
103262642,METROPOLITAN NASHVILLE POLICE DEPT,20220156576,Davidson,Nashville,4/2/2022 10:55:00 PM,2,0,0,36.156870,-86.780840,8TH AVS,,,,0.00,,,DEMONBREUN ST,,,,0.00,Y,Four-Way, ,,None,,,         ,Kevin,Steiner,,,no,no,no,no,no,False
103262659,METROPOLITAN NASHVILLE POLICE DEPT,20220156489,Davidson,Nashville,4/2/2022 10:11:00 PM,2,0,0,36.076690,-86.681920,ANTIOCH PKE,,,,99.00,Feet,South,LUNA DR,,,,0.00,N,Not at Intersection,N,Non-Junction,None,,,         ,Sullivan,Souksanh,Clear,Angle,no,no,no,no,no,False
103262663,METROPOLITAN NASHVILLE POLICE DEPT,20220156602,Davidson,Nashville,4/2/2022 11:07:00 PM,2,1,0,36.044860,-86.668380,BEECHWOOD TER,,,,3.00,Feet,North,ARBOR COMMON,,,,0.00,N,Not at Intersection,N,Non-Junction,None,,,         ,Gregory,Rdzok,Clear,Front to Rear,no,no,no,no,no,False
103262691,METROPOLITAN NASHVILLE POLICE DEPT,20220156840,Davidson,Nashville,4/3/2022 1:46:00 AM,3,3,0,36.135600,-86.823050,WEST END AV,,,,182.00,Feet,East,I440 WEST END AV ENT RAMP,,,,0.00,N,Not at Intersection,N,Non-Junction,None,,,         ,Nicholas,Smith,Clear,HeadOn,no,no,no,no,no,False
103262705,METROPOLITAN NASHVILLE POLICE DEPT,20220156807,Davidson,Nashville,4/3/2022 12:00:00 AM,2,2,0,36.234650,-86.785050,I 24,,,,0.00,,,,,,,43.70,N,Not at Intersection,N,Non-Junction,None,,,         ,John,Robish,Clear,"Sideswipe, Same Direction",no,no,no,no,no,False
103262727,METROPOLITAN NASHVILLE POLICE DEPT,20220157007,Davidson,Nashville,4/3/2022 5:01:00 AM,1,0,0,36.047410,-86.863120,OLD HICKORY BLVD,,,,119.00,Feet,West,HILLSBORO PKE,,,,0.00,N,Not at Intersection, ,Non-Junction,None,,,         ,Kyle,Lund,Clear,Not Collision with Motor Vehicle in Transport,no,no,no,no,no,False
103262741,METROPOLITAN NASHVILLE POLICE DEPT,20220156831,Davidson,Nashville,4/3/2022 1:24:00 AM,1,0,0,36.107550,-86.719780,I24 W EXT RAMP,,,,0.00,,,I 24,,,,0.00,Y,T-Intersection,N,Entrance/Exit Ramp Related,None,,,         ,Autumn,Manning,Clear,Not Collision with Motor Vehicle in Transport,no,no,no,no,no,False
103262748,METROPOLITAN NASHVILLE POLICE DEPT,20220157046,Davidson,Nashville,4/3/2022 12:00:00 AM,2,0,0,36.201040,-86.617940,LEBANON PKE,,,,88.00,Feet,South,TYLER DR,,,,0.00,N,Not at Intersection,N,Non-Junction,None,,,         ,Jacob,Snyder,Cloudy,Angle,no,no,no,yes,yes,False
103262754,METROPOLITAN NASHVILLE POLICE DEPT,20220156740,Davidson,Nashville,4/3/2022 12:34:00 AM,1,0,0,36.110020,-86.744740,NOLENSVILLE PKE,,,,64.00,Feet,South,COLLIER AV,,,,0.00,N,Not at Intersection,N,Non-Junction,None,,,         ,Mitchell,Cook,Cloudy,Not Collision with Motor Vehicle in Transport,no,no,no,no,no,False
103262755,METROPOLITAN NASHVILLE POLICE DEPT,20220157052,Davidson,Nashville,4/3/2022 5:27:00 AM,1,1,0,36.213810,-86.799990,WHITES CREEK PKE,,,,4.00,Feet,North,FRANCES ST,,,,0.00,N,Not at Intersection,N,Non-Junction,None,,,         ,Nathan,Sizemore,Clear,Not Collision with Motor Vehicle in Transport,no,no,no,no,no,False
103262766,METROPOLITAN NASHVILLE POLICE DEPT,20220156974,Davidson,Nashville,4/3/2022 3:50:00 AM,2,1,0,36.123200,-86.696500,VENUS DR,,,,7.00,Feet,West,BRILEY PKWY,,,,0.00,N,Not at Intersection,N,Non-Junction,None,,,         ,Christopher,Gooding,Clear,Angle,no,no,no,no,no,False
103262794,METROPOLITAN NASHVILLE POLICE DEPT,20220157154,Davidson,Not in City Limit,4/3/2022 6:35:00 AM,2,0,0,36.277030,-86.751580,DICKERSON PKE,,,,243.00,Feet,South,HUNTERS LN,,,,0.00,N,Not at Intersection, ,,None,,,         ,Michael,Foster,,,no,no,no,yes,no,False
103262816,METROPOLITAN NASHVILLE POLICE DEPT,20220157254,Davidson,Nashville,4/3/2022 9:45:00 AM,2,0,0,36.119730,-86.787280,LEALAND LN,,,,0.00,,,10TH AVS,,,,0.00,Y,Four-Way,N,Intersection,None,,,         ,Travis,Pemberton,Clear,Angle,no,no,no,no,no,False
103262832,METROPOLITAN NASHVILLE POLICE DEPT,20220157126,Davidson,Nashville,4/3/2022 7:35:00 AM,2,0,0,36.061989,-86.615122,BACKSTRETCH,BLVD,,,20.00,Feet,North,SECRETARIAT,DR,,,0.00,N,Not at Intersection,N,Non-Junction,None,,,         ,David,Rehm,Clear,"Sideswipe, Same Direction",no,no,no,no,no,False
103262844,GOODLETTSVILLE POLICE DEPT,22-09947,Davidson,Goodlettsville,4/2/2022 10:36:00 AM,2,0,0,36.307240,-86.705150,I 65,,,,0.00,,,,,,,95.75,N,Not at Intersection, ,Non-Junction,None,,,         ,Alexander,Bardill,Clear,Front to Rear,no,no,no,no,no,False
103262848,METROPOLITAN NASHVILLE POLICE DEPT,20220157216,Davidson,Nashville,4/3/2022 9:13:00 AM,2,1,0,36.238810,-86.723860,GALLATIN PKES,,,,0.00,Feet,,WALTON LN,,,,0.00,Y,T-Intersection,Y,Intersection,None,,,         ,Melina,Tamborella,Clear,Front to Rear,no,no,no,no,yes,False
103262852,METROPOLITAN NASHVILLE POLICE DEPT,20220157218,Davidson,Nashville,4/3/2022 9:00:00 AM,2,0,0,36.158410,-86.790610,GEORGE L DAVIS BLVD,,,,0.00,,,CHURCH ST,,,,0.00,Y,Four-Way,N,Intersection,None,,,         ,Henry,Perez,Clear,Angle,no,no,no,no,no,False
103262860,METROPOLITAN NASHVILLE POLICE DEPT,20220157157,Davidson,Nashville,4/3/2022 8:05:00 AM,2,2,0,36.255010,-86.715230,MADISON BLVD,,,,0.00,,,GALLATIN PKES,,,,0.00,Y,Four-Way,N,Intersection,None,,,         ,Nicholas,Carter,Clear,Angle,no,no,no,no,no,False
103262873,METROPOLITAN NASHVILLE POLICE DEPT,20220157309,Davidson,Nashville,4/3/2022 10:42:00 AM,2,0,0,36.193950,-86.831690,CLARKSVILLE PKE,,,,176.00,Feet,West,BUENA VISTA PKE,,,,0.00,N,Not at Intersection,N,Non-Junction,None,,,         ,Zachary,Akers,Clear,Unknown,no,no,no,no,yes,False
103262874,METROPOLITAN NASHVILLE POLICE DEPT,20220157242,Davidson,Nashville,4/3/2022 12:00:00 AM,1,0,0,36.101470,-86.663780,MURFREESBORO PKE,,,,813.00,Feet,North,LADYBIRD DR,,,,0.00,N,Not at Intersection,N,Non-Junction,None,,,         ,Clayton,Smith,Clear,Not Collision with Motor Vehicle in Transport,no,no,no,no,no,False
103262953,METROPOLITAN NASHVILLE POLICE DEPT,20220157378,Davidson,Nashville,4/3/2022 11:45:00 AM,2,0,0,36.164340,-86.786620,ROSA L PARKS BLVD,,,,159.00,Feet,North,CHARLOTTE AV,,,,0.00,N,Not at Intersection, ,Non-Junction,None,,,         ,Henry,Perez,Clear,"Sideswipe, Same Direction",no,no,no,no,yes,False
103262966,METROPOLITAN NASHVILLE POLICE DEPT,20220157193,Davidson,Not in City Limit,4/3/2022 8:45:00 AM,2,0,0,36.069840,-86.933490,COLICE JEANNE RD,,,,242.00,Feet,North,BAUGH RD,,,,0.00,N,Not at Intersection,N,Non-Junction,None,,,         ,Jack,Crouch,Clear,"Sideswipe, Opposite Direction",no,no,no,no,no,False
103262980,METROPOLITAN NASHVILLE POLICE DEPT,20220157396,Davidson,Nashville,4/3/2022 1:21:00 PM,2,0,0,36.161540,-86.775970,3RD AVS,,,,0.00,,,BROADWAY,,,,0.00,Y,Four-Way, ,,None,,,         ,Michael,Douglas,,,no,no,no,no,no,False
103263009,METROPOLITAN NASHVILLE POLICE DEPT,20220157294,Davidson,Nashville,4/3/2022 11:30:00 AM,3,0,0,36.156720,-86.787170,BROADWAY,,,,105.00,Feet,East,12TH AVS,,,,0.00,N,Not at Intersection, ,,None,,,         ,Hunter,Hodge,,,no,no,no,no,no,False
103263010,METROPOLITAN NASHVILLE POLICE DEPT,20220157416,Davidson,Nashville,4/3/2022 1:07:00 PM,2,0,0,36.064730,-86.628540,HAMILTON CHURCH RD,,,,30.00,Feet,South,MURFREESBORO PKE,,,,0.00,N,Not at Intersection, ,Non-Junction,None,,,         ,Darrin,Hardin,Clear,Angle,no,no,no,no,no,False
103263020,METROPOLITAN NASHVILLE POLICE DEPT,20220157371,Davidson,Nashville,4/3/2022 12:40:00 PM,2,0,0,36.193380,-86.833720,JOHN MALLETTE DR,,,,4.00,Feet,West,COUNTY HOSPITAL RD,,,,0.00,N,Not at Intersection,N,Non-Junction,None,,,         ,Billy,Price,Clear,Angle,no,no,no,no,no,False
103263031,METROPOLITAN NASHVILLE POLICE DEPT,20220157336,Davidson,Nashville,4/3/2022 11:54:00 AM,1,1,0,36.147120,-86.871850,WESTBORO DR,,,,490.00,Feet,North,CHARLOTTE PKE,,,,0.00,N,Not at Intersection,N,Non-Junction,None,,,         ,Jackson,Smythe,Clear,Not Collision with Motor Vehicle in Transport,no,no,no,no,no,False
103263057,METROPOLITAN NASHVILLE POLICE DEPT,20220157406,Davidson,Nashville,4/3/2022 1:34:00 PM,3,0,0,36.166370,-86.764800,I 24,,,,0.00,,,,,,,49.00,N,Not at Intersection,N,Non-Junction,None,,,         ,Scott,Edwards,Clear,Front to Rear,no,no,no,no,no,False
103263059,METROPOLITAN NASHVILLE POLICE DEPT,20220157411,Davidson,Nashville,4/3/2022 12:30:00 PM,2,0,0,36.046080,-86.660720,I24 E EXT RAMP,,,,0.00,,East,I 24,,,,0.00,N,Not at Intersection,N,Non-Junction,None,,,         ,Zachary,Wilbanks,Clear,Angle,no,no,no,no,no,False
103263061,METROPOLITAN NASHVILLE POLICE DEPT,20220157478,Davidson,Nashville,4/3/2022 12:00:00 AM,2,0,0,36.160210,-86.664420,DONELSON PKE,,,,72.00,Feet,South,WOODBERRY DR,,,,0.00,N,Not at Intersection,N,Non-Junction,None,,,         ,Adam,Gartner,Clear,Angle,no,no,no,no,no,False
103263064,METROPOLITAN NASHVILLE POLICE DEPT,20220157240,Davidson,Nashville,4/3/2022 8:30:00 AM,2,0,0,36.142650,-86.683100,I 40,,,,0.00,,,,,,,215.65,N,Not at Intersection, ,Non-Junction,None,,,         ,David,Kmosko,Clear,Front to Rear,no,no,no,no,no,False
103263065,METROPOLITAN NASHVILLE POLICE DEPT,20220157194,Davidson,Nashville,4/3/2022 8:40:00 AM,2,2,0,36.143280,-86.686200,I 40,,,,0.00,,,,,,,215.50,N,Not at Intersection,N,Non-Junction,None,,,         ,David,Kmosko,Clear,Unknown,no,no,no,no,no,False
103263078,METROPOLITAN NASHVILLE POLICE DEPT,20220157479,Davidson,Nashville,4/3/2022 2:59:00 PM,3,1,0,36.139550,-86.881110,ANNEX AV,,,,240.00,Feet,North,CHARLOTTE PKE,,,,0.00,N,Not at Intersection,N,Non-Junction,None,,,         ,Jackson,Smythe,Clear,Angle,no,no,no,no,no,False
103263083,METROPOLITAN NASHVILLE POLICE DEPT,20220157496,Davidson,Nashville,4/3/2022 3:13:00 PM,2,1,0,36.158490,-86.818550,28TH AVN,,,,86.00,Feet,South,CLIFTON AV,,,,0.00,N,Not at Intersection,N,Non-Junction,None,,,         ,Hendrik,Kruger,Clear,Angle,no,no,no,no,yes,False
103263086,METROPOLITAN NASHVILLE POLICE DEPT,20220157582,Davidson,Nashville,4/3/2022 4:00:00 PM,2,0,0,36.137850,-86.802960,BLAKEMORE AV,,,,44.00,Feet,East,23RD AVS,,,,0.00,N,Not at Intersection, ,Non-Junction,None,,,         ,Garrett,Latham,Clear,Front to Rear,no,no,no,no,no,Campus
103263112,METROPOLITAN NASHVILLE POLICE DEPT,20220157603,Davidson,Nashville,4/3/2022 12:00:00 AM,2,0,0,36.230530,-86.768730,LARKSPUR DR,,,,3.00,Feet,North,EWING DR,,,,0.00,N,Not at Intersection,N,Non-Junction,None,,,         ,Justen,Ogle,Clear,Angle,no,no,no,no,no,False
103263126,METROPOLITAN NASHVILLE POLICE DEPT,20220157628,Davidson,Nashville,4/3/2022 4:47:00 PM,2,1,0,36.040900,-86.779380,STONE BROOK DR,,,,0.00,,,OLD HICKORY BLVD,,,,0.00,Y,Four-Way,N,Intersection,None,,,         ,Jacob,Robbins,Clear,Angle,no,no,no,no,no,False
103263153,METROPOLITAN NASHVILLE POLICE DEPT,20220157663,Davidson,Not in City Limit,4/3/2022 3:49:00 PM,2,0,0,36.262210,-86.712210,GALLATIN PKES,,,,0.00,Feet,East,E OLD HICKORY BLVD,,,,0.00,N,Not at Intersection, ,Non-Junction,None,,,         ,Brandon,Lopez,Clear,Angle,no,no,no,no,no,False
103263155,METROPOLITAN NASHVILLE POLICE DEPT,20220157707,Davidson,Nashville,4/3/2022 5:40:00 PM,2,1,0,36.179620,-86.789220,4TH AVN,,,,97.00,Feet,South,VAN BUREN ST,,,,0.00,N,Not at Intersection,N,Non-Junction,None,,,         ,Dylan,Ramos,Clear,Front to Rear,no,no,no,no,yes,False
103263160,METROPOLITAN NASHVILLE POLICE DEPT,20220157725,Davidson,Nashville,4/3/2022 6:10:00 PM,2,0,0,36.183820,-86.807560,12TH AVN,,,,3.00,Feet,North,CLAY ST,,,,0.00,N,Not at Intersection,N,Non-Junction,None,,,         ,Jackson,Sanders,Clear,Angle,no,no,no,no,yes,False
103263173,METROPOLITAN NASHVILLE POLICE DEPT,20220157732,Davidson,Nashville,4/3/2022 6:17:00 PM,2,0,0,36.182710,-86.811870,CLAY ST,,,,124.00,Feet,East,DR D B TODD JR BLVD,,,,0.00,N,Not at Intersection,N,Non-Junction,None,,,         ,Hendrik,Kruger,Clear,Angle,no,no,no,yes,yes,False
103263178,METROPOLITAN NASHVILLE POLICE DEPT,20220157584,Davidson,Nashville,4/3/2022 4:13:00 PM,1,2,0,36.086250,-86.648260,MURFREESBORO PKE,,,,271.00,Feet,South,UNA ANTIOCH PKE,,,,0.00,N,Not at Intersection,N,Non-Junction,None,,,         ,Andre,Williams,Clear,Not Collision with Motor Vehicle in Transport,no,no,no,no,no,False
103263181,METROPOLITAN NASHVILLE POLICE DEPT,20220157770,Davidson,Nashville,4/3/2022 6:54:00 PM,2,0,0,36.084270,-86.705540,HARDING PL,,,,108.00,Feet,East,LINBAR DR,,,,0.00,N,Not at Intersection,N,Non-Junction,None,,,         ,Gary,Anderson,Clear,Front to Rear,no,no,no,no,yes,False
103263190,METROPOLITAN NASHVILLE POLICE DEPT,20220157684,Davidson,Nashville,4/3/2022 12:00:00 AM,2,0,0,36.215400,-86.588510,TULIP GROVE RD,,,,0.00,,,BIG HORN DR,,,,0.00,Y,Four-Way, ,Non-Junction,None,,,         ,Keenan,McCann,Clear,Front to Rear,no,no,no,no,no,False
103263199,METROPOLITAN NASHVILLE POLICE DEPT,20220157235,Davidson,Nashville,4/3/2022 9:32:00 AM,2,2,0,36.109490,-86.922500,OLD HICKORY BLVD,,,,124.00,Feet,South,SONYA DR,,,,0.00,N,Not at Intersection,N,Non-Junction,None,,,         ,Jonathan,Phipps,Clear,Front to Rear,no,no,no,no,no,False
103263217,METROPOLITAN NASHVILLE POLICE DEPT,20220157610,Davidson,Nashville,4/3/2022 4:24:00 PM,1,0,0,36.154280,-86.759440,I 40,,,,0.00,,,,,,,211.00,N,Not at Intersection,N,Unknown,None,,,         ,William,Boler,Clear,Unknown,no,no,no,no,yes,False
103263251,METROPOLITAN NASHVILLE POLICE DEPT,20220157714,Davidson,Nashville,4/3/2022 5:54:00 PM,3,2,0,36.151170,-86.853630,CHARLOTTE AV,,,,6.00,Feet,West,54TH AVN,,,,0.00,N,Not at Intersection,N,Non-Junction,None,,,         ,Blake,Langford,Clear,Front to Rear,no,no,no,no,no,False
103263253,METROPOLITAN NASHVILLE POLICE DEPT,20220157859,Davidson,Nashville,4/3/2022 8:16:00 PM,2,0,0,36.155480,-86.765800,ACADEMY PL,,,,0.00,,,HERMITAGE AV,,,,0.00,Y,Four-Way,N,Intersection,None,,,         ,Kency,Le,Clear,Angle,no,no,no,no,yes,False
103263273,METROPOLITAN NASHVILLE POLICE DEPT,20220157839,Davidson,Nashville,4/3/2022 7:50:00 PM,2,0,0,36.171150,-86.679590,MCGAVOCK PKE,,,,163.00,Feet,South,PARK DR,,,,0.00,N,Not at Intersection,N,Non-Junction,None,,,         ,Dylan,Colquhoun,Clear,Front to Rear,no,no,no,no,yes,False
103263275,METROPOLITAN NASHVILLE POLICE DEPT,20220157920,Davidson,Nashville,4/3/2022 9:03:00 PM,3,1,0,36.034150,-86.642360,I 24,,,,0.00,,,,,,,60.60,N,Not at Intersection,N,Non-Junction,None,,,         ,Jerre,Fly,Clear,Front to Rear,no,no,no,no,yes,False
103263295,METROPOLITAN NASHVILLE POLICE DEPT,20220157763,Davidson,Nashville,4/3/2022 12:00:00 AM,2,0,0,36.052240,-86.653190,MT VIEW RD,,,,0.00,,,RURAL HILL RD,,,,0.00,Y,Four-Way,N,Intersection,None,,,         ,Steven,Bowler,Clear,Angle,no,no,no,no,yes,False
103263301,METROPOLITAN NASHVILLE POLICE DEPT,20220157868,Davidson,Nashville,4/3/2022 8:25:00 PM,2,2,0,36.162600,-86.819510,I40 E ENT RAMP,,,,0.00,Feet,East,I 40,,,,0.00,N,Not at Intersection,N,Non-Junction,None,,,         ,Hendrik,Kruger,Clear,Front to Rear,no,no,no,no,no,False
103263305,METROPOLITAN NASHVILLE POLICE DEPT,20220157789,Davidson,Nashville,4/3/2022 6:36:00 PM,2,0,0,36.180230,-86.810620,BUCHANAN ST,,,,0.00,,,,,,,0.00,,,N,Non-Junction,None,,,         ,Kaitlyn,Powell,Clear,Front to Rear,no,no,no,yes,yes,False
103263307,METROPOLITAN NASHVILLE POLICE DEPT,20220157940,Davidson,Old Hickory,4/3/2022 9:10:00 PM,2,2,0,36.252610,-86.647940,OLD HICKORY BLVD,,,,0.00,,,HADLEY AV,,,,0.00,Y,T-Intersection,N,Intersection,None,,,         ,Nelson,Hemingway,,Angle,no,no,no,no,no,False
103263314,METROPOLITAN NASHVILLE POLICE DEPT,20220157968,Davidson,Nashville,4/3/2022 9:25:00 PM,3,1,0,36.150150,-86.857950,CHARLOTTE PKE,,,,0.00,,,WHITE BRIDGE PKE,,,,0.00,Y,Four-Way,N,Intersection,None,,,         ,William,Vanbergen,Clear,Angle,no,no,no,no,yes,False
103263317,METROPOLITAN NASHVILLE POLICE DEPT,20220157855,Davidson,Nashville,4/3/2022 8:15:00 PM,1,0,0,36.089290,-86.708080,DONNA KAY DR,,,,14.00,Feet,North,SCOTWOOD DR,,,,0.00,N,Not at Intersection,N,Non-Junction,None,,,         ,Andre,Williams,Clear,Not Collision with Motor Vehicle in Transport,no,no,no,no,no,False
103263323,METROPOLITAN NASHVILLE POLICE DEPT,20220157578,Davidson,Nashville,4/3/2022 4:08:00 PM,2,0,0,36.201590,-86.706570,COOPER LN,,,,0.00,,,SANDY DR,,,,0.00,Y,T-Intersection, ,Intersection-Related,None,,,         ,Zachary,Triano,Clear,Angle,no,no,no,no,no,False
103263339,METROPOLITAN NASHVILLE POLICE DEPT,20220158120,Davidson,Nashville,4/3/2022 11:07:00 PM,2,0,0,36.043890,-86.693220,BELL RD,,,,28.00,Feet,East,BROOK VIEW ESTATES DR,,,,0.00,N,Not at Intersection, ,,None,,,         ,John,McDonnell,,,no,no,no,yes,no,False
103263343,METROPOLITAN NASHVILLE POLICE DEPT,20220158114,Davidson,Nashville,4/3/2022 8:11:00 PM,2,0,0,36.079570,-86.726310,NOLENSVILLE PKE,,,,12.00,Feet,South,HARDING PL,,,,0.00,N,Not at Intersection,N,Non-Junction,None,,,         ,Garrett,Reingardt,Clear,Angle,no,no,no,no,yes,False
103263344,METROPOLITAN NASHVILLE POLICE DEPT,20220158084,Davidson,Not in City Limit,4/3/2022 10:40:00 PM,2,2,0,36.058550,-86.945070,OLD HARDING PKE,,,,284.00,Feet,South,HARPETH RIV MORTON MILL GRNWY,,,,0.00,N,Not at Intersection,N,Non-Junction,None,,,         ,Jared,Dick,Clear,Front to Rear,no,no,no,no,no,False
103263349,METROPOLITAN NASHVILLE POLICE DEPT,20220157849,Davidson,Nashville,4/3/2022 8:05:00 PM,2,0,0,36.219760,-86.693350,BRILEY PKWYS,,,,31.00,Feet,South,BRILEY PKWY S EXT RAMP,,,,0.00,N,Not at Intersection,N,Non-Junction,None,,,         ,Dylan,Colquhoun,Clear,Angle,no,no,no,no,no,False
103263357,METROPOLITAN NASHVILLE POLICE DEPT,20220157549,Davidson,Nashville,4/3/2022 3:49:00 PM,2,1,0,36.157760,-86.845000,48TH AVN,,,,0.00,,,ILLINOIS AV,,,,0.00,Y,Four-Way,N,Intersection,None,,,         ,Steven,Begley,Clear,Angle,no,no,no,no,no,False
103263371,METROPOLITAN NASHVILLE POLICE DEPT,20220158169,Davidson,Nashville,4/3/2022 11:38:00 PM,2,0,0,36.169910,-86.808190,I 40,,,,0.00,,,,,,,207.20,N,Not at Intersection,N,Non-Junction,None,,,         ,Brian,DeMarce,Clear,Front to Rear,no,no,no,no,no,False
103263372,METROPOLITAN NASHVILLE POLICE DEPT,20220157989,Davidson,Nashville,4/3/2022 9:28:00 PM,1,1,0,36.165030,-86.693090,CRAIGMEADE CIR,,,,265.00,Feet,West,CRAIGMEADE DR,,,,0.00,N,Not at Intersection,N,Non-Junction,None,,,         ,William,Boler,Clear,Not Collision with Motor Vehicle in Transport,no,no,no,no,no,False
103263373,METROPOLITAN NASHVILLE POLICE DEPT,20220158065,Davidson,Nashville,4/3/2022 7:50:00 PM,2,0,0,36.155910,-86.774340,PEABODY ST,,,,153.00,Feet,West,4TH AVS,,,,0.00,N,Not at Intersection,N,OtherLocation,None,,,         ,Blake,Lutz,Clear,Rear to Rear,no,no,no,yes,yes,False
103263374,METROPOLITAN NASHVILLE POLICE DEPT,20220158117,Davidson,Nashville,4/3/2022 11:04:00 PM,2,1,0,36.150480,-86.770350,4TH AVS,,,,0.00,,,I40 E EXT RAMP,,,,0.00,Y,Four-Way,Y,Intersection,None,,,         ,Blake,Lutz,Clear,Angle,no,no,no,no,yes,False
103263375,METROPOLITAN NASHVILLE POLICE DEPT,20220157668,Davidson,Nashville,4/3/2022 5:20:00 PM,2,1,0,36.082730,-86.730200,WELSHWOOD DR,,,,627.00,Feet,East,CORNING DR,,,,0.00,N,Not at Intersection,N,Non-Junction,None,,,         ,Dylan,Chambers,Clear,Angle,no,no,no,no,no,False
103263380,METROPOLITAN NASHVILLE POLICE DEPT,20220157876,Davidson,Nashville,4/3/2022 8:30:00 PM,3,3,0,36.060380,-86.680290,I 24,,,,0.00,,,,,,,57.80,N,Not at Intersection,N,Non-Junction,None,,,         ,Adam,Kauffman,Clear,Front to Rear,no,no,no,no,no,False
103263400,METROPOLITAN NASHVILLE POLICE DEPT,20220158330,Davidson,Nashville,4/4/2022 1:35:00 AM,2,0,0,36.219840,-86.774350,I 65,,,,0.00,,,,,,,88.25,N,Not at Intersection,N,Non-Junction,None,,,         ,Kristopher,Sutton,Clear,Front to Rear,no,no,no,no,yes,False