master_record_number,agency,agency_tracking_number,county,city,collision_date,vehicles_involved,number_injured,number_dead,latitude,longitude,roadway_name,roadway_suffix,roadway_number,roadway_local_id,distance_from_reference,miles-feet_indicator,direction_from_reference,intersection_road_name,intersection_road_name_suffix,intersection_road_number,intersection_local_id,mile_marker,intersection_indicator,intersect_type,interchange_related_indicator,relation_to_junction,work_zone_type,construction_maintenance_zone,construction_maintenance_zone_location,fatal_case_number,officer_first_name,officer_last_name,weather_condition(s),manner_of_crash,pedestrian,bicycle,scooter,parking,hitrun,mou
103267032,METROPOLITAN NASHVILLE POLICE DEPT,20220166206,Davidson,Nashville,4/7/2022 4:26:00 PM,2,0,0,36.191880,-86.828310,CLARKSVILLE PKE,,,,272.00,Feet,East,CLIFF DR,,,,0.00,N,Not at Intersection, ,Non-Junction,None,,,         ,Alec,Pellissier,Cloudy,Angle,no,no,no,no,no,False
103267035,METROPOLITAN NASHVILLE POLICE DEPT,20220163957,Davidson,Nashville,4/6/2022 4:51:00 PM,2,3,0,36.163480,-86.824800,ALBION ST,,,,0.00,,,32ND AVN,,,,0.00,Y,Four-Way,N,Intersection,None,,,         ,Anna,Clayton,Rain,Unknown,no,no,no,no,no,False
103267098,METROPOLITAN NASHVILLE POLICE DEPT,20220166640,Davidson,Nashville,4/7/2022 4:00:00 PM,2,0,0,36.112050,-86.630250,BELL RD,,,,0.00,,,COUCHVILLE PKE,,,,0.00,Y,T-Intersection,N,Intersection-Related,None,,,         ,Ryan,Thomas,Clear,Front to Rear,no,no,no,no,yes,False
103267124,METROPOLITAN NASHVILLE POLICE DEPT,20220165455,Davidson,Nashville,4/7/2022 9:34:00 AM,2,0,0,36.142620,-86.681710,I 40,,,,0.00,,,,,,,215.70,N,Not at Intersection, ,Non-Junction,None,,,         ,Alex,Moore,Clear,Front to Rear,no,no,no,no,no,False
103267126,METROPOLITAN NASHVILLE POLICE DEPT,20220166709,Davidson,Nashville,4/7/2022 9:50:00 PM,2,1,0,36.071600,-86.691050,I 24,,,,0.00,,,,,,,56.80,N,Not at Intersection,N,Entrance/Exit Ramp Related,Construction Zone,Lane Shift-Crossover,Transition Area,         ,Kurt,Lewton,Clear,Front to Rear,no,no,no,no,no,False
103267130,METROPOLITAN NASHVILLE POLICE DEPT,20220166270,Davidson,Nashville,4/7/2022 3:49:00 PM,2,0,0,36.208260,-86.767380,DICKERSON PKE,,,,11.00,Feet,North,GRIZZARD AV,,,,0.00,N,Not at Intersection,N,Non-Junction,None,,,         ,Zachary,Carter,Clear,"Sideswipe, Opposite Direction",no,no,no,no,yes,False
103267132,METROPOLITAN NASHVILLE POLICE DEPT,20220166734,Davidson,Goodlettsville,4/7/2022 8:33:00 PM,2,0,0,36.300780,-86.694830,RIVERGATE MALL PVTDR,,,,4.00,Feet,North,SHEPHERD HILLS DR,,,,0.00,N,Not at Intersection, ,Non-Junction,None,,,         ,Wesley,Carver,Cloudy,Front to Rear,no,no,no,no,yes,False
103267139,METROPOLITAN NASHVILLE POLICE DEPT,20220166753,Davidson,Nashville,4/7/2022 8:23:00 PM,2,0,0,36.186050,-86.798300,I65 S EXT RAMP,,,,0.00,,,I 65,,,,0.00,Y,T-Intersection, ,,None,,,         ,Martin,Brown,,,no,no,no,no,no,False
103267140,METROPOLITAN NASHVILLE POLICE DEPT,20220166391,Davidson,Nashville,4/7/2022 5:19:00 PM,2,1,0,36.186930,-86.860770,COUNTY HOSPITAL RD,,,,28.00,Feet,East,BRILEY PKWY N EXT RAMP,,,,0.00,N,Not at Intersection,N,Entrance/Exit Ramp Related,None,,,         ,Michael,Intrieri,Clear,"Sideswipe, Same Direction",no,no,no,no,no,False
103267141,VANDERBILT UNIVERSITY POLICE,20220166652,Davidson,Nashville,4/7/2022 8:55:00 PM,1,0,0,36.141910,-86.805830,25TH AVS,,,,0.00,,,,,,,0.00,,, ,Non-Junction,None,,,         ,Edwin,Melgar,,Not Collision with Motor Vehicle in Transport,no,no,no,yes,no,Campus
103267144,METROPOLITAN NASHVILLE POLICE DEPT,20220166883,Davidson,Nashville,4/7/2022 11:20:00 PM,2,0,0,36.167150,-86.779610,3RD AVN,,,,0.00,,,JAMES ROBERTSON PKWY,,,,0.00,Y,Four-Way,N,Intersection,None,,,         ,Damon,Hutcheson,Cloudy,Angle,no,no,no,no,no,False
103267145,METROPOLITAN NASHVILLE POLICE DEPT,20220166541,Davidson,Nashville,4/7/2022 8:38:00 PM,2,0,0,36.064900,-86.688510,VILLAS OF BAVARIA PVTDR,,,,364.00,Feet,North,APACHE TRL,,,,0.00,N,Not at Intersection,N,Non-Junction,None,,,         ,Megan,Arnett,Rain,Angle,no,no,no,yes,no,False
103267148,METROPOLITAN NASHVILLE POLICE DEPT,20220167000,Davidson,Nashville,4/7/2022 10:23:00 PM,2,0,0,36.067560,-86.631410,MURFREESBORO PKE,,,,71.00,Feet,North,FOREST VIEW DR,,,,0.00,N,Not at Intersection,N,Non-Junction,None,,,         ,Jeffrey,Palomino-Gonzalez,Clear,"Sideswipe, Same Direction",no,no,no,no,yes,False
103267149,METROPOLITAN NASHVILLE POLICE DEPT,20220167020,Davidson,Nashville,4/8/2022 12:13:00 AM,1,0,0,36.038560,-86.724290,WOODLANDS TRC,,,,83.00,Feet,West,WOODLANDS AV,,,,0.00,N,Not at Intersection,N,Non-Junction,None,,,         ,Dillon,Deleacaes,Clear,Not Collision with Motor Vehicle in Transport,no,no,no,no,yes,False
103267159,METROPOLITAN NASHVILLE POLICE DEPT,20220167088,Davidson,Antioch,4/8/2022 1:00:00 AM,2,0,0,36.017160,-86.623840,I 24,,,,0.00,,,,,,,62.30,N,Not at Intersection,N,Non-Junction,None,,,         ,Douglas,Meringer,Clear,Front to Rear,no,no,no,no,yes,False
103267169,METROPOLITAN NASHVILLE POLICE DEPT,20220167077,Davidson,Nashville,4/8/2022 12:58:00 AM,2,0,0,36.156260,-86.787270,12TH AVS,,,,134.00,Feet,South,BROADWAY,,,,0.00,N,Not at Intersection, ,Non-Junction,None,,,         ,Tre,Marlowe,Clear,Front to Rear,no,no,no,yes,no,False
103267235,METROPOLITAN NASHVILLE POLICE DEPT,2022-0162988,Davidson,Nashville,4/6/2022 12:00:00 AM,2,0,0,36.168170,-86.690170,BRILEY PKWY S EXT RAMP,,,,0.00,Feet,,LEBANON PKE,,,,0.00,Y,Four-Way,Y,Entrance/Exit Ramp Related,None,,,         ,Frank,Walker,Clear,Front to Rear,no,no,no,no,no,False
103267236,METROPOLITAN NASHVILLE POLICE DEPT,20220166916,Davidson,Nashville,4/7/2022 9:32:00 PM,2,0,0,36.154920,-86.627200,I40 E EXT RAMP,,,,0.00,,,I 40,,,,0.00,Y,Four-Way, ,Entrance/Exit Ramp Related,None,,,         ,Bridget,Griepentrog,Clear,Front to Rear,no,no,no,no,no,False
103267269,METROPOLITAN NASHVILLE POLICE DEPT,20220167404,Davidson,Not in City Limit,4/8/2022 6:50:00 AM,2,0,0,36.076860,-87.027900,I 40,,,,0.00,,,,,,,192.10,N,Not at Intersection,N,Non-Junction,None,,,         ,Jackson,Smythe,Clear,Front to Rear,no,no,no,no,no,False
103267300,METROPOLITAN NASHVILLE POLICE DEPT,20220167531,Davidson,Nashville,4/8/2022 8:00:00 AM,2,0,0,36.068710,-86.687680,I24 W ENT RAMP,,,,0.00,Feet,East,I 24,,,,0.00,N,Not at Intersection, ,Non-Junction,None,,,         ,Tyler,Jordan,Cloudy,Front to Rear,no,no,no,no,no,False
103267308,METROPOLITAN NASHVILLE POLICE DEPT,20220167485,Davidson,Nashville,4/8/2022 7:28:00 AM,1,0,0,36.174840,-86.771090,I 24,,,,0.00,,,,,,,48.05,N,Not at Intersection,N,Non-Junction,None,,,         ,Jason,Milyaro Lucas,Cloudy,Not Collision with Motor Vehicle in Transport,no,no,no,no,no,False
103267319,METROPOLITAN NASHVILLE POLICE DEPT,20220167509,Davidson,Nashville,4/8/2022 7:20:00 AM,2,0,0,36.149120,-86.773980,I 40,,,,0.00,,,,,,,210.10,N,Not at Intersection, ,Entrance/Exit Ramp Related,None,,,         ,Scott,St. John,Cloudy,"Sideswipe, Same Direction",no,no,no,no,yes,False
103267326,METROPOLITAN NASHVILLE POLICE DEPT,20220167566,Davidson,Not in City Limit,4/8/2022 8:24:00 AM,1,0,0,36.010900,-86.665440,PETTUS RD,,,,3.00,Feet,North,OLD HICKORY BLVD,,,,0.00,N,Not at Intersection,N,Non-Junction,None,,,         ,Darrin,Hardin,Cloudy,Not Collision with Motor Vehicle in Transport,no,no,no,no,no,False
103267328,METROPOLITAN NASHVILLE POLICE DEPT,20220167540,Davidson,Nashville,4/8/2022 8:00:00 AM,2,0,0,36.214770,-86.775440,I 65,,,,0.00,,,,,,,87.90,N,Not at Intersection,N,Non-Junction,None,,,         ,Chase,Harriman,Cloudy,"Sideswipe, Same Direction",no,no,no,no,no,False
103267332,METROPOLITAN NASHVILLE POLICE DEPT,20220167458,Davidson,Nashville,4/8/2022 7:21:00 AM,2,1,0,36.044850,-86.668370,ARBOR COMMON,,,,0.00,,,BEECHWOOD TER,,,,0.00,Y,T-Intersection,N,Non-Junction,None,,,         ,Steven,Williams,Clear,Angle,no,no,no,no,no,False
103267333,METROPOLITAN NASHVILLE POLICE DEPT,20220167577,Davidson,Nashville,4/8/2022 8:30:00 AM,2,2,0,36.206080,-86.771100,W TRINITY LN,,,,0.00,,,LUCAS LN,,,,0.00,Y,T-Intersection,N,Intersection-Related,None,,,         ,Ryan,Papp,Rain,Other,no,no,no,no,no,False
103267342,GOODLETTSVILLE POLICE DEPT,22-10623,Davidson,Goodlettsville,4/8/2022 9:27:00 AM,2,0,0,36.315490,-86.713510,RIVERGATE PKWY,,,,0.00,,,S MAIN ST,,,,0.00,Y,T-Intersection, ,Intersection-Related,None,,,         ,Rico,Jones,Cloudy,Front to Rear,no,no,no,no,no,False
103267347,METROPOLITAN NASHVILLE POLICE DEPT,20220167629,Davidson,Nashville,4/8/2022 8:02:00 AM,2,0,0,36.140770,-86.720010,I 40,,,,0.00,,,,,,,213.35,N,Not at Intersection, ,Non-Junction,None,,,         ,Cameron,Fritschie,Cloudy,Front to Rear,no,no,no,no,no,False
103267363,METROPOLITAN NASHVILLE POLICE DEPT,20220167741,Davidson,Nashville,4/8/2022 9:28:00 AM,2,0,0,36.160770,-86.793690,14TH AVN,,,,3.00,Feet,North,CHARLOTTE AV,,,,0.00,N,Not at Intersection, ,,None,,,         ,D’Mitri,Mackall,,,no,no,no,no,no,False
103267382,METROPOLITAN NASHVILLE POLICE DEPT,20220167811,Davidson,Not in City Limit,4/8/2022 12:00:00 AM,2,0,0,36.266530,-86.690110,N DUPONT AV,,,,0.00,,,MYATT DR,,,,0.00,Y,Four-Way,N,Intersection-Related,None,,,         ,Wesley,Mcclelland,"Cloudy, Rain",Angle,no,no,no,no,yes,False
103267393,METROPOLITAN NASHVILLE POLICE DEPT,20220167560,Davidson,Nashville,4/8/2022 8:25:00 AM,3,2,0,36.146340,-86.763370,1ST AVS,,,,0.00,Feet,,CHESTNUT ST,,,,0.00,Y,Four-Way,Y,Intersection,None,,,         ,David,Rehm,Cloudy,Angle,no,no,no,no,no,False
103267414,METROPOLITAN NASHVILLE POLICE DEPT,20220167880,Davidson,Nashville,4/8/2022 11:47:00 AM,1,0,0,36.056040,-86.675490,I 24,,,,0.00,,,,,,,58.20,N,Not at Intersection,N,Non-Junction,None,,,         ,Darrin,Hardin,Cloudy,Not Collision with Motor Vehicle in Transport,no,no,no,no,no,False
103267416,GOODLETTSVILLE POLICE DEPT,22-10635,Davidson,Goodlettsville,4/8/2022 11:03:00 AM,2,1,0,36.329730,-86.715230,N MAIN ST,,,,309.00,Feet,North,DORRIS AV,,,,0.00,N,Not at Intersection,N,Non-Junction,None,,,         ,Rico,Jones,Rain,Not Collision with Motor Vehicle in Transport,no,no,no,no,no,False
103267419,METROPOLITAN NASHVILLE POLICE DEPT,20220167843,Davidson,Nashville,4/8/2022 11:15:00 AM,2,2,0,36.169560,-86.678280,LEBANON PKE,,,,480.00,Feet,East,MCGAVOCK PKE,,,,0.00,N,Not at Intersection,N,Non-Junction,None,,,         ,David,Kmosko,"Cloudy, Rain",Angle,no,no,no,no,no,False
103267420,METROPOLITAN NASHVILLE POLICE DEPT,20220167807,Davidson,Nashville,4/8/2022 10:51:00 AM,1,1,0,36.152150,-86.856140,WHITE BRIDGE PL,,,,383.00,Feet,South,I40 E ENT RAMP,,,,0.00,N,Not at Intersection,N,Non-Junction,None,,,         ,Tony,Folad,Cloudy,Not Collision with Motor Vehicle in Transport,yes,no,no,yes,no,False
103267446,BERRY HILL POLICE DEPT,22-0936,Davidson,Berry Hill,4/8/2022 8:10:00 AM,2,0,0,36.121370,-86.775450,FRANKLIN PKE,,,,0.00,,,KIRKWOOD AV,,,,0.00,Y,OTHER, ,,None,,,         ,Larry,Carter,,,no,no,no,yes,no,False
103267447,THP District 3 - Nashville,322026552,Davidson,Nashville,4/7/2022 4:20:00 PM,2,4,0,36.147240,-86.693330,BRILEY PKWYN,,,,211.00,Feet,South,BRILEY PKWYS,,,,0.00,N,Not at Intersection,N,Non-Junction,None,,,         ,Abasse,Meite,Clear,Front to Rear,no,no,no,no,no,False
103267491,METROPOLITAN NASHVILLE POLICE DEPT,20220167956,Davidson,Nashville,4/8/2022 12:00:00 AM,2,0,0,36.086860,-86.695950,HARDING PL,,,,0.00,Feet,East,METROPLEX DR,,,,0.00,N,Not at Intersection,N,Non-Junction,None,,,         ,James,Gilliam,Rain,Front to Rear,no,no,no,no,no,False
103267492,METROPOLITAN NASHVILLE POLICE DEPT,20220168003,Davidson,Nashville,4/8/2022 12:00:00 PM,2,0,0,36.238900,-86.723840,GALLATIN PKE,,,,34.00,Feet,North,WALTON LN,,,,0.00,N,Not at Intersection, ,Non-Junction,None,,,         ,Brian,Otto,Rain,Front to Rear,no,no,no,no,no,False
103267508,METROPOLITAN NASHVILLE POLICE DEPT,20220167818,Davidson,Nashville,4/8/2022 9:50:00 AM,2,0,0,36.201050,-86.739890,GALLATIN PKE,,,,39.00,Feet,North,BURCHWOOD AV,,,,0.00,N,Not at Intersection,N,Non-Junction,None,,,         ,Rico,Hunt,Rain,Angle,no,no,no,no,no,False
103267539,METROPOLITAN NASHVILLE POLICE DEPT,20220167991,Davidson,Nashville,4/8/2022 12:00:00 AM,1,1,0,36.180430,-86.803200,10TH AVN,,,,0.00,Feet,,BUCHANAN ST,,,,0.00,Y,Four-Way,N,Intersection,None,,,         ,Alex,Gibson,"Cloudy, Rain",Not Collision with Motor Vehicle in Transport,no,no,no,no,no,False
103267542,METROPOLITAN NASHVILLE POLICE DEPT,20220167878,Davidson,Nashville,4/8/2022 12:00:00 AM,2,0,0,36.074790,-86.757310,BLACKMAN RD,,,,458.00,Feet,North,TROUSDALE DR,,,,0.00,N,Not at Intersection, ,Non-Junction,None,,,         ,Bianca,Crawford,"Cloudy, Rain",Front to Rear,no,no,no,no,no,False
103267553,METROPOLITAN NASHVILLE POLICE DEPT,20220157437,Davidson,Hermitage,4/3/2022 12:00:00 AM,1,0,0,36.083654,-86.608261,NAUTILUS,DR,,,171.00,Feet,South,STARBOARD,DR,,,0.00,N,Not at Intersection,N,Non-Junction,None,,,         ,Alfredo,Arevalo,Unknown,Unknown,no,no,no,no,yes,False
103267608,METROPOLITAN NASHVILLE POLICE DEPT,20220168060,Davidson,Not in City Limit,4/8/2022 12:00:00 AM,1,1,0,36.284930,-86.813820,LICKTON PKE,,,,202.00,Feet,South,WHITES CREEK PKE PVTDR,,,,0.00,N,Not at Intersection,N,Non-Junction,None,,,         ,Alex,Gibson,"Cloudy, Rain",Not Collision with Motor Vehicle in Transport,no,no,no,no,no,False
103267630,METROPOLITAN NASHVILLE POLICE DEPT,20220168122,Davidson,Nashville,4/8/2022 1:45:00 PM,2,0,0,36.167520,-86.765530,I 24,,,,0.00,,,,,,,48.85,N,Not at Intersection, ,,None,,,         ,Shedie,Herbert III,,,no,no,no,no,no,False
103267631,METROPOLITAN NASHVILLE POLICE DEPT,20220168087,Davidson,Nashville,4/8/2022 1:35:00 PM,2,0,0,36.223530,-86.773310,I 65,,,,0.00,,,,,,,88.50,N,Not at Intersection,N,Non-Junction,None,,,         ,Ian,Wilson,Clear,"Sideswipe, Same Direction",no,no,no,no,yes,False
103267632,METROPOLITAN NASHVILLE POLICE DEPT,20220167993,Davidson,Nashville,4/8/2022 12:50:00 PM,2,0,0,36.198660,-86.838200,CLARKSVILLE PKE,,,,275.00,Feet,South,NORTH GATE SHOPPING CTR PVTDR,,,,0.00,N,Not at Intersection, ,Non-Junction,Construction Zone,,,         ,Jeanine,Sarno,Rain,Front to Rear,no,no,no,no,no,False
103267649,METROPOLITAN NASHVILLE POLICE DEPT,20220168149,Davidson,Nashville,4/8/2022 2:26:00 PM,2,0,0,36.132650,-86.893390,CHARLOTTE PKE,,,,634.00,Feet,West,OLD CHARLOTTE PKE,,,,0.00,N,Not at Intersection,N,Non-Junction,None,,,         ,Jackson,Smythe,Cloudy,Angle,no,no,no,no,no,False
103267670,METROPOLITAN NASHVILLE POLICE DEPT,20220168102,Davidson,Nashville,4/8/2022 2:07:00 PM,2,0,0,36.202470,-86.621490,OLD HICKORY BLVD,,,,178.00,Feet,North,WRIGHT AV,,,,0.00,N,Not at Intersection, ,,None,,,         ,Brian,Sherman,,,no,no,no,no,no,False
103267681,BERRY HILL POLICE DEPT,22-0939,Davidson,Nashville,4/8/2022 3:00:00 PM,2,0,0,36.121330,-86.775440,FRANKLIN PKE,,,,15.00,Feet,South,KIRKWOOD AV,,,,0.00,N,Not at Intersection, ,,None,,,         ,Mark,Sydenstricker,,,no,no,no,yes,no,False
103267687,METROPOLITAN NASHVILLE POLICE DEPT,20220167977,Davidson,Nashville,4/8/2022 12:44:00 PM,6,0,0,36.160660,-86.760190,I 24,,,,0.00,,,,,,,49.55,N,Not at Intersection, ,Non-Junction,None,,,         ,Theodore,Kenney,Rain,Front to Rear,no,no,no,no,no,False
103267696,METROPOLITAN NASHVILLE POLICE DEPT,20220168045,Davidson,Nashville,4/8/2022 1:27:00 PM,3,0,0,36.141280,-86.739720,MURFREESBORO PKE,,,,265.00,Feet,East,FOSTER AV,,,,0.00,N,Not at Intersection,N,Non-Junction,None,,,         ,Cameron,Fritschie,"Cloudy, Rain",Angle,no,no,no,no,no,False
103267711,METROPOLITAN NASHVILLE POLICE DEPT,20220168120,Davidson,Nashville,4/8/2022 2:09:00 PM,2,3,0,36.040910,-86.779380,FRANKLIN PIKE CIR,,,,4.00,Feet,North,STONE BROOK DR,,,,0.00,N,Not at Intersection,N,Non-Junction,None,,,         ,Cecelia,Brown,Clear,Angle,no,no,no,no,no,False
103267716,METROPOLITAN NASHVILLE POLICE DEPT,20220168171,Davidson,Nashville,4/8/2022 2:25:00 PM,2,0,0,36.186090,-86.633700,LEBANON PKE,,,,178.00,Feet,East,STONES RIVER GRNWY,,,,0.00,N,Not at Intersection,N,Non-Junction,None,,,         ,Kaitlyn,Qualls,Clear,Front to Rear,no,no,no,no,no,False
103267739,METROPOLITAN NASHVILLE POLICE DEPT,20220168313,Davidson,Nashville,4/8/2022 1:13:00 PM,2,0,0,36.082920,-86.688950,ANTIOCH PKE,,,,0.00,,,,,,,0.00,,,N,Non-Junction,None,,,         ,Joseph,Hurst,Clear,Angle,no,no,no,no,yes,False
103267744,METROPOLITAN NASHVILLE POLICE DEPT,20220168268,Davidson,Nashville,4/8/2022 3:33:00 PM,2,0,0,36.182660,-86.748430,STRATTON AV,,,,121.00,Feet,East,GALLATIN AV,,,,0.00,N,Not at Intersection, ,Non-Junction,None,,,         ,Daniel,Carney,Cloudy,"Sideswipe, Same Direction",no,no,no,no,no,False
103267761,METROPOLITAN NASHVILLE POLICE DEPT,2022-0167723,Davidson,Nashville,4/8/2022 9:30:00 AM,2,0,0,36.153010,-86.796000,18TH AVS,,,,0.00,,,WEST END AV,,,,0.00,Y,Four-Way, ,Intersection,None,,,         ,Po,Cheng,Cloudy,Angle,no,no,no,no,no,False
103267770,METROPOLITAN NASHVILLE POLICE DEPT,20220168327,Davidson,Nashville,4/8/2022 4:08:00 PM,2,1,0,36.049540,-86.650950,BELL RD,,,,200.00,Feet,East,HICKORY HOLLOW MALL PVTDR PL,,,,0.00,N,Not at Intersection,N,Non-Junction,None,,,         ,Adam,Kauffman,Cloudy,Front to Rear,no,no,no,no,no,False
103267771,METROPOLITAN NASHVILLE POLICE DEPT,20220168273,Davidson,Nashville,4/8/2022 3:25:00 PM,2,0,0,36.111460,-86.758220,THOMPSON LN,,,,66.00,Feet,West,KRAFT DR,,,,0.00,N,Not at Intersection, ,Non-Junction,None,,,         ,Dylan,Chambers,Cloudy,Angle,no,no,no,no,no,False
103267782,METROPOLITAN NASHVILLE POLICE DEPT,2022168196,Davidson,Nashville,4/8/2022 2:57:00 PM,2,0,0,36.154890,-86.779150,8TH AVS,,,,0.00,,,KOREAN VETERANS BLVD,,,,0.00,Y,Roundabout, ,Intersection,None,,,         ,Joshua,Reece,Cloudy,Angle,no,no,no,no,no,False
103267785,METROPOLITAN NASHVILLE POLICE DEPT,20220168378,Davidson,Not in City Limit,4/8/2022 4:37:00 PM,2,0,0,36.269090,-86.755800,DICKERSON PKE,,,,64.00,Feet,South,OLD HICKORY BLVD,,,,0.00,N,Not at Intersection,N,Non-Junction,None,,,         ,Alexander,Hartle,Clear,Front to Rear,no,no,no,no,no,False
103267792,METROPOLITAN NASHVILLE POLICE DEPT,20220168420,Davidson,Nashville,4/8/2022 4:47:00 PM,2,0,0,36.093010,-86.705460,I 24,,,,0.00,,,,,,,55.15,N,Not at Intersection,N,Non-Junction,None,,,         ,Joseph,Hurst,Clear,Angle,no,no,no,no,no,False
103267801,GOODLETTSVILLE POLICE DEPT,22-10656,Davidson,Goodlettsville,4/8/2022 5:20:00 PM,2,0,0,36.294040,-86.730070,DICKERSON PKES,,,,1238.00,Feet,East,W CAMPBELL RD,,,,0.00,N,Not at Intersection,N,Non-Junction,None,,,         ,Thomas,Eisenbraun,Cloudy,"Sideswipe, Opposite Direction",no,no,no,no,no,False
103267808,METROPOLITAN NASHVILLE POLICE DEPT,20220168233,Davidson,Nashville,4/8/2022 3:02:00 PM,2,1,0,36.152820,-86.683410,ELM HILL PKE,,,,0.00,,,MCGAVOCK PKE,,,,0.00,Y,Four-Way,N,Intersection,None,,,         ,Zacarias,Brito Jr.,Cloudy,HeadOn,no,no,no,no,yes,False
103267809,METROPOLITAN NASHVILLE POLICE DEPT,20220168438,Davidson,Nashville,4/8/2022 5:06:00 PM,2,0,0,36.243510,-86.756660,DICKERSON PKE,,,,140.00,Feet,South,SKYLINE MEMORIAL CT,,,,0.00,N,Not at Intersection,N,Non-Junction,None,,,         ,Joshua,Dodge,Cloudy,Angle,no,no,no,yes,yes,False
103267827,METROPOLITAN NASHVILLE POLICE DEPT,20220168260,Davidson,Nashville,4/8/2022 3:33:00 PM,2,0,0,36.123650,-86.806580,HILLSBORO PKE,,,,0.00,,,I440 W EXT RAMP,,,,0.00,Y,Four-Way,Y,Intersection,None,,,         ,Flynn,Ireland,Cloudy,HeadOn,no,no,no,no,no,False
103267869,METROPOLITAN NASHVILLE POLICE DEPT,20220168456,Davidson,Nashville,4/8/2022 5:19:00 PM,1,0,0,36.157340,-86.774820,4TH AVS,,,,95.00,Feet,North,KOREAN VETERANS BLVD,,,,0.00,N,Not at Intersection, ,Non-Junction,None,,,         ,Zachary,Cooper,Cloudy,Not Collision with Motor Vehicle in Transport,no,no,no,no,no,False
103267895,METROPOLITAN NASHVILLE POLICE DEPT,20220168565,Davidson,Nashville,4/8/2022 6:05:00 PM,2,0,0,36.166870,-86.816470,I40 E EXT RAMP,,,,0.00,Feet,East,I 40,,,,0.00,N,Not at Intersection,N,Non-Junction,None,,,         ,Kaitlyn,Powell,Clear,Front to Rear,no,no,no,no,no,False
103267914,METROPOLITAN NASHVILLE POLICE DEPT,20220168596,Davidson,Nashville,4/8/2022 7:13:00 PM,3,1,0,36.040910,-86.648640,I24 W EXT RAMP,,,,0.00,Feet,East,I 24,,,,0.00,N,Not at Intersection,N,Non-Junction,None,,,         ,Nadine,Klemenz,Clear,Front to Rear,no,no,no,no,no,False
103267922,METROPOLITAN NASHVILLE POLICE DEPT,20220168398,Davidson,Nashville,4/8/2022 1:12:00 PM,2,0,0,36.081940,-86.765740,I65 S EXT RAMP,,,,0.00,Feet,East,I 65,,,,0.00,N,Not at Intersection, ,Non-Junction,None,,,         ,Dakota,Davis,Cloudy,"Sideswipe, Same Direction",no,no,no,no,yes,False
103267933,METROPOLITAN NASHVILLE POLICE DEPT,20220168480,Davidson,Nashville,4/8/2022 5:30:00 PM,2,0,0,36.106010,-86.672660,MURFREESBORO PKE,,,,0.00,,,,,,,0.00,,, ,,None,,,         ,Joseph,Hurst,,,no,no,no,no,no,False
103267935,METROPOLITAN NASHVILLE POLICE DEPT,20220168311,Davidson,Nashville,4/8/2022 6:53:00 PM,2,0,0,36.061250,-86.716670,NOLENSVILLE PKE,,,,20.00,Feet,South,MCMURRAY DR,,,,0.00,N,Not at Intersection,N,Non-Junction,None,,,         ,Derek,Garcia,Cloudy,Front to Rear,no,no,no,no,no,False
103267946,THP District 3 - Nashville,322025455,Davidson,Nashville,4/5/2022 1:00:00 PM,2,0,0,36.163390,-86.787810,10TH CIRN,,,,7.00,Feet,North,10TH AVN,,,,0.00,N,Not at Intersection, ,Non-Junction,None,,,         ,Jason,Murray,Clear,Front to Rear,no,no,no,no,no,False
103267948,METROPOLITAN NASHVILLE POLICE DEPT,20220168544,Davidson,Not in City Limit,4/8/2022 4:00:00 PM,2,0,0,36.300970,-86.812300,I 24,,,,0.00,,,,,,,38.65,N,Not at Intersection,N,Non-Junction,None,,,         ,Keegan,Winchell,Clear,Front to Rear,no,no,no,no,no,False
103267974,METROPOLITAN NASHVILLE POLICE DEPT,20220168422,Davidson,Not in City Limit,4/8/2022 5:11:00 PM,2,0,0,36.154200,-86.950870,RIVER ROAD PKE,,,,134.00,Feet,North,RIVER ROAD PKE PVTDR,,,,0.00,N,Not at Intersection,N,Non-Junction,None,,,         ,Cameron,Van Der Merwe,Cloudy,Front to Rear,no,no,no,no,yes,False
103267992,METROPOLITAN NASHVILLE POLICE DEPT,20220168634,Davidson,Nashville,4/8/2022 7:40:00 PM,2,1,0,36.251020,-86.714920,E WEBSTER ST,,,,159.00,Feet,East,LIBERTY CIR,,,,0.00,N,Not at Intersection,N,"Driveway, Alley Access, etc",None,,,         ,Philip,Claibourne,Rain,Angle,no,no,no,no,yes,False
103268013,METROPOLITAN NASHVILLE POLICE DEPT,20220168627,Davidson,Nashville,4/8/2022 4:59:00 PM,2,0,0,36.112260,-86.745930,NOLENSVILLE PKE,,,,0.00,,,,,,,0.00,,,N,Non-Junction,None,,,         ,Joseph,Hurst,Clear,Angle,no,no,no,no,no,False
103268030,METROPOLITAN NASHVILLE POLICE DEPT,20220168470,Davidson,Nashville,4/8/2022 5:25:00 PM,2,0,0,36.120970,-86.807740,HILLSBORO PKE,,,,119.00,Feet,North,LOMBARDY AV,,,,0.00,N,Not at Intersection, ,Non-Junction,None,,,         ,Dylan,Chambers,Clear,Front to Rear,no,no,no,no,no,False
103268032,METROPOLITAN NASHVILLE POLICE DEPT,20220168422,Davidson,Not in City Limit,4/8/2022 5:11:00 PM,2,0,0,36.154200,-86.950870,RIVER ROAD PKE,,,,134.00,Feet,North,RIVER ROAD PKE PVTDR,,,,0.00,N,Not at Intersection, ,Non-Junction,None,,,         ,Cameron,Van Der Merwe,Cloudy,Front to Rear,no,no,no,no,yes,False