master_record_number,agency,agency_tracking_number,county,city,collision_date,vehicles_involved,number_injured,number_dead,latitude,longitude,roadway_name,roadway_suffix,roadway_number,roadway_local_id,distance_from_reference,miles-feet_indicator,direction_from_reference,intersection_road_name,intersection_road_name_suffix,intersection_road_number,intersection_local_id,mile_marker,intersection_indicator,intersect_type,interchange_related_indicator,relation_to_junction,work_zone_type,construction_maintenance_zone,construction_maintenance_zone_location,fatal_case_number,officer_first_name,officer_last_name,weather_condition(s),manner_of_crash,pedestrian,bicycle,scooter,parking,hitrun,mou
103270056,METROPOLITAN NASHVILLE POLICE DEPT,20220172029,Davidson,Nashville,4/10/2022 9:06:00 PM,1,0,0,36.054830,-86.578370,HAMILTON CHURCH RD,,,,1688.00,Feet,East,OCEANFRONT CIRN,,,,0.00,N,Not at Intersection,N,Non-Junction,None,,,         ,Jerre,Fly,Clear,Not Collision with Motor Vehicle in Transport,no,no,no,no,yes,False
103270057,METROPOLITAN NASHVILLE POLICE DEPT,20220171996,Davidson,Nashville,4/10/2022 8:40:00 PM,2,3,0,36.090120,-86.703120,I 24,,,,0.00,,,,,,,55.40,N,Not at Intersection,N,Non-Junction,Work Zone,Work On Shoulder Or Median,Advanced Warning Area,         ,Sean,McConnell,Clear,Front to Rear,no,no,no,no,no,False
103270066,METROPOLITAN NASHVILLE POLICE DEPT,20220172069,Davidson,Nashville,4/10/2022 8:56:00 PM,2,0,0,36.144530,-86.879890,PREMIER DR,,,,374.00,Feet,West,WILCLAY DR,,,,0.00,N,Not at Intersection,N,Non-Junction,None,,,         ,Nicholas,Smith,Clear,Angle,no,no,no,no,yes,False
103270067,METROPOLITAN NASHVILLE POLICE DEPT,20220172123,Davidson,Nashville,4/10/2022 10:00:00 PM,1,1,0,36.202170,-86.777210,BRICK CHURCH PKE,,,,543.00,Feet,South,I65 S ENT RAMP,,,,0.00,N,Not at Intersection,N,Entrance/Exit Ramp Related,None,,,         ,Dylan,Ramos,Clear,Not Collision with Motor Vehicle in Transport,no,no,no,no,no,False
103270071,METROPOLITAN NASHVILLE POLICE DEPT,20220172163,Davidson,Nashville,4/10/2022 12:00:00 AM,2,1,0,36.183650,-86.610660,OLD HICKORY BLVD,,,,0.00,,,ANDREW JACKSON PKWY,,,,0.00,Y,Four-Way,N,Intersection,None,,,         ,Ashley,Kappenmacher,,Other,no,no,no,no,yes,False
103270090,METROPOLITAN NASHVILLE POLICE DEPT,20220172349,Davidson,Antioch,4/10/2022 11:42:00 PM,2,0,0,36.035050,-86.604530,OLD HICKORY BLVD,,,,1599.00,Feet,South,MURFREESBORO PKE,,,,0.00,N,Not at Intersection,N,Non-Junction,None,,,         ,John,McDonnell,Clear,"Sideswipe, Opposite Direction",no,no,no,no,yes,False
103270092,METROPOLITAN NASHVILLE POLICE DEPT,20220172270,Davidson,Nashville,4/10/2022 12:00:00 AM,2,1,0,36.045740,-86.674350,BELL RD,,,,0.00,,,BLUE HOLE RD,,,,0.00,Y,Four-Way,N,Intersection,None,,,         ,Kristopher,Sharpe,Clear,Angle,no,no,no,no,yes,False
103270096,METROPOLITAN NASHVILLE POLICE DEPT,20220171860,Davidson,Nashville,4/10/2022 6:46:00 PM,2,0,0,36.175830,-86.800690,I65 N ENT RAMP,,,,0.00,,,I 65,,,,0.00,Y,Y-Intersection,Y,Entrance/Exit Ramp Related,None,,,         ,Kaitlyn,Powell,Clear,"Sideswipe, Same Direction",no,no,no,no,no,False
103270098,METROPOLITAN NASHVILLE POLICE DEPT,20220172334,Davidson,Nashville,4/10/2022 11:56:00 PM,2,2,0,36.164240,-86.819900,28TH AVN,,,,0.00,,,ALBION ST,,,,0.00,Y,Four-Way,Y,Intersection,None,,,         ,Luke,Steigerwalt,Clear,Front to Rear,no,no,no,no,yes,False
103270113,METROPOLITAN NASHVILLE POLICE DEPT,20220172065,Davidson,Nashville,4/10/2022 9:34:00 PM,2,0,0,36.150210,-86.625400,BELL RD,,,,744.00,Feet,South,BLACKWOOD DR,,,,0.00,N,Not at Intersection,N,Non-Junction,None,,,         ,Dylan,Motes,Clear,Angle,no,no,no,no,no,False
103270157,METROPOLITAN NASHVILLE POLICE DEPT,20220171032,Davidson,Nashville,4/10/2022 4:30:00 AM,2,0,0,36.079820,-86.725500,HARDING PL,,,,201.00,Feet,West,SEVEN MILE CREEK HARDING MALL,,,,0.00,N,Not at Intersection,N,Non-Junction,None,,,         ,Dillon,Deleacaes,Clear,Angle,no,no,no,no,yes,False
103270193,METROPOLITAN NASHVILLE POLICE DEPT,20220172508,Davidson,Nashville,4/11/2022 1:19:00 AM,1,1,0,36.237520,-86.785860,I 24,,,,0.00,,,,,,,43.45,N,Not at Intersection,N,Non-Junction,None,,,         ,Tim,Le,Clear,Not Collision with Motor Vehicle in Transport,no,no,no,no,no,False
103270207,METROPOLITAN NASHVILLE POLICE DEPT,20220169901,Davidson,Nashville,4/9/2022 1:32:00 PM,2,1,0,36.082550,-86.763980,HARDING PL,,,,50.00,Feet,East,I65 S EXT RAMP,,,,0.00,N,Not at Intersection,N,Non-Junction,None,,,         ,Cherell,Kinchloe,Clear,HeadOn,no,no,no,no,no,False
103270221,METROPOLITAN NASHVILLE POLICE DEPT,20220172220,Davidson,Nashville,4/10/2022 10:45:00 PM,2,0,0,36.136600,-86.762520,MOORE AV,,,,389.00,Feet,North,4TH AVS,,,,0.00,N,Not at Intersection,N,Non-Junction,None,,,         ,Lynsey,Fish,Cloudy,HeadOn,no,no,no,no,yes,False
103270246,METROPOLITAN NASHVILLE POLICE DEPT,20220172663,Davidson,Nashville,4/11/2022 12:00:00 AM,1,0,0,36.110960,-86.745900,THOMPSON LN,,,,0.00,,,ELIZABETH ST,,,,0.00,Y,Four-Way,N,Intersection,None,,,         ,Jack,Burke,Clear,Not Collision with Motor Vehicle in Transport,no,no,no,no,no,False
103270259,METROPOLITAN NASHVILLE POLICE DEPT,2022168047,Davidson,Nashville,4/8/2022 1:24:00 PM,2,1,0,36.157110,-86.774670,KOREAN VETERANS BLVD,,,,0.00,,,4TH AVS,,,,0.00,Y,Four-Way,N,Intersection,None,,,         ,Joshua,Reece,Rain,Angle,no,no,no,no,no,False
103270274,METROPOLITAN NASHVILLE POLICE DEPT,20220172893,Davidson,Nashville,4/11/2022 7:30:00 AM,2,0,0,36.044140,-86.656720,I24 W EXT RAMP,,,,0.00,Feet,East,I 24,,,,0.00,N,Not at Intersection, ,,None,,,         ,Luis,Pena,,,no,no,no,no,no,False
103270283,METROPOLITAN NASHVILLE POLICE DEPT,20220165299,Davidson,Nashville,4/7/2022 7:55:00 AM,4,0,0,36.181270,-86.799910,I 65,,,,0.00,,,,,,,86.00,N,Not at Intersection,N,Non-Junction,None,,,         ,Donald,Davidson,Clear,Front to Rear,no,no,no,no,no,False
103270291,METROPOLITAN NASHVILLE POLICE DEPT,20220172979,Davidson,Nashville,4/11/2022 8:15:00 AM,2,0,0,36.233490,-86.819050,BRILEY PKWYW,,,,0.00,,,BRILEY PKWY W ENT RAMP,,,,0.00,Y,OTHER, ,Non-Junction,None,,,         ,James,Wray,Cloudy,Front to Rear,no,no,no,no,yes,False
103270300,METROPOLITAN NASHVILLE POLICE DEPT,20220213158,Davidson,Nashville,4/11/2022 6:30:00 AM,2,1,0,36.171490,-86.769080,INTERSTATE DR,,,,0.00,,,JAMES ROBERTSON PKWY,,,,0.00,Y,OTHER,N,Intersection,None,,,         ,Donald,Davidson,Clear,Front to Rear,no,no,no,no,no,False
103270314,METROPOLITAN NASHVILLE POLICE DEPT,20220173005,Davidson,Nashville,4/11/2022 8:33:00 AM,2,1,0,36.153420,-86.756090,I 40,,,,0.00,,,,,,,211.20,N,Not at Intersection,N,Non-Junction,None,,,         ,Earl,Davis,Cloudy,Front to Rear,no,no,no,no,no,False
103270326,METROPOLITAN NASHVILLE POLICE DEPT,20220173109,Davidson,Nashville,4/11/2022 9:00:00 AM,1,0,0,36.079630,-86.594820,PHILHALL PKWY,,,,0.00,Feet,East,SCENIC LAKE CT,,,,0.00,N,Not at Intersection,N,Non-Junction,None,,,         ,Shawn,Taylor,Cloudy,Not Collision with Motor Vehicle in Transport,no,no,no,no,no,False
103270327,METROPOLITAN NASHVILLE POLICE DEPT,2022-0172849,Davidson,Nashville,4/11/2022 12:00:00 AM,2,0,0,36.166210,-86.654020,BLUE BRICK DR,,,,0.00,Feet,East,STEWARTS FERRY PKE,,,,0.00,N,Not at Intersection, ,Non-Junction,None,,,         ,Frank,Walker,Cloudy,Front to Rear,no,no,no,no,no,False
103270334,METROPOLITAN NASHVILLE POLICE DEPT,2022173034,Davidson,Nashville,4/11/2022 8:49:00 AM,2,0,0,36.152350,-86.769010,LINDSLEY AV,,,,0.00,,,2ND AVS,,,,0.00,Y,Four-Way, ,Intersection,None,,,         ,Joshua,Reece,Cloudy,Angle,no,no,no,no,no,False
103270342,METROPOLITAN NASHVILLE POLICE DEPT,20220173178,Davidson,Nashville,4/11/2022 8:46:00 AM,2,1,0,36.172200,-86.767090,JAMES ROBERTSON PKWY ENT RAMP,,,,0.00,Feet,East,JAMES ROBERTSON PKWY,,,,0.00,N,Not at Intersection,N,Non-Junction,None,,,         ,Jason,Milyaro Lucas,Cloudy,Front to Rear,no,no,no,no,no,False
103270357,METROPOLITAN NASHVILLE POLICE DEPT,20220173016,Davidson,Nashville,4/11/2022 8:37:00 AM,3,1,0,36.106790,-86.768100,I 65,,,,0.00,,,,,,,79.50,N,Not at Intersection,N,Non-Junction,None,,,         ,Travis,Pemberton,Clear,Front to Rear,no,no,no,no,no,False
103270358,GOODLETTSVILLE POLICE DEPT,22-10920,Davidson,Goodlettsville,4/11/2022 9:45:00 AM,2,1,0,36.298250,-86.713130,I 65,,,,0.00,,,,,,,95.00,N,Not at Intersection,N,Non-Junction,None,,,         ,Nicholas,Given,Cloudy,Front to Rear,no,no,no,no,no,False
103270365,TENNESSEE STATE UNIVERSITY ,22-TSU-11451,Davidson,Nashville,4/11/2022 12:00:00 AM,2,0,0,36.166600,-86.826830,33RD AVN,,,,131.00,Feet,North,CLOVER ST,,,,0.00,N,Not at Intersection, ,Unknown,None,,,         ,Inice,Wagner,Cloudy,Unknown,no,no,no,yes,yes,False
103270377,METROPOLITAN NASHVILLE POLICE DEPT,20220173249,Davidson,Nashville,4/11/2022 9:42:00 AM,2,0,0,36.069880,-86.721420,NOLENSVILLE PKE,,,,119.00,Feet,West,TAYLOR RD,,,,0.00,N,Not at Intersection, ,Non-Junction,None,,,         ,Shawn,Taylor,"Cloudy, Rain","Sideswipe, Same Direction",no,no,no,no,no,False
103270379,METROPOLITAN NASHVILLE POLICE DEPT,20220173289,Davidson,Nashville,4/11/2022 11:12:00 AM,3,0,0,36.176940,-86.605250,I40 E EXT RAMP,,,,0.00,Feet,East,I40 W ENT RAMP,,,,0.00,N,Not at Intersection, ,Non-Junction,None,,,         ,Ryan,Sherry,Rain,"Sideswipe, Same Direction",no,no,no,no,no,False
103270380,VANDERBILT UNIVERSITY POLICE,20220171506,Davidson,Nashville,4/10/2022 1:35:00 PM,2,0,0,36.147200,-86.799170,21ST AVS,,,,95.00,Feet,South,GRAND AV,,,,0.00,,Not at Intersection, ,Non-Junction,None,,,         ,Christopher,Dion,,"Sideswipe, Same Direction",no,no,no,yes,no,Campus
103270389,METROPOLITAN NASHVILLE POLICE DEPT,20220173115,Davidson,Not in City Limit,4/11/2022 9:30:00 AM,2,3,0,36.264410,-86.729620,OLD HICKORY BLVDW,,,,179.00,Feet,East,N MARTHONA RD,,,,0.00,N,Not at Intersection,N,Non-Junction,None,,,         ,Michael,Foster,Cloudy,HeadOn,no,no,no,no,no,False
103270392,METROPOLITAN NASHVILLE POLICE DEPT,20220171851,Davidson,Nashville,4/10/2022 6:31:00 PM,2,0,0,36.187610,-86.862600,BRILEY PKWYS,,,,0.00,,,COUNTY HOSPITAL RD,,,,0.00,Y,OTHER, ,Non-Junction,Construction Zone,,,         ,Alex,Moore,Clear,Front to Rear,no,no,no,no,no,False
103270431,LAVERGNE POLICE DEPT,22-011105,Davidson,Nashville,4/10/2022 9:30:00 PM,2,0,0,36.020610,-86.627610,I 24,,,,0.00,,,,,,,62.00,N,Not at Intersection, ,Non-Junction,None,,,         ,Nicholas,Liedtke,Clear,"Sideswipe, Same Direction",no,no,no,no,yes,False
103270433,METROPOLITAN NASHVILLE POLICE DEPT,20220173275,Davidson,Goodlettsville,4/11/2022 9:59:00 AM,2,0,0,36.298850,-86.712590,I 65,,,,0.00,,,,,,,95.00,N,Not at Intersection, ,Non-Junction,None,,,         ,Gregory,Dixon,"Cloudy, Rain","Sideswipe, Same Direction",no,no,no,no,no,False
103270451,METROPOLITAN NASHVILLE POLICE DEPT,20220172926,Davidson,Nashville,4/11/2022 7:28:00 AM,2,0,0,36.110020,-86.770290,I 65,,,,0.00,,,,,,,79.75,N,Not at Intersection,N,Non-Junction,None,,,         ,Jonas,Elias,Cloudy,Front to Rear,no,no,no,no,no,False
103270472,GOODLETTSVILLE POLICE DEPT,22-10916,Davidson,Goodlettsville,4/11/2022 8:48:00 AM,3,0,0,36.299300,-86.712190,I 65,,,,0.00,,,,,,,95.05,N,Not at Intersection, ,Non-Junction,None,,,         ,Benny,Alexander,Cloudy,"Sideswipe, Same Direction",no,no,no,no,no,False
103270506,METROPOLITAN NASHVILLE POLICE DEPT,2022-0173396,Davidson,Nashville,4/11/2022 12:00:00 AM,1,0,0,36.144380,-86.694880,I 40,,,,0.00,,,,,,,215.00,N,Not at Intersection,N,Non-Junction,None,,,         ,Frank,Walker,Cloudy,Not Collision with Motor Vehicle in Transport,no,no,no,no,no,False
103270508,METROPOLITAN NASHVILLE POLICE DEPT,20220173476,Davidson,Nashville,4/11/2022 11:20:00 AM,2,0,0,36.049840,-86.649280,MT VIEW RD,,,,80.00,Feet,East,BELL RD,,,,0.00,N,Not at Intersection, ,,None,,,         ,Luis,Pena,,,no,no,no,no,no,False
103270518,METROPOLITAN NASHVILLE POLICE DEPT,20220173287,Davidson,Madison,4/11/2022 11:11:00 AM,1,1,0,36.248240,-86.723590,DUE WEST AVW,,,,0.00,,,GIBSON DR,,,,0.00,Y,T-Intersection,N,Intersection-Related,None,,,         ,Melina,Tamborella,Rain,Not Collision with Motor Vehicle in Transport,yes,no,no,no,yes,False
103270537,THP District 9 - Administrative,322027889,Davidson,Nashville,4/11/2022 8:50:00 AM,2,0,0,36.151070,-86.784340,DIVISION ST,,,,0.00,,,12TH AVS,,,,0.00,Y,Four-Way, ,Intersection,None,,,         ,Jeffrey,Buchanan,Cloudy,Angle,no,no,no,no,no,False
103270554,METROPOLITAN NASHVILLE POLICE DEPT,20220173047,Davidson,Nashville,4/11/2022 8:38:00 AM,2,0,0,36.148370,-86.780420,I 40,,,,0.00,,,,,,,209.75,N,Not at Intersection, ,Non-Junction,None,,,         ,Cherell,Kinchloe,Clear,Front to Rear,no,no,no,no,no,False
103270566,METROPOLITAN NASHVILLE POLICE DEPT,20220173552,Davidson,Madison,4/11/2022 1:44:00 PM,2,0,0,36.280650,-86.708220,ODETTE ST,,,,0.00,Feet,East,GALLATIN PKEN,,,,0.00,N,Not at Intersection, ,Non-Junction,None,,,         ,Mark,Iovine,Rain,Front to Rear,no,no,no,no,no,False
103270575,METROPOLITAN NASHVILLE POLICE DEPT,20220173622,Davidson,Nashville,4/11/2022 2:17:00 PM,2,0,0,36.187280,-86.630660,LEBANON PKE,,,,146.00,Feet,East,CENTRAL PKE,,,,0.00,N,Not at Intersection, ,Non-Junction,None,,,         ,Shawn,Taylor,"Cloudy, Rain",Front to Rear,no,no,no,no,no,False
103270583,METROPOLITAN NASHVILLE POLICE DEPT,20220173421,Davidson,Nashville,4/11/2022 11:39:00 AM,2,0,0,36.161140,-86.832990,39TH AVN,,,,0.00,,,CLARE AV,,,,0.00,Y,OTHER,N,Intersection-Related,None,,,         ,Walter,Gray II,Rain,Angle,no,no,no,no,no,False
103270585,METROPOLITAN NASHVILLE POLICE DEPT,20220173535,Davidson,Not in City Limit,4/11/2022 1:31:00 PM,2,0,0,36.324020,-86.868400,WHITES CREEK PKE,,,,3.00,Feet,North,I24 W EXT RAMP,,,,0.00,N,Not at Intersection, ,Entrance/Exit Ramp Related,None,,,         ,Aleksandra,Kawicka,"Cloudy, Rain","Sideswipe, Same Direction",no,no,no,no,no,False
103270588,METROPOLITAN NASHVILLE POLICE DEPT,20220173272,Davidson,Nashville,4/11/2022 8:29:00 AM,2,0,0,36.150500,-86.767400,LAFAYETTE ST,,,,175.00,Feet,East,2ND AVS,,,,0.00,N,Not at Intersection, ,Non-Junction,None,,,         ,Eric,Burford,Cloudy,"Sideswipe, Same Direction",no,no,no,no,no,False
103270598,METROPOLITAN NASHVILLE POLICE DEPT,20220173511,Davidson,Nashville,4/11/2022 12:20:00 PM,5,0,0,36.083280,-86.716200,WHISPERING OAKS PL,,,,612.00,Feet,West,TANGLEWOOD CT,,,,0.00,N,Not at Intersection, ,Non-Junction,None,,,         ,Benjamin,Tasto,Rain,Unknown,no,no,no,yes,no,False
103270599,METROPOLITAN NASHVILLE POLICE DEPT,20220173617,Davidson,Nashville,4/11/2022 2:00:00 PM,2,0,0,36.078790,-86.745140,DANBY DR,,,,69.00,Feet,North,HARDING PL,,,,0.00,N,Not at Intersection, ,Non-Junction,None,,,         ,Kyle,Kinsman,Rain,HeadOn,no,no,no,no,no,False
103270603,METROPOLITAN NASHVILLE POLICE DEPT,20220173642,Davidson,Nashville,4/11/2022 2:14:00 PM,3,0,0,36.168260,-86.765790,I 24,,,,0.00,,,,,,,48.80,N,Not at Intersection, ,Non-Junction,None,,,         ,Michael,Agee,Rain,Front to Rear,no,no,no,no,no,False
103270612,METROPOLITAN NASHVILLE POLICE DEPT,20220173349,Davidson,Not in City Limit,4/11/2022 11:30:00 AM,2,0,0,36.075100,-86.939120,HIGHWAY 70S,,,,400.00,Feet,East,BELLEVUE RD,,,,0.00,N,Not at Intersection, ,,None,,,         ,Benjamin,Cantrell,,,no,no,no,no,no,False
103270620,METROPOLITAN NASHVILLE POLICE DEPT,20220173632,Davidson,Nashville,4/11/2022 1:20:00 PM,2,0,0,36.144710,-86.754170,TREVECCA UNIVERSITY PVTDR,,,,429.00,Feet,West,EXPRESSWAY PARK DR,,,,0.00,N,Not at Intersection,N,Non-Junction,None,,,         ,Todd,Watson,Cloudy,Angle,no,no,no,yes,yes,False
103270622,METROPOLITAN NASHVILLE POLICE DEPT,2022173537,Davidson,Nashville,4/11/2022 1:20:00 PM,2,1,0,36.164880,-86.819990,I40 W EXT RAMP,,,,0.00,,,28TH AVN,,,,0.00,Y,OTHER,N,Entrance/Exit Ramp Related,None,,,         ,Walter,Gray II,Rain,Front to Rear,no,no,no,no,no,False
103270631,METROPOLITAN NASHVILLE POLICE DEPT,20220173556,Davidson,Nashville,4/11/2022 1:48:00 PM,2,1,0,36.029620,-86.703820,BARNES COVE DR,,,,0.00,,,BARNES RD,,,,0.00,Y,T-Intersection,N,Intersection,None,,,         ,Ian,Pearce,Rain,Angle,no,no,no,no,no,False
103270632,METROPOLITAN NASHVILLE POLICE DEPT,20220173718,Davidson,Nashville,4/11/2022 3:40:00 PM,2,0,0,36.083360,-86.761630,SIDCO DR,,,,17.00,Feet,North,CSX DR,,,,0.00,N,Not at Intersection,N,Non-Junction,None,,,         ,Steven,Powers,Rain,Angle,no,no,no,no,no,False
103270642,METROPOLITAN NASHVILLE POLICE DEPT,20220173742,Davidson,Nashville,4/11/2022 3:51:00 PM,2,1,0,36.171430,-86.769040,JAMES ROBERTSON PKWY,,,,0.00,,,INTERSTATE DR,,,,0.00,Y,Four-Way,N,Intersection,None,,,         ,Zachary,Cooper,Rain,Angle,no,no,no,no,no,False
103270644,VANDERBILT UNIVERSITY POLICE,22-0173674,Davidson,Nashville,4/11/2022 2:50:00 PM,2,0,0,36.139620,-86.800500,21ST AVS,,,,0.00,,,PIERCE AV,,,,0.00,Y,Four-Way, ,,None,,,         ,Scott,Johnson,,,no,no,no,no,no,Campus
103270665,METROPOLITAN NASHVILLE POLICE DEPT,20220173762,Davidson,Antioch,4/11/2022 12:00:00 AM,2,1,0,36.047840,-86.612050,MURFREESBORO PKE,,,,1284.00,Feet,North,MOUNTAIN SPRINGS RD,,,,0.00,N,Not at Intersection,N,Non-Junction,None,,,         ,Derek,Garcia,"Cloudy, Rain",Angle,no,no,no,no,no,False
103270666,METROPOLITAN NASHVILLE POLICE DEPT,20220173787,Davidson,Nashville,4/11/2022 4:20:00 PM,2,0,0,36.110880,-86.714420,I24 W ENT RAMP,,,,0.00,Feet,East,BRILEY PKWYN,,,,0.00,N,Not at Intersection,N,Non-Junction,None,,,         ,Andrew,Brazee,Rain,Front to Rear,no,no,no,no,no,False
103270668,METROPOLITAN NASHVILLE POLICE DEPT,20220173722,Davidson,Nashville,4/11/2022 2:28:00 PM,2,0,0,36.166110,-86.764430,I 24,,,,0.00,,,,,,,49.00,N,Not at Intersection, ,Non-Junction,None,,,         ,Chad,Connors,Rain,Front to Rear,no,no,no,no,no,False
103270675,METROPOLITAN NASHVILLE POLICE DEPT,20220173671,Davidson,Nashville,4/11/2022 2:55:00 PM,2,0,0,36.045585,-86.950356,HWY 100,,,,0.00,,,TEMPLE RD,,,,0.00,Y,Four-Way, ,Intersection-Related,None,,,         ,Jeremy,Huffine,Rain,Front to Rear,no,no,no,no,no,False
103270686,METROPOLITAN NASHVILLE POLICE DEPT,20220173725,Davidson,Nashville,4/11/2022 3:45:00 PM,2,1,0,36.043410,-86.713040,NOLENSVILLE PKE,,,,303.00,Feet,South,BRENTWOOD EAST DR,,,,0.00,N,Not at Intersection,N,Non-Junction,None,,,         ,Jacob,Robbins,Rain,Front to Rear,no,no,no,no,no,False
103270690,METROPOLITAN NASHVILLE POLICE DEPT,20220173779,Davidson,Nashville,4/11/2022 4:14:00 PM,2,1,0,36.234240,-86.718860,BRILEY PKWYE,,,,418.00,Feet,East,BRILEY PKWYW,,,,0.00,N,Not at Intersection,N,Non-Junction,None,,,         ,Daniel,Carney,Rain,Angle,no,no,no,no,no,False
103270702,METROPOLITAN NASHVILLE POLICE DEPT,20220173859,Davidson,Nashville,4/11/2022 5:18:00 PM,1,1,0,36.082910,-86.896530,HARDING PKE,,,,901.00,Feet,South,BROOKMONT TER,,,,0.00,N,Not at Intersection,N,Non-Junction,None,,,         ,Brandon,Pedigo,Rain,Not Collision with Motor Vehicle in Transport,no,no,no,no,no,False
103270704,VANDERBILT UNIVERSITY POLICE,20220173797,Davidson,Nashville,4/11/2022 3:45:00 PM,2,0,0,36.142230,-86.801290,MEDICAL CENTER DR,,,,425.00,Feet,West,21ST AVS,,,,0.00,N,Not at Intersection,N,Non-Junction,None,,,         ,Michael,Wyers,,"Sideswipe, Same Direction",no,no,no,no,yes,Campus
103270713,METROPOLITAN NASHVILLE POLICE DEPT,20220173791,Davidson,Nashville,4/11/2022 4:24:00 PM,2,0,0,36.147020,-86.799440,21ST AVS,,,,152.00,Feet,South,GRAND AV,,,,0.00,N,Not at Intersection,N,Non-Junction,None,,,         ,David,Harms,Rain,Angle,no,no,no,no,no,Campus
103270724,METROPOLITAN NASHVILLE POLICE DEPT,20220173828,Davidson,Nashville,4/11/2022 4:50:00 PM,2,0,0,36.106820,-86.768480,I 65,,,,0.00,,,,,,,79.50,N,Not at Intersection, ,,None,,,         ,Jacob,Robbins,,,no,no,no,no,no,False
103270728,METROPOLITAN NASHVILLE POLICE DEPT,20220173929,Davidson,Nashville,4/11/2022 5:43:00 PM,1,0,0,36.082680,-86.883440,HIGHWAY 100,,,,610.00,Feet,East,PERCY WARNER BLVD,,,,0.00,N,Not at Intersection,N,Non-Junction,None,,,         ,Jeremy,Huffine,"Cloudy, Rain",Not Collision with Motor Vehicle in Transport,no,no,no,no,no,False
103270729,METROPOLITAN NASHVILLE POLICE DEPT,20220173917,Davidson,Nashville,4/11/2022 5:56:00 PM,2,2,0,36.225850,-86.599450,SAUNDERSVILLE RD,,,,319.00,Feet,North,LEXINGTON WAY,,,,0.00,N,Not at Intersection,N,Non-Junction,None,,,         ,Robert,Marquez,Rain,Front to Rear,no,no,no,no,no,False
103270736,METROPOLITAN NASHVILLE POLICE DEPT,20220173923,Davidson,Nashville,4/11/2022 5:50:00 PM,2,0,0,36.232750,-86.768660,I 65,,,,0.00,,,,,,,89.20,N,Not at Intersection,N,Non-Junction,None,,,         ,Zachary,Triano,"Cloudy, Rain",Angle,no,no,no,no,yes,False
103270737,METROPOLITAN NASHVILLE POLICE DEPT,20220173933,Davidson,Nashville,4/11/2022 2:56:00 PM,2,0,0,36.132710,-86.723190,PAVILION BLVD,,,,0.00,,,PLUS PARK BLVD,,,,0.00,Y,T-Intersection,N,Intersection,None,,,         ,Andrew,Brazee,Rain,"Sideswipe, Same Direction",no,no,no,no,no,False
103270779,METROPOLITAN NASHVILLE POLICE DEPT,20220174022,Davidson,Nashville,4/11/2022 7:10:00 PM,1,0,0,36.149200,-86.874090,I 40,,,,0.00,,,,,,,203.00,N,Not at Intersection,N,Non-Junction,None,,,         ,Jared,Dick,Rain,Not Collision with Motor Vehicle in Transport,no,no,no,no,no,False
103270827,METROPOLITAN NASHVILLE POLICE DEPT,20220174000,Davidson,Nashville,4/11/2022 6:31:00 PM,2,0,0,36.176910,-86.774580,SPRING ST,,,,0.00,,,N 1ST ST,,,,0.00,Y,Four-Way, ,Intersection,None,,,         ,David,Snowden,Rain,Angle,no,no,no,no,no,False
103270828,METROPOLITAN NASHVILLE POLICE DEPT,20220173849,Davidson,Nashville,4/10/2022 3:00:00 PM,2,0,0,36.180760,-86.800130,I 65,,,,0.00,,,,,,,85.05,N,Not at Intersection,N,Non-Junction,None,,,         ,Dylan,Ramos,Clear,Front to Rear,no,no,no,no,yes,False
103270861,METROPOLITAN NASHVILLE POLICE DEPT,20220174168,Davidson,Nashville,4/11/2022 6:20:00 PM,2,0,0,36.141130,-86.761710,2ND AVS,,,,157.00,Feet,West,ANDREW T WHITMORE ST,,,,0.00,N,Not at Intersection,N,Non-Junction,None,,,         ,Dalton,Crum,Rain,Angle,no,no,no,no,no,False
103270872,THP District 3 - Nashville,322027935,Davidson,Nashville,4/11/2022 3:48:00 PM,2,0,0,36.057310,-86.774100,I 65,,,,0.00,,,,,,,76.00,N,Not at Intersection, ,Non-Junction,None,,,         ,Bryan,Hawkins,Rain,Front to Rear,no,no,no,no,no,False
103270892,METROPOLITAN NASHVILLE POLICE DEPT,20220173907,Davidson,Nashville,4/11/2022 5:42:00 PM,2,0,0,36.045670,-86.710140,OLD HICKORY BLVD,,,,928.00,Feet,East,NOLENSVILLE PKE,,,,0.00,N,Not at Intersection,N,Non-Junction,None,,,         ,Andre,Williams,Clear,Angle,no,no,no,no,no,False
103270922,METROPOLITAN NASHVILLE POLICE DEPT,20220174289,Davidson,Madison,4/11/2022 7:35:00 PM,2,0,0,36.263520,-86.716280,OLD HICKORY BLVDW,,,,86.00,Feet,East,PEGGY ST,,,,0.00,N,Not at Intersection,N,Non-Junction,None,,,         ,Jonathon,Sheppard,Rain,Not Collision with Motor Vehicle in Transport,no,no,no,no,no,False
103270934,METROPOLITAN NASHVILLE POLICE DEPT,20220173808,Davidson,Antioch,4/11/2022 4:25:00 PM,2,0,0,36.015140,-86.620270,OLD HICKORY BLVD,,,,0.00,,,I 24,,,,0.00,Y,Four-Way,N,OtherLocation,None,,,         ,Nathaniel,Myers,"Cloudy, Rain",Angle,no,no,no,no,no,False