master_record_number,agency,agency_tracking_number,county,city,collision_date,vehicles_involved,number_injured,number_dead,latitude,longitude,roadway_name,roadway_suffix,roadway_number,roadway_local_id,distance_from_reference,miles-feet_indicator,direction_from_reference,intersection_road_name,intersection_road_name_suffix,intersection_road_number,intersection_local_id,mile_marker,intersection_indicator,intersect_type,interchange_related_indicator,relation_to_junction,work_zone_type,construction_maintenance_zone,construction_maintenance_zone_location,fatal_case_number,officer_first_name,officer_last_name,weather_condition(s),manner_of_crash,pedestrian,bicycle,scooter,parking,hitrun,mou
103270935,METROPOLITAN NASHVILLE POLICE DEPT,20220174397,Davidson,Nashville,4/11/2022 10:20:00 PM,1,0,0,36.139360,-86.726960,I24E,,,,406.00,Feet,North,I24 W ENT RAMP,,,,0.00,N,Not at Intersection,N,Non-Junction,None,,,         ,Bryson,Wilkins,,Not Collision with Motor Vehicle in Transport,no,no,no,no,no,False
103270938,METROPOLITAN NASHVILLE POLICE DEPT,20220173893,Davidson,Nashville,4/11/2022 5:40:00 PM,2,0,0,36.046590,-86.714250,NOLENSVILLE PKE,,,,0.00,,,,,,,0.00,,,N,OtherLocation,None,,,         ,Jacob,Robbins,Cloudy,Front to Rear,no,no,no,yes,no,False
103270944,METROPOLITAN NASHVILLE POLICE DEPT,20220174455,Davidson,Nashville,4/11/2022 6:17:00 PM,2,0,0,36.172420,-86.811820,UNDERWOOD ST,,,,84.00,Feet,West,22ND AVN,,,,0.00,N,Not at Intersection, ,Non-Junction,None,,,         ,Luke,Steigerwalt,"Cloudy, Rain",Unknown,no,no,no,no,yes,False
103270945,METROPOLITAN NASHVILLE POLICE DEPT,20220174415,Davidson,Nashville,4/11/2022 10:11:00 PM,2,0,0,36.099650,-86.924330,OLD HICKORY BLVD,,,,827.00,Feet,North,RIDGELAKE PKWY,,,,0.00,N,Not at Intersection,N,Non-Junction,None,,,         ,Nicholas,Smith,Rain,Angle,no,no,no,no,yes,False
103270947,METROPOLITAN NASHVILLE POLICE DEPT,20220173807,Davidson,Nashville,4/11/2022 4:35:00 PM,3,1,0,36.174920,-86.690660,BRILEY PKWYN,,,,393.00,Feet,North,BRILEY PKWYS,,,,0.00,N,Not at Intersection,N,Non-Junction,None,,,         ,Cheri,Cox,Rain,Angle,no,no,no,no,no,False
103270948,METROPOLITAN NASHVILLE POLICE DEPT,20220173789,Davidson,Nashville,4/11/2022 4:23:00 PM,4,0,0,36.105870,-86.767840,I 65,,,,0.00,,,,,,,79.50,N,Not at Intersection,N,Non-Junction,None,,,         ,Gabriel,Hamilton,"Cloudy, Rain",Front to Rear,no,no,no,no,no,False
103270951,METROPOLITAN NASHVILLE POLICE DEPT,20220174392,Davidson,Nashville,4/11/2022 6:43:00 PM,2,0,0,36.195890,-86.775580,I 65,,,,0.00,,,,,,,86.55,N,Not at Intersection, ,Non-Junction,None,,,         ,Matthew,Jorgensen,Rain,"Sideswipe, Same Direction",no,no,no,no,yes,False
103270959,METROPOLITAN NASHVILLE POLICE DEPT,20220174530,Davidson,Nashville,4/11/2022 11:36:00 PM,1,0,0,36.126370,-86.727820,I 24,,,,0.00,,,,,,,52.45,N,Not at Intersection,N,Non-Junction,None,,,         ,Andrew,Brazee,Rain,Not Collision with Motor Vehicle in Transport,no,no,no,no,yes,False
103270960,METROPOLITAN NASHVILLE POLICE DEPT,20220174014,Davidson,Nashville,4/11/2022 6:13:00 PM,2,0,0,36.181870,-86.607430,OLD HICKORY BLVD,,,,217.00,Feet,East,ANDREW JACKSON WAY,,,,0.00,N,Not at Intersection, ,Non-Junction,None,,,         ,Cheri,Cox,Rain,"Sideswipe, Same Direction",no,no,no,no,no,False
103270961,METROPOLITAN NASHVILLE POLICE DEPT,20220174563,Davidson,Nashville,4/11/2022 11:50:00 PM,2,1,0,36.197470,-86.776240,I 65,,,,0.00,,,,,,,86.70,N,Not at Intersection,N,Non-Junction,None,,,         ,Matthew,Jorgensen,Rain,Front to Rear,no,no,no,no,yes,False
103270962,METROPOLITAN NASHVILLE POLICE DEPT,20220173951,Davidson,Nashville,4/11/2022 3:55:00 PM,2,0,0,36.233650,-86.702020,BRILEY PKWYW,,,,782.00,Feet,West,BRILEY PKWYE,,,,0.00,N,Not at Intersection,N,Non-Junction,None,,,         ,William,Badger,Rain,Front to Rear,no,no,no,no,no,False
103270978,METROPOLITAN NASHVILLE POLICE DEPT,20220174409,Davidson,Nashville,4/11/2022 12:00:00 AM,2,0,0,36.153320,-86.853080,I 40,,,,0.00,,,,,,,204.20,N,Not at Intersection, ,Non-Junction,None,,,         ,Justin,McCormick,Rain,Front to Rear,no,no,no,no,yes,False
103270979,METROPOLITAN NASHVILLE POLICE DEPT,20220174101,Davidson,Nashville,4/11/2022 7:50:00 PM,1,0,0,36.025050,-86.742430,EDMONDSON PKE,,,,270.00,Feet,North,BANBURY STA,,,,0.00,N,Not at Intersection,N,Non-Junction,None,,,         ,Nicholas,Hoffmann,Rain,Not Collision with Motor Vehicle in Transport,no,no,no,no,no,False
103270980,METROPOLITAN NASHVILLE POLICE DEPT,20220174423,Davidson,Nashville,4/11/2022 7:03:00 PM,2,0,0,36.137580,-86.818480,ACKLEN AV,,,,201.00,Feet,South,LOVE CIR,,,,0.00,N,Not at Intersection,N,Non-Junction,None,,,         ,Nicholas,Hoffmann,Rain,Other,no,no,no,yes,yes,False
103270981,METROPOLITAN NASHVILLE POLICE DEPT,20220174556,Davidson,Nashville,4/11/2022 11:14:00 PM,2,0,0,36.103580,-86.666520,OLD MURFREESBORO PIKE,,,,0.00,,,FAIRCLOTH LN,,,,0.00,Y,T-Intersection,N,Intersection,None,,,         ,Sean,Fitzmaurice,,Angle,no,no,no,no,no,False
103270982,METROPOLITAN NASHVILLE POLICE DEPT,20220174518,Davidson,Nashville,4/11/2022 11:30:00 PM,2,1,0,36.121220,-86.753050,KLINE AV,,,,175.00,Feet,South,LONGVIEW AV,,,,0.00,N,Not at Intersection,N,Non-Junction,None,,,         ,Steven,Powers,Rain,"Sideswipe, Opposite Direction",no,no,no,no,no,False
103270985,METROPOLITAN NASHVILLE POLICE DEPT,20220174635,Davidson,Nashville,4/12/2022 12:33:00 AM,1,1,0,36.176290,-86.772450,I24 E EXT RAMP,,,,0.00,Feet,East,I 24,,,,0.00,N,Not at Intersection,N,Non-Junction,None,,,         ,Jarrett,Messick,Rain,Not Collision with Motor Vehicle in Transport,no,no,no,no,no,False
103270987,METROPOLITAN NASHVILLE POLICE DEPT,20220174692,Davidson,Nashville,4/12/2022 1:20:00 AM,1,1,0,36.252530,-86.739580,I 65,,,,0.00,,,,,,,91.40,N,Not at Intersection,N,Non-Junction,None,,,         ,Jonathon,Sheppard,Rain,Not Collision with Motor Vehicle in Transport,no,no,no,no,no,False
103270988,METROPOLITAN NASHVILLE POLICE DEPT,20220174496,Davidson,Not in City Limit,4/12/2022 12:00:00 AM,2,0,0,36.285160,-86.700770,DINWIDDIE DR,,,,133.00,Feet,East,GLOBE PL,,,,0.00,N,Not at Intersection, ,,None,,,         ,John,Robish,,,no,no,no,no,no,False
103270990,METROPOLITAN NASHVILLE POLICE DEPT,20220174542,Davidson,Nashville,4/11/2022 12:00:00 AM,2,0,0,36.084120,-86.706020,HARDING PL,,,,43.00,Feet,West,LINBAR DR,,,,0.00,N,Not at Intersection,N,Non-Junction,None,,,         ,Antoine,Maghamez,Clear,Angle,no,no,no,no,no,False
103270992,METROPOLITAN NASHVILLE POLICE DEPT,20220174678,Davidson,Nashville,4/12/2022 1:10:00 AM,2,2,0,36.151420,-86.768640,I 40,,,,0.00,,,,,,,210.45,N,Not at Intersection,N,Non-Junction,None,,,         ,Blake,Curry,Rain,Front to Rear,no,no,no,no,no,False
103271001,METROPOLITAN NASHVILLE POLICE DEPT,20220174641,Davidson,Nashville,4/11/2022 12:00:00 AM,2,1,0,36.078810,-86.726090,NOLENSVILLE PKE,,,,295.00,Feet,South,HARDING PL,,,,0.00,N,Not at Intersection,N,Non-Junction,None,,,         ,Aaron,Brumley,Clear,Angle,no,no,no,no,yes,False
103271002,METROPOLITAN NASHVILLE POLICE DEPT,20220174797,Davidson,Nashville,4/12/2022 2:57:00 AM,1,0,0,36.130270,-86.801670,BLAIR BLVD,,,,96.00,Feet,East,21ST AVS,,,,0.00,N,Not at Intersection, ,,None,,,         ,Taylor,Hurley,,,no,no,no,yes,no,False
103271015,GOODLETTSVILLE POLICE DEPT,22-10982,Davidson,Goodlettsville,4/12/2022 1:43:00 AM,1,0,0,36.310960,-86.685630,VIETNAM VETERANS BLVDS,,,,0.00,Feet,East,VIETNAM VETERANS BLVD SB EXT R,,,,0.00,N,Not at Intersection,N,Non-Junction,None,,,         ,Timothy,Williams,Rain,Not Collision with Motor Vehicle in Transport,no,no,no,no,no,False
103271019,METROPOLITAN NASHVILLE POLICE DEPT,20220174831,Davidson,Nashville,4/12/2022 3:29:00 AM,2,0,0,36.143190,-86.745530,MURFREESBORO PKE,,,,372.00,Feet,West,FESSLERS LN,,,,0.00,N,Not at Intersection, ,Non-Junction,None,,,         ,Bryson,Wilkins,,"Sideswipe, Same Direction",no,no,no,yes,yes,False
103271021,METROPOLITAN NASHVILLE POLICE DEPT,20220174567,Davidson,Nashville,4/11/2022 11:50:00 PM,2,0,0,36.232440,-86.624770,OLD HICKORY BLVD,,,,58.00,Feet,North,SHUTE LN,,,,0.00,N,Not at Intersection,N,Non-Junction,None,,,         ,Andrew,Richey,Rain,Front to Rear,no,no,no,no,yes,False
103271026,METROPOLITAN NASHVILLE POLICE DEPT,20220174880,Davidson,Nashville,4/12/2022 4:14:00 AM,2,1,0,36.137260,-86.699710,BRILEY,PKWY,,,0.00,,,GLASTONBURY,RD,,,0.00,Y,T-Intersection,N,Intersection-Related,None,,,         ,Corey,Ethridge,Clear,Front to Rear,no,no,no,no,yes,False
103271032,METROPOLITAN NASHVILLE POLICE DEPT,20220174820,Davidson,Nashville,4/12/2022 2:31:00 AM,1,0,0,36.086930,-86.893240,HARDING PKE,,,,871.00,Feet,North,BROOKMONT TER,,,,0.00,N,Not at Intersection, ,Non-Junction,None,,,         ,David,Moser,Rain,Not Collision with Motor Vehicle in Transport,no,no,no,no,no,False
103271036,METROPOLITAN NASHVILLE POLICE DEPT,20220174955,Davidson,Nashville,4/12/2022 5:40:00 AM,1,0,0,36.137990,-86.727380,I24E,,,,282.00,Feet,North,I24 E ENT RAMP,,,,0.00,N,Not at Intersection,N,Non-Junction,None,,,         ,Bryson,Wilkins,Rain,Not Collision with Motor Vehicle in Transport,no,no,no,no,no,False
103271073,METROPOLITAN NASHVILLE POLICE DEPT,20220174987,Davidson,Not in City Limit,4/12/2022 6:31:00 AM,1,0,0,36.293420,-86.852790,WHITES CREEK PKE,,,,358.00,Feet,South,SEYMOUR HOLLOW RD,,,,0.00,N,Not at Intersection, ,Non-Junction,None,,,         ,James,Wray,Rain,Not Collision with Motor Vehicle in Transport,no,no,no,no,no,False
103271078,METROPOLITAN NASHVILLE POLICE DEPT,20220175041,Davidson,Nashville,4/12/2022 6:52:00 AM,2,0,0,36.115250,-86.862780,DAVIDSON RD,,,,0.00,Feet,East,POST RD,,,,0.00,N,Not at Intersection, ,Non-Junction,None,,,         ,Robert,Allen,Rain,Angle,no,no,no,no,no,False
103271086,METROPOLITAN NASHVILLE POLICE DEPT,20220175029,Davidson,Nashville,4/12/2022 6:45:00 AM,2,2,0,36.041170,-86.652120,I 24,,,,0.00,,,,,,,59.90,N,Not at Intersection,N,Non-Junction,None,,,         ,Timothy,Ward,Rain,"Sideswipe, Same Direction",no,no,no,no,no,False
103271092,METROPOLITAN NASHVILLE POLICE DEPT,20220175007,Davidson,Nashville,4/12/2022 6:29:00 AM,3,0,0,36.156000,-86.826360,I40 E EXT RAMP,,,,0.00,,,I 40,,,,0.00,Y,OTHER,Y,Entrance/Exit Ramp Related,None,,,         ,Miranda,Vaughn,Rain,"Sideswipe, Same Direction",no,no,no,no,no,False
103271097,VANDERBILT UNIVERSITY POLICE,20220173546,Davidson,Nashville,4/11/2022 12:45:00 PM,2,0,0,36.110960,-86.766520,POWELL AV,,,,0.00,,,,,,,0.00,,Not at Intersection, ,,None,,,         ,Karl,Haury,,,no,no,no,yes,no,OHO
103271100,METROPOLITAN NASHVILLE POLICE DEPT,20220175171,Davidson,Nashville,4/12/2022 12:00:00 AM,1,0,0,36.165930,-86.781950,5TH AVE N,,,,35.00,Feet,North,CHARLOTTE AVE,,,,0.00,N,Not at Intersection, ,,None,,,         ,Zachary,Smith,,,yes,no,no,no,no,False
103271105,METROPOLITAN NASHVILLE POLICE DEPT,20220175072,Davidson,Nashville,4/12/2022 6:52:00 AM,2,0,0,36.124200,-86.745610,I 440,,,,0.00,,,,,,,0.00,,OTHER, ,,None,,,         ,John,Walden,,,no,no,no,no,no,False
103271108,METROPOLITAN NASHVILLE POLICE DEPT,20220175149,Davidson,Not in City Limit,4/12/2022 7:35:00 AM,2,0,0,36.291940,-86.883770,CLARKSVILLE PKE,,,,0.00,Feet,East,EATONS CREEK RD,,,,0.00,N,Not at Intersection, ,Non-Junction,None,,,         ,Aleksandra,Kawicka,"Cloudy, Rain",Front to Rear,no,no,no,no,no,False
103271125,METROPOLITAN NASHVILLE POLICE DEPT,20220175166,Davidson,Not in City Limit,4/12/2022 8:27:00 AM,1,0,0,36.104700,-86.931350,I 40,,,,0.00,,,,,,,198.60,N,Not at Intersection, ,Non-Junction,None,,,         ,Jack,Crouch,Rain,Not Collision with Motor Vehicle in Transport,no,no,no,no,no,False
103271140,METROPOLITAN NASHVILLE POLICE DEPT,20220175175,Davidson,Nashville,4/12/2022 8:34:00 AM,1,0,0,36.191540,-86.786050,I 65,,,,0.00,,,,,,,86.00,N,Not at Intersection,N,Non-Junction,None,,,         ,Christian,Stephens,Rain,Not Collision with Motor Vehicle in Transport,no,no,no,no,no,False
103271142,METROPOLITAN NASHVILLE POLICE DEPT,20220175039,Davidson,Nashville,4/12/2022 6:30:00 AM,2,0,0,36.154050,-86.757570,I 40,,,,0.00,,,,,,,211.10,N,Not at Intersection, ,Non-Junction,None,,,         ,Donald,Davidson,Rain,Front to Rear,no,no,no,no,no,False
103271143,METROPOLITAN NASHVILLE POLICE DEPT,20220175246,Davidson,Nashville,4/12/2022 8:10:00 AM,2,0,0,36.039780,-86.649190,I 24,,,,0.00,,,,,,,60.05,N,Not at Intersection, ,,None,,,         ,Charles,Agius,,,no,no,no,no,no,False
103271156,METROPOLITAN NASHVILLE POLICE DEPT,20220175191,Davidson,Nashville,4/12/2022 8:41:00 AM,2,0,0,36.250040,-86.741490,I 65,,,,0.00,,,,,,,91.20,N,Not at Intersection, ,Non-Junction,None,,,         ,Gregory,Dixon,"Cloudy, Rain",Front to Rear,no,no,no,no,no,False
103271161,METROPOLITAN NASHVILLE POLICE DEPT,20220175216,Davidson,Nashville,4/12/2022 8:57:00 AM,2,3,0,36.253130,-86.739260,I 65,,,,0.00,,,,,,,91.45,N,Not at Intersection,N,Non-Junction,None,,,         ,Christopher,Littles,"Cloudy, Rain",Not Collision with Motor Vehicle in Transport,no,no,no,no,no,False
103271162,THP District 9 - Administrative,322028063,Davidson,Nashville,4/12/2022 8:50:00 AM,1,0,0,36.141960,-86.677520,I 40,,,,0.00,,,,,,,216.00,N,Not at Intersection, ,Non-Junction,None,,,         ,Rickey,Alexander,Rain,Not Collision with Motor Vehicle in Transport,no,no,no,no,no,False
103271165,METROPOLITAN NASHVILLE POLICE DEPT,20220175232,Davidson,Nashville,4/12/2022 8:37:00 AM,2,0,0,36.166246,-86.764797,I-24 EAST,,,,0.00,,East,,,II-24,,49.20,N,Not at Intersection, ,,None,,,         ,Zachary,Nichols,,,no,no,no,no,no,False
103271168,METROPOLITAN NASHVILLE POLICE DEPT,20220175238,Davidson,Nashville,4/12/2022 9:07:00 AM,2,1,0,36.198440,-86.620270,OLD HICKORY BLVD,,,,0.00,,,LEBANON PKE,,,,0.00,Y,Four-Way,N,Intersection,None,,,         ,Michael,Brooks,"Cloudy, Rain",Front to Rear,no,no,no,no,no,False
103271171,METROPOLITAN NASHVILLE POLICE DEPT,20220175018,Davidson,Nashville,4/12/2022 6:38:00 AM,1,0,0,36.228480,-86.851540,BRILEY PKWYW,,,,478.00,Feet,West,BRILEY PKWYE,,,,0.00,N,Not at Intersection,N,Non-Junction,None,,,         ,Jedidayah,Merriweather,"Cloudy, Rain",Not Collision with Motor Vehicle in Transport,no,no,no,no,no,False
103271172,METROPOLITAN NASHVILLE POLICE DEPT,20220175060,Davidson,Nashville,4/12/2022 7:17:00 AM,2,1,0,36.188900,-86.792980,I 65,,,,0.00,,,,,,,85.55,N,Not at Intersection,N,Non-Junction,None,,,         ,Jedidayah,Merriweather,"Cloudy, Rain",Angle,no,no,no,no,no,False
103271177,METROPOLITAN NASHVILLE POLICE DEPT,20220175265,Davidson,Nashville,4/12/2022 9:20:00 AM,2,0,0,36.118420,-86.726000,I 24,,,,0.00,,,,,,,53.00,N,Not at Intersection, ,Entrance/Exit Ramp Related,None,,,         ,Luis,Pena,"Cloudy, Rain",Front to Rear,no,no,no,no,no,False
103271179,METROPOLITAN NASHVILLE POLICE DEPT,2022-0175151,Davidson,Nashville,4/12/2022 12:00:00 AM,1,1,0,36.171960,-86.688730,BRILEY PKWYN,,,,155.00,Feet,South,BRILEY PKWY N ENT RAMP,,,,0.00,N,Not at Intersection,N,Non-Junction,None,,,         ,Frank,Walker,"Cloudy, Rain",Not Collision with Motor Vehicle in Transport,no,no,no,no,no,False
103271196,METROPOLITAN NASHVILLE POLICE DEPT,20220175075,Davidson,Nashville,4/12/2022 7:25:00 AM,1,1,0,36.231610,-86.827590,BRILEY PKWYW,,,,713.00,Feet,East,BRILEY PKWYE,,,,0.00,N,Not at Intersection,N,Non-Junction,None,,,         ,Rachel,Susee,Rain,Not Collision with Motor Vehicle in Transport,no,no,no,no,no,False
103271198,METROPOLITAN NASHVILLE POLICE DEPT,20220175244,Davidson,Nashville,4/12/2022 9:29:00 AM,2,0,0,36.206250,-86.773550,I65 N EXT RAMP,,,,0.00,,,I65 N ENT RAMP,,,,0.00,Y,T-Intersection, ,,None,,,         ,Jeffery,Leiser,,,no,no,no,no,no,False
103271201,METROPOLITAN NASHVILLE POLICE DEPT,20220175272,Davidson,Nashville,4/12/2022 9:29:00 AM,2,0,0,36.078090,-86.743700,HARDING PL,,,,487.00,Feet,East,DANBY DR,,,,0.00,N,Not at Intersection,N,Non-Junction,None,,,         ,Justin,Pinkelton,Rain,"Sideswipe, Same Direction",no,no,no,no,no,False
103271202,GOODLETTSVILLE POLICE DEPT,22-10991,Davidson,Goodlettsville,4/12/2022 8:20:00 AM,1,0,0,36.301590,-86.709940,VIETNAM VETERANS BLVDN,,,,56.00,Feet,South,VIETNAM VETERANS BLVDS,,,,0.00,N,Not at Intersection,Y,Entrance/Exit Ramp Related,None,,,         ,Benny,Alexander,Rain,Not Collision with Motor Vehicle in Transport,no,no,no,no,yes,False
103271203,METROPOLITAN NASHVILLE POLICE DEPT,20220175416,Davidson,Nashville,4/12/2022 7:41:00 AM,2,0,0,36.079890,-86.725230,HARDING PL,,,,117.00,Feet,West,SEVEN MILE CREEK HARDING MALL,,,,0.00,N,Not at Intersection, ,Non-Junction,None,,,         ,Andrew,Campbell,Cloudy,Front to Rear,no,no,no,no,no,False
103271207,METROPOLITAN NASHVILLE POLICE DEPT,20220175457,Davidson,Nashville,4/12/2022 10:22:00 AM,2,0,0,36.176440,-86.765930,ELLINGTON PKWYS,,,,175.00,Feet,North,SPRING ST ENT RAMP,,,,0.00,N,Not at Intersection,N,Non-Junction,None,,,         ,Jarret,Sonnenberg,Rain,Front to Rear,no,no,no,no,no,False
103271210,METROPOLITAN NASHVILLE POLICE DEPT,20220175360,Davidson,Nashville,4/12/2022 9:32:00 AM,1,1,0,36.185900,-86.823320,ED TEMPLE BLVD,,,,100.00,Feet,South,28TH AVN,,,,0.00,N,Not at Intersection,N,Non-Junction,None,,,         ,Walter,Gray II,"Cloudy, Rain",Not Collision with Motor Vehicle in Transport,no,no,no,no,no,False
103271211,METROPOLITAN NASHVILLE POLICE DEPT,20220163298,Davidson,Nashville,4/6/2022 12:00:00 AM,2,0,0,36.161020,-86.777200,4TH AVS,,,,0.00,,,SYMPHONY PL,,,,0.00,Y,OTHER,N,Non-Junction,None,,,         ,Michael,Douglas,Cloudy,Unknown,no,no,no,yes,yes,False
103271218,METROPOLITAN NASHVILLE POLICE DEPT,20220175350,Davidson,Nashville,4/12/2022 8:38:00 AM,2,0,0,36.028590,-86.590740,MURFREESBORO PKE,,,,118.00,Feet,North,LAVERGNE COUCHVILLE PKE,,,,0.00,N,Not at Intersection, ,Non-Junction,None,,,         ,Tyler,Heckaman,"Cloudy, Rain",Front to Rear,no,no,no,no,no,False
103271226,METROPOLITAN NASHVILLE POLICE DEPT,20220175487,Davidson,Not in City Limit,4/12/2022 7:00:00 AM,2,0,0,36.080410,-86.955290,I40 E EXT RAMP,,,,0.00,Feet,East,I 40,,,,0.00,N,Not at Intersection, ,,None,,,         ,Wesley,Tilley,,,no,no,no,no,no,False
103271240,METROPOLITAN NASHVILLE POLICE DEPT,20220175326,Davidson,Nashville,4/12/2022 10:10:00 AM,3,1,0,36.184760,-86.798170,ROSA L PARKS BLVD,,,,0.00,,,I65 S ENT RAMP,,,,0.00,Y,OTHER,N,Non-Junction,None,,,         ,Sean,Herman,Rain,Front to Rear,no,no,no,no,no,False
103271241,METROPOLITAN NASHVILLE POLICE DEPT,20220175513,Davidson,Nashville,4/12/2022 12:00:00 PM,1,0,0,36.038230,-86.647400,I 24,,,,0.00,,,,,,,60.20,N,Not at Intersection,N,Non-Junction,None,,,         ,Charles,Agius,Cloudy,Not Collision with Motor Vehicle in Transport,no,no,no,no,no,False
103271251,METROPOLITAN NASHVILLE POLICE DEPT,2022-0175275,Davidson,Nashville,4/12/2022 7:55:00 AM,2,0,0,36.166410,-86.817070,I40 E EXT RAMP,,,,0.00,Feet,East,I 40,,,,0.00,N,Not at Intersection, ,Non-Junction,None,,,         ,Po,Cheng,Rain,Front to Rear,no,no,no,no,no,False
103271255,METROPOLITAN NASHVILLE POLICE DEPT,20220175436,Davidson,Nashville,4/12/2022 11:13:00 AM,2,0,0,36.040030,-86.743760,OLD HICKORY BLVD,,,,83.00,Feet,West,EDMONDSON PKE,,,,0.00,N,Not at Intersection, ,,None,,,         ,Justin,Pinkelton,,,no,no,no,no,no,False
103271258,METROPOLITAN NASHVILLE POLICE DEPT,20220175303,Davidson,Nashville,4/12/2022 9:07:00 AM,2,0,0,36.176910,-86.774580,SPRING ST,,,,0.00,,,N 1ST ST,,,,0.00,Y,Four-Way, ,Intersection,None,,,         ,Michael,Douglas,Rain,"Sideswipe, Same Direction",no,no,no,no,no,False
103271266,METROPOLITAN NASHVILLE POLICE DEPT,20220175371,Davidson,Nashville,4/12/2022 10:35:00 AM,3,1,0,36.136030,-86.698680,ARBOR CREEK BLVD,,,,0.00,,,BRILEY PKWYN,,,,0.00,Y,Four-Way,Y,Intersection,None,,,         ,Calvin,Graham,Rain,Front to Rear,no,no,no,no,no,False
103271270,METROPOLITAN NASHVILLE POLICE DEPT,20220175056,Davidson,Nashville,4/12/2022 6:30:00 AM,2,0,0,36.154090,-86.757650,I 40,,,,0.00,,,,,,,211.10,N,Not at Intersection, ,Non-Junction,None,,,         ,Donald,Davidson,Rain,Front to Rear,no,no,no,no,no,False
103271318,METROPOLITAN NASHVILLE POLICE DEPT,20220175404,Davidson,Nashville,4/12/2022 8:15:00 AM,2,0,0,36.148300,-86.779640,I 40,,,,0.00,,,,,,,209.80,N,Not at Intersection, ,,None,,,         ,Shawn,Taylor,,,no,no,no,no,no,False
103271319,METROPOLITAN NASHVILLE POLICE DEPT,20220175438,Davidson,Nashville,4/12/2022 9:53:00 AM,2,0,0,36.138700,-86.727310,I24E,,,,319.00,Feet,West,I24 W ENT RAMP,,,,0.00,N,Not at Intersection, ,Entrance/Exit Ramp Related,None,,,         ,Shawn,Taylor,"Cloudy, Rain","Sideswipe, Same Direction",no,no,no,no,no,False
103271325,METROPOLITAN NASHVILLE POLICE DEPT,20220175427,Davidson,Nashville,4/12/2022 11:10:00 AM,2,1,0,36.162070,-86.849110,51ST AVN,,,,18.00,Feet,North,LOUISIANA AV,,,,0.00,N,Not at Intersection,N,Non-Junction,None,,,         ,Douglas,Atwood,Rain,Angle,no,no,no,no,no,False
103271327,METROPOLITAN NASHVILLE POLICE DEPT,20220175446,Davidson,Nashville,4/12/2022 11:22:00 AM,2,0,0,36.047300,-86.862740,OLD HICKORY BLVD,,,,0.00,Feet,East,HILLSBORO PKE,,,,0.00,N,Not at Intersection, ,Non-Junction,None,,,         ,Cherell,Kinchloe,Clear,Front to Rear,no,no,no,no,no,False
103271331,METROPOLITAN NASHVILLE POLICE DEPT,20220175115,Davidson,Nashville,4/12/2022 7:50:00 AM,1,0,0,36.141480,-86.670340,I 40,,,,0.00,,,,,,,216.35,N,Not at Intersection,N,Non-Junction,None,,,         ,Donald,Davidson,Rain,Not Collision with Motor Vehicle in Transport,no,no,no,no,no,False
103271343,METROPOLITAN NASHVILLE POLICE DEPT,20220175583,Davidson,Nashville,4/12/2022 12:00:00 AM,2,0,0,36.140740,-86.793640,HORTON AV,,,,0.00,Feet,,16TH AVS,,,,0.00,Y,Four-Way, ,,None,,,         ,Paxton,Montgomery,,,no,no,no,no,no,False
103271347,METROPOLITAN NASHVILLE POLICE DEPT,20220175445,Davidson,Nashville,4/12/2022 9:37:00 AM,2,0,0,36.103620,-86.666480,FAIRCLOTH LN,,,,0.00,,,OLD MURFREESBORO PKE,,,,0.00,Y,Four-Way,Y,Intersection,None,,,         ,Michael,Brooks,Cloudy,Angle,no,no,no,no,no,False
103271361,METROPOLITAN NASHVILLE POLICE DEPT,20220175050,Davidson,Madison,4/12/2022 7:04:00 AM,2,0,0,36.265490,-86.739870,OLD HICKORY BLVDW,,,,0.00,,,I65 S EXT RAMP,,,,0.00,Y,T-Intersection, ,Non-Junction,None,,,         ,Mark,Iovine,Rain,Front to Rear,no,no,no,no,no,False
103271362,METROPOLITAN NASHVILLE POLICE DEPT,20220175374,Davidson,Nashville,4/12/2022 10:40:00 AM,2,1,0,36.253330,-86.739160,I 65,,,,0.00,,,,,,,91.45,N,Not at Intersection,N,Non-Junction,None,,,         ,Mark,Iovine,Rain,Front to Rear,no,no,no,no,no,False
103271386,METROPOLITAN NASHVILLE POLICE DEPT,20220175176,Davidson,Nashville,4/12/2022 6:55:00 AM,2,0,0,36.143380,-86.686870,I 40,,,,0.00,,,,,,,215.45,N,Not at Intersection, ,Non-Junction,None,,,         ,Donald,Davidson,Rain,Front to Rear,no,no,no,no,no,False
103271397,METROPOLITAN NASHVILLE POLICE DEPT,20220175425,Davidson,Nashville,4/12/2022 10:59:00 AM,2,0,0,36.134280,-86.780570,WEDGEWOOD AV,,,,0.00,Feet,West,BEECH AV,,,,0.00,N,Not at Intersection, ,Non-Junction,None,,,         ,Cherell,Kinchloe,Clear,"Sideswipe, Same Direction",no,no,no,no,no,False
103271406,METROPOLITAN NASHVILLE POLICE DEPT,20220175653,Davidson,Nashville,4/12/2022 1:24:00 PM,2,2,0,36.103620,-86.666480,FAIRCLOTH LN,,,,0.00,,,OLD MURFREESBORO PKE,,,,0.00,Y,T-Intersection,N,Intersection-Related,None,,,         ,Timothy,Ward,Cloudy,Angle,no,no,no,no,no,False