master_record_number,agency,agency_tracking_number,county,city,collision_date,vehicles_involved,number_injured,number_dead,latitude,longitude,roadway_name,roadway_suffix,roadway_number,roadway_local_id,distance_from_reference,miles-feet_indicator,direction_from_reference,intersection_road_name,intersection_road_name_suffix,intersection_road_number,intersection_local_id,mile_marker,intersection_indicator,intersect_type,interchange_related_indicator,relation_to_junction,work_zone_type,construction_maintenance_zone,construction_maintenance_zone_location,fatal_case_number,officer_first_name,officer_last_name,weather_condition(s),manner_of_crash,pedestrian,bicycle,scooter,parking,hitrun,mou
103272525,METROPOLITAN NASHVILLE POLICE DEPT,20220178047,Davidson,Nashville,4/13/2022 2:36:00 PM,2,0,0,36.156260,-86.788240,BROADWAY,,,,202.00,Feet,East,GEORGE L DAVIS BLVD,,,,0.00,N,Not at Intersection, ,Non-Junction,Construction Zone,,,         ,Brent,Morris,Cloudy,"Sideswipe, Same Direction",no,no,no,no,no,False
103272546,METROPOLITAN NASHVILLE POLICE DEPT,2022178122,Davidson,Nashville,4/13/2022 3:54:00 PM,2,0,0,36.156070,-86.773990,4TH AVS,,,,0.00,,,PEABODY ST,,,,0.00,Y,Four-Way, ,Intersection,None,,,         ,Joshua,Reece,Clear,Angle,no,no,no,no,no,False
103272549,METROPOLITAN NASHVILLE POLICE DEPT,20220178109,Davidson,Whites Creek,4/13/2022 3:40:00 PM,2,0,0,36.278320,-86.789260,COBBLESTONE CREEK DR,,,,34.00,Feet,North,OLD HICKORY BLVD,,,,0.00,N,Not at Intersection,N,Non-Junction,None,,,         ,Alexander,Hartle,Clear,Front to Rear,no,no,no,no,no,False
103272569,METROPOLITAN NASHVILLE POLICE DEPT,20220178085,Davidson,Nashville,4/13/2022 11:00:00 AM,2,0,0,36.141600,-86.769070,MARTIN ST,,,,0.00,,,,,,,0.00,,,N,Non-Junction,None,,,         ,Brady,Reynolds,Clear,"Sideswipe, Same Direction",no,no,no,no,yes,False
103272586,METROPOLITAN NASHVILLE POLICE DEPT,20220178217,Davidson,Nashville,4/13/2022 5:02:00 PM,2,4,0,36.046430,-86.654700,HICKORY HOLLOW PKWY,,,,0.00,,,HICKORY HOLLOW LN,,,,0.00,Y,Four-Way,Y,Intersection,None,,,         ,John,McDonnell,Clear,Angle,no,no,no,no,no,False
103272600,METROPOLITAN NASHVILLE POLICE DEPT,20220178268,Davidson,Nashville,4/13/2022 5:00:00 PM,2,0,0,36.119940,-86.787560,KIRKWOOD AV,,,,0.00,,,,,,,0.00,,, ,,None,,,         ,Dakota,Davis,,,no,no,no,no,no,False
103272617,METROPOLITAN NASHVILLE POLICE DEPT,20220178167,Davidson,Nashville,4/13/2022 4:00:00 PM,2,0,0,36.110080,-86.813770,HOODS HILL RD,,,,509.00,Feet,East,VALLEY BROOK RD,,,,0.00,N,Not at Intersection, ,,None,,,         ,Heather,Fox,,,no,no,no,no,no,False
103272628,METROPOLITAN NASHVILLE POLICE DEPT,20220178188,Davidson,Nashville,4/13/2022 4:40:00 PM,2,5,0,36.117110,-86.791550,GALE LN,,,,0.00,,,GRANNY WHITE PKE,,,,0.00,Y,Four-Way,N,Intersection,None,,,         ,Cory,Stratton,Clear,Angle,no,no,no,no,no,False
103272639,METROPOLITAN NASHVILLE POLICE DEPT,20220178285,Davidson,Nashville,4/13/2022 5:31:00 PM,2,0,0,36.095690,-86.707920,I 24,,,,0.00,,,,,,,54.90,N,Not at Intersection, ,Non-Junction,None,,,         ,Austin,Binner,Cloudy,Front to Rear,no,no,no,no,no,False
103272646,METROPOLITAN NASHVILLE POLICE DEPT,20220178270,Davidson,Nashville,4/13/2022 5:36:00 PM,2,0,0,36.161020,-86.777200,BROADWAY,,,,0.00,,,4TH AVN,,,,0.00,Y,Four-Way, ,Intersection,None,,,         ,Russell,Freeman,Cloudy,Angle,no,no,no,no,no,False
103272648,METROPOLITAN NASHVILLE POLICE DEPT,20220178083,Davidson,Antioch,4/13/2022 3:45:00 PM,3,0,0,36.028170,-86.590270,MURFREESBORO PKE,,,,87.00,Feet,South,LAVERGNE COUCHVILLE PKE,,,,0.00,N,Not at Intersection,N,Non-Junction,None,,,         ,Nathaniel,Myers,Clear,Angle,no,no,no,no,yes,False
103272663,METROPOLITAN NASHVILLE POLICE DEPT,20220178338,Davidson,Nashville,4/13/2022 6:40:00 PM,2,0,0,36.152870,-86.789930,DEMONBREUN ST,,,,452.00,Feet,North,MUSIC CIRE,,,,0.00,N,Not at Intersection, ,Non-Junction,None,,,         ,Dakota,Davis,Cloudy,"Sideswipe, Same Direction",no,no,no,no,no,False
103272664,METROPOLITAN NASHVILLE POLICE DEPT,20220178328,Davidson,Nashville,4/13/2022 6:25:00 PM,2,0,0,36.158440,-86.864090,BRILEY PKWYS,,,,424.00,Feet,West,STERLING POINT CIR,,,,0.00,N,Not at Intersection,N,Non-Junction,None,,,         ,Benjamin,Cantrell,Cloudy,"Sideswipe, Same Direction",no,no,no,no,yes,False
103272667,METROPOLITAN NASHVILLE POLICE DEPT,20220178077,Davidson,Nashville,4/13/2022 3:40:00 PM,3,1,0,36.129490,-86.903310,CHARLOTTE PKE,,,,0.00,,,DAVIDSON DR,,,,0.00,Y,T-Intersection,N,Intersection,None,,,         ,Dillon,Hanna,Clear,Angle,no,no,no,no,no,False
103272689,METROPOLITAN NASHVILLE POLICE DEPT,20220178161,Davidson,Nashville,4/13/2022 5:14:00 PM,2,0,0,36.047610,-86.663190,I 24,,,,0.00,,,,,,,59.10,N,Not at Intersection, ,Non-Junction,None,,,         ,Nadine,Klemenz,Clear,Not Collision with Motor Vehicle in Transport,no,no,no,no,no,False
103272690,METROPOLITAN NASHVILLE POLICE DEPT,20220178231,Davidson,Nashville,4/13/2022 4:52:00 PM,2,0,0,36.083710,-86.705710,LARGO DR,,,,0.00,,,LINBAR DR,,,,0.00,Y,Four-Way, ,,None,,,         ,Stacia,Getz,,,no,no,no,no,no,False
103272697,METROPOLITAN NASHVILLE POLICE DEPT,20220178310,Davidson,Nashville,4/13/2022 5:43:00 PM,2,0,0,36.091110,-86.651190,MURFREESBORO PKE,,,,54.00,Feet,South,BRITISH WOODS DR,,,,0.00,N,Not at Intersection, ,Non-Junction,None,,,         ,Joshua,Zambrano-Vera,Cloudy,Angle,no,no,no,no,no,False
103272699,METROPOLITAN NASHVILLE POLICE DEPT,20220178203,Davidson,Nashville,4/13/2022 4:50:00 PM,2,0,0,36.154480,-86.779480,PALMER PL,,,,0.00,,,PALMER PL,,,,0.00,Y,Roundabout,N,Intersection,None,,,         ,Russell,Freeman,Clear,Angle,no,no,no,no,yes,False
103272701,METROPOLITAN NASHVILLE POLICE DEPT,20220178226,Davidson,Nashville,4/13/2022 3:40:00 PM,2,0,0,36.206650,-86.778190,W TRINITY LN,,,,72.00,Feet,East,HAMPTON ST,,,,0.00,N,Not at Intersection,N,Non-Junction,None,,,         ,Ty,Cummings,Clear,"Sideswipe, Same Direction",no,no,no,no,yes,False
103272702,METROPOLITAN NASHVILLE POLICE DEPT,20220178025,Davidson,Nashville,4/13/2022 3:16:00 PM,2,0,0,36.062980,-86.916870,OLD HICKORY BLVD,,,,58.00,Feet,South,BELLEVUE RD,,,,0.00,N,Not at Intersection,N,Non-Junction,None,,,         ,Eric,Westbrook,Clear,Front to Rear,no,no,no,no,no,False
103272703,METROPOLITAN NASHVILLE POLICE DEPT,20220178335,Davidson,Not in City Limit,4/13/2022 6:36:00 PM,1,2,0,36.144730,-86.952620,RIVER ROAD PKE,,,,1306.00,Feet,South,RIVER ROAD PKE PVTDR,,,,0.00,N,Not at Intersection,N,Non-Junction,None,,,         ,Eric,Westbrook,Cloudy,Not Collision with Motor Vehicle in Transport,no,no,no,no,no,False
103272709,THP District 3 - Nashville,322028117,Davidson,Nashville,4/12/2022 12:30:00 PM,2,0,0,36.105730,-86.673340,DONELSON PKE,,,,191.00,Feet,South,MURFREESBORO PKE,,,,0.00,N,Not at Intersection, ,Non-Junction,None,,,         ,Abasse,Meite,Clear,Front to Rear,no,no,no,no,no,False
103272729,METROPOLITAN NASHVILLE POLICE DEPT,20220178482,Davidson,Nashville,4/13/2022 8:19:00 PM,1,0,0,36.064790,-86.686200,PACKARD DR,,,,155.00,Feet,West,VILLAS OF BAVARIA PVTDR,,,,0.00,N,Not at Intersection,N,Non-Junction,None,,,         ,Laura,Williams,Rain,Unknown,no,no,no,no,yes,False
103272732,METROPOLITAN NASHVILLE POLICE DEPT,20220178337,Davidson,Goodlettsville,4/13/2022 5:35:00 PM,2,0,0,36.292810,-86.695370,MYATT DR,,,,491.00,Feet,South,SPRING BRANCH DR,,,,0.00,N,Not at Intersection, ,Non-Junction,None,,,         ,Joshua,Dodge,Cloudy,Angle,no,no,no,no,no,False
103272747,METROPOLITAN NASHVILLE POLICE DEPT,20220178448,Davidson,Nashville,4/13/2022 8:00:00 PM,1,0,0,36.135520,-86.801010,21ST AVS,,,,38.00,Feet,South,ACKLEN AV,,,,0.00,N,Not at Intersection, ,,None,,,         ,Cory,Stratton,,,no,no,no,no,no,Campus
103272749,METROPOLITAN NASHVILLE POLICE DEPT,20220178308,Davidson,Not in City Limit,4/13/2022 12:00:00 AM,3,2,0,36.257430,-86.713910,GALLATIN PKES,,,,65.00,Feet,North,HARRINGTON AV,,,,0.00,N,Not at Intersection,N,Non-Junction,None,,,         ,Amanda,Topping,Clear,Front to Rear,no,no,no,no,yes,False
103272757,METROPOLITAN NASHVILLE POLICE DEPT,20220178464,Davidson,Nashville,4/13/2022 8:07:00 PM,1,0,0,36.127860,-86.901170,I 40,,,,0.00,,,,,,,200.80,N,Not at Intersection,N,Non-Junction,None,,,         ,Steven,Begley,Rain,Not Collision with Motor Vehicle in Transport,no,no,no,no,no,False
103272759,METROPOLITAN NASHVILLE POLICE DEPT,20220178397,Davidson,Nashville,4/13/2022 7:21:00 PM,2,1,0,36.173180,-86.791350,ROSA L PARKS BLVD,,,,35.00,Feet,South,JEFFERSON ST,,,,0.00,N,Not at Intersection,N,Non-Junction,None,,,         ,Brent,Morris,Rain,HeadOn,no,no,no,no,no,False
103272773,METROPOLITAN NASHVILLE POLICE DEPT,20220178395,Davidson,Nashville,4/13/2022 6:48:00 PM,2,0,0,36.208240,-86.767400,DICKERSON PKE,,,,0.00,,,GRIZZARD AV,,,,0.00,Y,T-Intersection, ,Intersection-Related,None,,,         ,Zachary,Triano,Cloudy,Angle,no,no,no,no,no,False
103272780,METROPOLITAN NASHVILLE POLICE DEPT,20220178594,Davidson,Nashville,4/13/2022 9:20:00 PM,1,0,0,36.193160,-86.830410,CLARKSVILLE PKE,,,,303.00,Feet,East,BUENA VISTA PKE,,,,0.00,N,Not at Intersection, ,Non-Junction,None,,,         ,Luke,Steigerwalt,Rain,Not Collision with Motor Vehicle in Transport,no,no,no,yes,yes,False
103272788,METROPOLITAN NASHVILLE POLICE DEPT,20220178310,Davidson,Nashville,4/13/2022 5:40:00 PM,2,0,0,36.087790,-86.649240,MURFREESBORO PKE,,,,375.00,Feet,North,NASHBORO BLVD,,,,0.00,N,Not at Intersection,N,Non-Junction,None,,,         ,Theodore,Flick,Cloudy,Angle,no,no,no,yes,yes,False
103272789,METROPOLITAN NASHVILLE POLICE DEPT,20220178681,Davidson,Nashville,4/13/2022 8:10:00 PM,1,0,0,36.121360,-86.727270,I 24,,,,0.00,,,,,,,52.80,N,Not at Intersection,N,Non-Junction,None,,,         ,Jonathan,Handley,Rain,Not Collision with Motor Vehicle in Transport,no,no,no,no,no,False
103272791,METROPOLITAN NASHVILLE POLICE DEPT,20220178591,Davidson,Nashville,4/13/2022 9:20:00 PM,1,0,0,36.014670,-86.725580,HOLT RD,,,,0.00,,East,HOLT HILLS RD,,,,0.00,N,Not at Intersection, ,,None,,,         ,Sierra,Walker,,,no,no,no,no,no,False
103272800,METROPOLITAN NASHVILLE POLICE DEPT,20220178292,Davidson,Nashville,4/13/2022 12:00:00 AM,3,1,0,36.152640,-86.625070,STEWARTS FERRY PKE,,,,146.00,Feet,North,BELL RD,,,,0.00,N,Not at Intersection,N,Non-Junction,None,,,         ,Keenan,McCann,Cloudy,Front to Rear,no,no,no,no,no,False
103272804,METROPOLITAN NASHVILLE POLICE DEPT,20220178592,Davidson,Nashville,4/13/2022 9:22:00 PM,1,0,0,36.014670,-86.725580,HOLT RD,,,,0.00,Feet,East,HOLT HILLS RD,,,,0.00,N,Not at Intersection, ,,None,,,         ,Sierra,Walker,,,no,no,no,no,no,False
103272808,METROPOLITAN NASHVILLE POLICE DEPT,20220178340,Davidson,Nashville,4/13/2022 6:29:00 PM,2,0,0,36.145570,-86.666690,DONELSON PKE,,,,0.00,Feet,North,SHACKLETT DR,,,,0.00,N,Not at Intersection, ,Non-Junction,None,,,         ,Douglas,Mann,Cloudy,Angle,no,no,no,no,no,False
103272817,Nashville Airport Police,2022-01411,Davidson,Nashville,4/13/2022 12:00:00 AM,2,1,0,36.139830,-86.666320,DONELSON PKE,,,,0.00,,,I40 E ENT RAMP,,,,0.00,Y,OTHER,N,Non-Junction,None,,,         ,Sierra,Tomlin,Clear,Other,no,no,no,no,no,False
103272821,METROPOLITAN NASHVILLE POLICE DEPT,20220178773,Davidson,Nashville,4/13/2022 9:00:00 PM,1,0,0,36.118480,-86.768190,I65 ENT RAMP,,,,91.00,Feet,East,I 440,,,,0.00,N,Not at Intersection,N,Non-Junction,None,,,         ,Robert,Leverick,Rain,Not Collision with Motor Vehicle in Transport,no,no,no,no,no,False
103272825,METROPOLITAN NASHVILLE POLICE DEPT,20220178706,Davidson,Nashville,4/13/2022 9:29:00 PM,2,0,0,36.169840,-86.591600,I 40,,,,0.00,,,,,,,221.35,N,Not at Intersection, ,Non-Junction,None,,,         ,Ryan,Malone,,"Sideswipe, Same Direction",no,no,no,no,yes,False
103272826,METROPOLITAN NASHVILLE POLICE DEPT,20220178703,Davidson,Nashville,4/13/2022 12:00:00 AM,1,1,0,36.208150,-86.735140,GALLATIN PKE,,,,95.00,Feet,North,IVERSON AV,,,,0.00,N,Not at Intersection,N,Non-Junction,None,,,         ,Shaquille,Graham,Rain,Not Collision with Motor Vehicle in Transport,no,no,no,no,no,False
103272837,METROPOLITAN NASHVILLE POLICE DEPT,20220178660,Davidson,Nashville,4/13/2022 9:45:00 PM,1,1,0,36.253640,-86.739020,I 65,,,,0.00,,,,,,,91.45,N,Not at Intersection,N,Non-Junction,None,,,         ,Jonathon,Sheppard,Clear,Not Collision with Motor Vehicle in Transport,no,no,no,no,no,False
103272838,METROPOLITAN NASHVILLE POLICE DEPT,20220178129,Davidson,Nashville,4/13/2022 3:40:00 PM,2,0,0,36.039050,-86.743420,EDMONDSON PKE,,,,350.00,Feet,South,OLD HICKORY BLVD,,,,0.00,N,Not at Intersection,N,Non-Junction,None,,,         ,Eric,Modransky,Clear,Angle,no,no,no,no,no,False
103272839,METROPOLITAN NASHVILLE POLICE DEPT,20220178250,Davidson,Nashville,4/13/2022 5:20:00 PM,2,1,0,36.080800,-86.726720,NOLENSVILLE PKE,,,,451.00,Feet,North,HARDING PL,,,,0.00,N,Not at Intersection,N,Non-Junction,None,,,         ,Eric,Modransky,Cloudy,Angle,no,no,no,no,no,False
103272840,METROPOLITAN NASHVILLE POLICE DEPT,20220178603,Davidson,Nashville,4/13/2022 8:20:00 PM,2,0,0,36.098890,-86.871890,HEADY DR,,,,0.00,,,HIGHWAY 100,,,,0.00,Y,Four-Way, ,Intersection,None,,,         ,John,Jones,Rain,HeadOn,no,no,no,no,no,False
103272841,METROPOLITAN NASHVILLE POLICE DEPT,20220178739,Davidson,Nashville,4/13/2022 9:45:00 PM,1,1,0,36.050140,-86.667050,I 24,,,,0.00,,,,,,,58.85,N,Not at Intersection,N,Non-Junction,None,,,         ,Amanda,Hanna,Rain,Not Collision with Motor Vehicle in Transport,no,no,no,no,no,False
103272842,METROPOLITAN NASHVILLE POLICE DEPT,20220178452,Davidson,Nashville,4/13/2022 8:00:00 PM,2,1,0,36.145880,-86.666620,DONELSON PKE,,,,27.00,Feet,South,ROYAL PKWY,,,,0.00,N,Not at Intersection,N,Non-Junction,None,,,         ,Douglas,Mann,,Front to Rear,no,no,no,no,yes,False
103272847,METROPOLITAN NASHVILLE POLICE DEPT,20220178598,Davidson,Nashville,4/13/2022 8:42:00 PM,2,4,0,36.125240,-86.905460,I 40,,,,0.00,,,,,,,200.50,N,Not at Intersection,N,Non-Junction,None,,,         ,Matthew,Jorgensen,Rain,Front to Rear,no,no,no,no,no,False
103272848,METROPOLITAN NASHVILLE POLICE DEPT,20220178568,Davidson,Antioch,4/13/2022 9:09:00 PM,2,1,0,36.053680,-86.672890,I 24,,,,0.00,,,,,,,58.45,N,Not at Intersection,N,Non-Junction,None,,,         ,Nathaniel,Myers,Rain,Angle,no,no,no,no,yes,False
103272849,METROPOLITAN NASHVILLE POLICE DEPT,20220178755,Davidson,Nashville,4/13/2022 10:31:00 PM,1,0,0,36.053680,-86.672890,I 24,,,,0.00,,,,,,,58.45,N,Not at Intersection, ,Non-Junction,None,,,         ,Nathaniel,Myers,Rain,Not Collision with Motor Vehicle in Transport,no,no,no,no,no,False
103272860,METROPOLITAN NASHVILLE POLICE DEPT,20220178495,Davidson,Not in City Limit,4/13/2022 8:23:00 PM,1,2,0,36.257500,-86.677700,CHEYENNE BLVD,,,,6.00,Feet,North,MANZANO RD,,,,0.00,N,Not at Intersection,N,Non-Junction,None,,,         ,Derek,Sibley,Rain,Not Collision with Motor Vehicle in Transport,no,no,no,no,no,False
103272863,METROPOLITAN NASHVILLE POLICE DEPT,20220178236,Davidson,Nashville,4/13/2022 5:19:00 PM,3,1,0,36.168610,-86.776360,JAMES ROBERTSON PKWY,,,,354.00,Feet,East,WOODLAND ST,,,,0.00,N,Not at Intersection,N,Non-Junction,None,,,         ,Jacob,Robbins,Cloudy,Front to Rear,no,no,no,no,no,False
103272865,METROPOLITAN NASHVILLE POLICE DEPT,20220178846,Davidson,Nashville,4/13/2022 9:10:00 PM,1,0,0,36.078110,-86.673800,FRANKLIN LIMESTONE RD,,,,1039.00,Feet,North,MULLINS RD,,,,0.00,N,Not at Intersection,N,Non-Junction,None,,,         ,Eric,Laury,Rain,Not Collision with Motor Vehicle in Transport,no,no,no,no,no,False
103272870,THP District 3 - Nashville,322028313,Davidson,Nashville,4/12/2022 10:57:00 PM,2,0,0,36.118020,-86.726110,I 24,,,,0.00,,,,,,,53.05,N,Not at Intersection, ,Non-Junction,None,,,         ,Kristopher,Krasnow,Clear,Not Collision with Motor Vehicle in Transport,no,no,no,no,yes,False
103272873,METROPOLITAN NASHVILLE POLICE DEPT,20220178528,Davidson,Nashville,4/13/2022 12:00:00 AM,2,0,0,36.084830,-86.728190,NOLENSVILLE PKE,,,,0.00,,,PARAGON MILLS RD,,,,0.00,Y,T-Intersection, ,Intersection-Related,None,,,         ,Clayton,Cox,Rain,Angle,no,no,no,yes,no,False
103272875,METROPOLITAN NASHVILLE POLICE DEPT,20220178623,Davidson,Not in City Limit,4/13/2022 12:00:00 AM,2,0,0,36.078540,-86.950810,HIGHWAY 70S,,,,0.00,Feet,,BELLEVUE CTR PVTDR,,,,0.00,Y,T-Intersection,N,Intersection,None,,,         ,Jerre,Fly,Rain,Front to Rear,no,no,no,no,yes,False
103272879,METROPOLITAN NASHVILLE POLICE DEPT,20220178899,Davidson,Nashville,4/13/2022 11:50:00 PM,1,0,0,36.029600,-86.712540,NOLENSVILLE PKE,,,,370.00,Feet,West,KINHAWK DR,,,,0.00,N,Not at Intersection, ,Non-Junction,None,,,         ,Sierra,Walker,Rain,Not Collision with Motor Vehicle in Transport,no,no,no,no,no,False
103272902,METROPOLITAN NASHVILLE POLICE DEPT,20220178705,Davidson,Not in City Limit,4/13/2022 10:05:00 PM,1,1,0,36.062090,-86.952350,MORTON MILL RD,,,,350.00,Feet,North,NORTHRIDGE DR,,,,0.00,N,Not at Intersection,N,Non-Junction,None,,,         ,David,Moser,Rain,Not Collision with Motor Vehicle in Transport,no,no,no,no,no,False
103272903,METROPOLITAN NASHVILLE POLICE DEPT,20220179126,Davidson,Nashville,4/14/2022 2:50:00 AM,1,0,0,36.112410,-86.723480,I 24,,,,0.00,,,,,,,53.45,N,Not at Intersection,N,Non-Junction,None,,,         ,Jonathan,Handley,Rain,Not Collision with Motor Vehicle in Transport,no,no,no,no,no,False
103272934,METROPOLITAN NASHVILLE POLICE DEPT,20220179223,Davidson,Nashville,4/14/2022 4:00:00 AM,1,0,0,36.024980,-86.615920,OLD HICKORY BLVD,,,,2151.00,Feet,South,LOGISTICS WAY,,,,0.00,N,Not at Intersection, ,Non-Junction,None,,,         ,Jonathan,Handley,Rain,Not Collision with Motor Vehicle in Transport,no,no,no,no,no,False
103272951,METROPOLITAN NASHVILLE POLICE DEPT,20220179226,Davidson,Nashville,4/14/2022 5:24:00 AM,1,0,0,36.153230,-86.789150,DEMONBREUN ST,,,,251.00,Feet,West,14TH AVS,,,,0.00,N,Not at Intersection,N,Non-Junction,None,,,         ,Taylor,Hurley,Cloudy,Not Collision with Motor Vehicle in Transport,no,no,no,no,no,False
103272957,GOODLETTSVILLE POLICE DEPT,22-11118,Davidson,Goodlettsville,4/13/2022 5:20:00 PM,2,0,0,36.322260,-86.713310,S MAIN ST,,,,0.00,,,LONG HOLLOW PKE,,,,0.00,Y,Four-Way, ,Intersection,None,,,         ,Rico,Jones,Cloudy,Angle,no,no,no,no,no,False
103272960,METROPOLITAN NASHVILLE POLICE DEPT,20220179201,Davidson,Nashville,4/14/2022 2:00:00 AM,2,0,0,36.024980,-86.615920,OLD HICKORY BLVD,,,,2151.00,Feet,South,LOGISTICS WAY,,,,0.00,N,Not at Intersection, ,Non-Junction,None,,,         ,Jonathan,Handley,Rain,Not Collision with Motor Vehicle in Transport,no,no,no,no,no,False
103273025,METROPOLITAN NASHVILLE POLICE DEPT,20220179301,Davidson,Nashville,4/14/2022 6:45:00 AM,1,0,0,36.071040,-86.920520,OLD HICKORY BLVD,,,,597.00,Feet,South,BELLEVUE VALLEY PLAZA PVTDR,,,,0.00,N,Not at Intersection,N,Non-Junction,None,,,         ,Wesley,Tilley,Clear,Not Collision with Motor Vehicle in Transport,no,no,no,no,no,False
103273036,METROPOLITAN NASHVILLE POLICE DEPT,20220179304,Davidson,Nashville,4/14/2022 6:46:00 AM,2,0,0,36.167010,-86.763730,SHELBY AV,,,,0.00,,,S 4TH ST,,,,0.00,Y,T-Intersection, ,Intersection,None,,,         ,William,Clemons,Clear,"Sideswipe, Same Direction",no,no,no,no,no,False
103273040,METROPOLITAN NASHVILLE POLICE DEPT,20220179368,Davidson,Nashville,4/14/2022 7:25:00 AM,2,0,0,36.160170,-86.760490,I 24,,,,0.00,,,,,,,49.60,N,Not at Intersection, ,,None,,,         ,Christian,Stephens,,,no,no,no,no,no,False
103273056,GOODLETTSVILLE POLICE DEPT,22-11160,Davidson,Goodlettsville,4/14/2022 6:29:00 AM,2,1,0,36.310220,-86.705030,RIVERGATE PKWY,,,,0.00,,,I65 S EXT RAMP,,,,0.00,Y,T-Intersection,N,Intersection,None,,,         ,George,Forbes,Clear,Angle,no,no,no,no,no,False
103273059,METROPOLITAN NASHVILLE POLICE DEPT,20220179329,Davidson,Not in City Limit,4/14/2022 7:01:00 AM,2,0,0,36.137960,-86.947920,RIVER ROAD PKE,,,,2291.00,Feet,East,INDIAN CREEK RD,,,,0.00,N,Not at Intersection,N,Non-Junction,None,,,         ,Nathan,Mayo,Clear,Angle,no,no,no,no,yes,False
103273067,METROPOLITAN NASHVILLE POLICE DEPT,20220179434,Davidson,Nashville,4/14/2022 8:06:00 AM,2,1,0,36.190530,-86.744290,GREENWOOD AV,,,,208.00,Feet,West,N 12TH ST,,,,0.00,N,Not at Intersection,N,Non-Junction,None,,,         ,Steven,Meador,Clear,Front to Rear,no,no,no,no,no,False
103273076,METROPOLITAN NASHVILLE POLICE DEPT,20220179410,Davidson,Nashville,4/14/2022 7:55:00 AM,1,1,0,36.116750,-86.839150,WOODMONT BLVD,,,,136.00,Feet,East,WOODMONT LN,,,,0.00,N,Not at Intersection,N,Non-Junction,None,,,         ,Miranda,Vaughn,Clear,Not Collision with Motor Vehicle in Transport,no,no,no,no,no,False
103273086,METROPOLITAN NASHVILLE POLICE DEPT,20220179499,Davidson,Nashville,4/14/2022 8:27:00 AM,1,0,0,36.121130,-86.809160,SHARONDALE DR,,,,47.00,Feet,East,SHARONDALE CT,,,,0.00,N,Not at Intersection,N,Non-Junction,None,,,         ,Allison,Zornes,Clear,Not Collision with Motor Vehicle in Transport,no,no,no,no,no,False
103273095,METROPOLITAN NASHVILLE POLICE DEPT,20220179484,Davidson,Nashville,4/14/2022 12:00:00 AM,1,0,0,36.030470,-86.712550,NOLENSVILLE PKE,,,,200.00,Feet,South,KINHAWK DR,,,,0.00,N,Not at Intersection,N,Non-Junction,None,,,         ,Donald,Davidson,Clear,Not Collision with Motor Vehicle in Transport,no,no,no,no,yes,False
103273105,METROPOLITAN NASHVILLE POLICE DEPT,20220179406,Davidson,Nashville,4/14/2022 4:30:00 AM,2,0,0,36.187760,-86.814620,MCKINNEY AVE,,,,84.00,Feet,West,23RD AVE N,,,,0.00,N,Not at Intersection,N,Non-Junction,None,,,         ,Christopher,Alsup,Unknown,Unknown,no,no,no,no,yes,False
103273125,METROPOLITAN NASHVILLE POLICE DEPT,20220179432,Davidson,Nashville,4/14/2022 8:04:00 AM,2,0,0,36.083630,-86.757190,TIMBERHILL DR,,,,0.00,,,TROUSDALE DR,,,,0.00,Y,T-Intersection, ,Intersection,None,,,         ,Justin,Pinkelton,Clear,Angle,no,no,no,no,no,False
103273132,GOODLETTSVILLE POLICE DEPT,22-11169,Davidson,Goodlettsville,4/14/2022 1:00:00 AM,1,0,0,36.314720,-86.709800,RIVERGATE PKWY,,,,0.00,,,EAST AV,,,,0.00,Y,T-Intersection,N,Intersection,None,,,         ,Rico,Jones,Rain,Not Collision with Motor Vehicle in Transport,no,no,no,no,no,False
103273144,METROPOLITAN NASHVILLE POLICE DEPT,20220179540,Davidson,Nashville,4/14/2022 9:25:00 AM,2,1,0,36.069590,-86.693910,HAYWOOD LN,,,,0.00,,,EZELL RD,,,,0.00,Y,Four-Way,N,Intersection,None,,,         ,Patrick,Martin,Clear,Angle,no,no,no,no,no,False
103273152,METROPOLITAN NASHVILLE POLICE DEPT,20220179565,Davidson,Nashville,4/14/2022 9:31:00 AM,2,0,0,36.201110,-86.776810,I 65,,,,0.00,,,,,,,86.90,N,Not at Intersection, ,,None,,,         ,Zachary,Nichols,,,no,no,no,no,no,False
103273166,METROPOLITAN NASHVILLE POLICE DEPT,20220179718,Davidson,Not in City Limit,4/14/2022 10:59:00 AM,2,0,0,36.275860,-86.797960,I24 W EXT RAMP,,,,384.00,Feet,South,OLD HICKORY BLVD,,,,0.00,N,Not at Intersection, ,Entrance/Exit Ramp Related,None,,,         ,Christopher,Littles,Clear,Front to Rear,no,no,no,no,no,False
103273175,METROPOLITAN NASHVILLE POLICE DEPT,20220179591,Davidson,Nashville,4/14/2022 9:53:00 AM,2,1,0,36.158290,-86.771890,1ST AVS,,,,0.00,,,KOREAN VETERANS BLVD,,,,0.00,Y,Four-Way,N,Intersection,None,,,         ,Christian,Stephens,Clear,Front to Rear,no,no,no,no,no,False