master_record_number,agency,agency_tracking_number,county,city,collision_date,vehicles_involved,number_injured,number_dead,latitude,longitude,roadway_name,roadway_suffix,roadway_number,roadway_local_id,distance_from_reference,miles-feet_indicator,direction_from_reference,intersection_road_name,intersection_road_name_suffix,intersection_road_number,intersection_local_id,mile_marker,intersection_indicator,intersect_type,interchange_related_indicator,relation_to_junction,work_zone_type,construction_maintenance_zone,construction_maintenance_zone_location,fatal_case_number,officer_first_name,officer_last_name,weather_condition(s),manner_of_crash,pedestrian,bicycle,scooter,parking,hitrun,mou
103274079,METROPOLITAN NASHVILLE POLICE DEPT,20220180800,Davidson,Nashville,4/14/2022 9:58:00 PM,2,3,0,36.233610,-86.746800,ELLINGTON PKWYN,,,,331.00,Feet,North,I65 N ENT RAMP,,,,0.00,N,Not at Intersection,N,Non-Junction,None,,,         ,Joseph,Gonzales,Clear,Front to Rear,no,no,no,no,yes,False
103274082,Nashville Airport Police,2022-01399,Davidson,Nashville,4/13/2022 12:00:00 AM,2,0,0,36.106900,-86.668310,FAIRCLOTH LN,,,,0.00,,,,,,,0.00,,,N,Non-Junction,None,,,         ,Patrick,Nicholson,Clear,Angle,no,no,no,yes,no,False
103274083,METROPOLITAN NASHVILLE POLICE DEPT,20220181417,Davidson,Nashville,4/15/2022 5:52:00 AM,2,1,0,36.168670,-86.688590,BRILEY PKWYS,,,,0.00,,,BRILEY PKWY S ENT RAMP,,,,0.00,Y,OTHER,N,OtherLocation,None,,,         ,Bridget,Griepentrog,Clear,"Sideswipe, Same Direction",no,no,no,no,no,False
103274084,METROPOLITAN NASHVILLE POLICE DEPT,20220181045,Davidson,Nashville,4/14/2022 9:04:00 PM,2,0,0,36.081730,-86.633780,RAVINE DR,,,,445.00,Feet,North,MESA DR,,,,0.00,N,Not at Intersection, ,Non-Junction,None,,,         ,Dylan,Motes,Clear,Front to Rear,no,no,no,no,no,False
103274088,METROPOLITAN NASHVILLE POLICE DEPT,20220181339,Davidson,Nashville,4/15/2022 12:00:00 AM,1,0,0,36.183220,-86.677440,MCGAVOCK PKE,,,,17.00,Feet,North,TWO RIVERS PKWY,,,,0.00,N,Not at Intersection,N,Non-Junction,None,,,         ,Timothy,Lehnert,Clear,Not Collision with Motor Vehicle in Transport,no,no,no,no,no,False
103274089,METROPOLITAN NASHVILLE POLICE DEPT,20220181326,Davidson,Nashville,4/15/2022 3:19:00 AM,2,2,0,36.079250,-86.726220,NOLENSVILLE PKE,,,,132.00,Feet,South,HARDING PL,,,,0.00,N,Not at Intersection,N,Non-Junction,None,,,         ,Robert,Leverick,Clear,Front to Rear,no,no,no,no,yes,False
103274090,METROPOLITAN NASHVILLE POLICE DEPT,20220181412,Davidson,Not in City Limit,4/15/2022 5:40:00 AM,2,2,0,36.335610,-86.910420,I 24,,,,0.00,,,,,,,32.50,N,Not at Intersection,N,Non-Junction,None,,,         ,Nathan,Sizemore,Clear,Front to Rear,no,no,no,no,no,False
103274104,METROPOLITAN NASHVILLE POLICE DEPT,20220181461,Davidson,Nashville,4/15/2022 12:00:00 AM,2,0,0,36.169310,-86.605510,I 40,,,,0.00,,,,,,,220.60,N,Not at Intersection,N,Entrance/Exit Ramp Related,None,,,         ,Adam,Gartner,Clear,"Sideswipe, Same Direction",no,no,no,no,no,False
103274125,METROPOLITAN NASHVILLE POLICE DEPT,20220181470,Davidson,Nashville,4/15/2022 5:41:00 AM,1,0,0,36.155540,-86.862340,ROBERTSON AV,,,,0.00,,,NICHOL RD,,,,0.00,Y,T-Intersection,N,Intersection,None,,,         ,John,Jones,Clear,Not Collision with Motor Vehicle in Transport,no,no,no,no,yes,False
103274130,METROPOLITAN NASHVILLE POLICE DEPT,20220181509,Davidson,Not in City Limit,4/15/2022 7:00:00 AM,2,0,0,36.034750,-86.979950,HIGHWAY 100,,,,213.00,Feet,West,NATCHEZ TRACE PKWY EXT RAMP,,,,0.00,N,Not at Intersection,N,Non-Junction,None,,,         ,Wesley,Tilley,Clear,Angle,no,no,no,no,no,False
103274154,METROPOLITAN NASHVILLE POLICE DEPT,20220181599,Davidson,Nashville,4/15/2022 12:00:00 AM,2,0,0,36.173250,-86.796060,SCOVEL ST,,,,217.00,Feet,West,10TH AVN,,,,0.00,N,Not at Intersection,N,Non-Junction,None,,,         ,Rachel,Susee,Clear,"Sideswipe, Same Direction",no,no,no,no,yes,False
103274169,METROPOLITAN NASHVILLE POLICE DEPT,20220181588,Davidson,Nashville,4/15/2022 8:25:00 AM,2,0,0,36.085970,-86.701430,I24 E EXT RAMP,,,,0.00,,East,I 24,,,,0.00,N,Not at Intersection,N,Non-Junction,None,,,         ,Tavin,Emlund,Clear,Angle,no,no,no,no,no,False
103274172,METROPOLITAN NASHVILLE POLICE DEPT,20220181562,Davidson,Nashville,4/15/2022 12:00:00 AM,1,0,0,36.148820,-86.797250,CHET ATKINS PL,,,,210.00,Feet,East,20TH AVS,,,,0.00,N,Not at Intersection, ,Non-Junction,None,,,         ,Wyatt,Blacker,Clear,Not Collision with Motor Vehicle in Transport,no,no,no,no,no,False
103274173,METROPOLITAN NASHVILLE POLICE DEPT,20220181535,Davidson,Antioch,4/15/2022 7:30:00 AM,2,2,0,36.059400,-86.599650,HAMILTON CHURCH RD,,,,0.00,,,HOBSON PKE,,,,0.00,Y,Four-Way,Y,Intersection,None,,,         ,Steven,Williams,Clear,Angle,no,no,no,no,no,False
103274179,METROPOLITAN NASHVILLE POLICE DEPT,20220181609,Davidson,Nashville,4/15/2022 8:42:00 AM,2,0,0,36.147430,-86.799390,GRAND AV,,,,0.00,,,21ST AVS,,,,0.00,Y,T-Intersection, ,Intersection,None,,,         ,Justin,Pinkelton,Clear,Front to Rear,no,no,no,no,no,Campus
103274181,METROPOLITAN NASHVILLE POLICE DEPT,20220181593,Davidson,Nashville,4/15/2022 8:00:00 AM,2,0,0,36.171430,-86.769040,JAMES ROBERTSON PKWY,,,,0.00,,,INTERSTATE DR,,,,0.00,Y,Four-Way,Y,Intersection,None,,,         ,Daniel,Russett,Clear,Front to Rear,no,no,no,no,yes,False
103274187,METROPOLITAN NASHVILLE POLICE DEPT,20220181608,Davidson,Nashville,4/15/2022 8:41:00 AM,1,0,0,36.186460,-86.777200,COWAN ST,,,,560.00,Feet,North,COWAN CT,,,,0.00,N,Not at Intersection, ,Non-Junction,None,,,         ,Scott,Edwards,Clear,Not Collision with Motor Vehicle in Transport,no,no,no,yes,no,False
103274195,METROPOLITAN NASHVILLE POLICE DEPT,20220181589,Davidson,Nashville,4/15/2022 7:20:00 AM,2,0,0,36.154260,-86.828830,37TH AVN,,,,562.00,Feet,North,CHARLOTTE AV,,,,0.00,N,Not at Intersection, ,Non-Junction,None,,,         ,Michael,Pyle,Clear,Angle,no,no,no,no,no,False
103274214,METROPOLITAN NASHVILLE POLICE DEPT,20220181616,Davidson,Nashville,4/15/2022 8:45:00 AM,2,1,0,36.141180,-86.717590,I 40,,,,0.00,,,,,,,213.20,N,Not at Intersection,N,Non-Junction,None,,,         ,Patrick,Lancaster,Clear,Front to Rear,no,no,no,no,no,False
103274217,METROPOLITAN NASHVILLE POLICE DEPT,20220181564,Davidson,Nashville,4/15/2022 8:02:00 AM,2,2,0,36.179170,-86.773710,I 24,,,,0.00,,,,,,,47.75,N,Not at Intersection,N,Non-Junction,None,,,         ,Jason,Milyaro Lucas,Clear,"Sideswipe, Same Direction",no,no,no,no,no,False
103274248,METROPOLITAN NASHVILLE POLICE DEPT,20220181691,Davidson,Nashville,4/15/2022 9:55:00 AM,2,1,0,36.210040,-86.796240,WHITES CREEK PKE,,,,641.00,Feet,North,ILOLO ST,,,,0.00,N,Not at Intersection,N,Non-Junction,Utility Zone,,,         ,Chase,Harriman,Clear,HeadOn,no,no,no,no,no,False
103274257,METROPOLITAN NASHVILLE POLICE DEPT,20220181666,Davidson,Nashville,4/15/2022 9:42:00 AM,2,0,0,36.189580,-86.824340,CLARKSVILLE PKE,,,,500.00,Feet,West,ROSA L PARKS BLVD,,,,0.00,N,Not at Intersection, ,Non-Junction,None,,,         ,Jacob,Frederick,Clear,"Sideswipe, Same Direction",no,no,no,no,no,False
103274260,METROPOLITAN NASHVILLE POLICE DEPT,20220181680,Davidson,Madison,4/15/2022 9:45:00 AM,2,1,0,36.267390,-86.746480,OLD HICKORY BLVDW,,,,65.00,Feet,West,NESBITT DR,,,,0.00,N,Not at Intersection,N,Non-Junction,None,,,         ,Nicholas,Carter,Clear,Not Collision with Motor Vehicle in Transport,no,no,no,no,no,False
103274263,METROPOLITAN NASHVILLE POLICE DEPT,20220181632,Davidson,Madison,4/15/2022 9:00:00 AM,2,2,0,36.308930,-86.680150,GALLATIN PKEN,,,,424.00,Feet,East,RIVERCHASE BLVD,,,,0.00,N,Not at Intersection,N,Non-Junction,None,,,         ,Justan,Vance,Clear,Angle,no,no,no,no,no,False
103274419,METROPOLITAN NASHVILLE POLICE DEPT,20220181785,Davidson,Nashville,4/15/2022 10:45:00 AM,2,0,0,36.093600,-86.652720,MURFREESBORO PKE,,,,109.00,Feet,South,OLD MURFREESBORO PKE,,,,0.00,N,Not at Intersection,N,Non-Junction,None,,,         ,Kaitlyn,Qualls,Clear,"Sideswipe, Same Direction",no,no,no,no,no,False
103274440,METROPOLITAN NASHVILLE POLICE DEPT,20220181888,Davidson,Nashville,4/15/2022 12:05:00 PM,2,0,0,36.207260,-86.776420,I 65,,,,0.00,,,I65 S ENT RAMP,,,,0.00,Y,Y-Intersection,Y,OtherLocation,None,,,         ,Chase,Harriman,Clear,"Sideswipe, Same Direction",no,no,no,no,no,False
103274460,METROPOLITAN NASHVILLE POLICE DEPT,20220181874,Davidson,Nashville,4/15/2022 12:00:00 AM,1,0,0,36.247680,-86.778020,VILLAGE TRL,,,,0.00,,,BRICK CHURCH PKE,,,,0.00,Y,T-Intersection,N,Intersection-Related,None,,,         ,Wesley,Mcclelland,Cloudy,Not Collision with Motor Vehicle in Transport,no,no,no,no,no,False
103274461,METROPOLITAN NASHVILLE POLICE DEPT,20220181887,Davidson,Nashville,4/15/2022 12:15:00 PM,2,0,0,36.180950,-86.606590,OLD HICKORY BLVD,,,,626.00,Feet,East,FRIST BLVD,,,,0.00,N,Not at Intersection, ,Non-Junction,None,,,         ,Zachariah,Souza,Cloudy,Angle,no,no,no,no,no,False
103274550,METROPOLITAN NASHVILLE POLICE DEPT,20220181969,Davidson,Nashville,4/15/2022 1:10:00 PM,2,0,0,36.194440,-86.832460,CLARKSVILLE PKE,,,,284.00,Feet,East,W SUMMITT AV,,,,0.00,N,Not at Intersection, ,Non-Junction,None,,,         ,Billy,Price,Clear,Front to Rear,no,no,no,no,no,False
103274551,METROPOLITAN NASHVILLE POLICE DEPT,20220181860,Davidson,Nashville,4/14/2022 12:10:00 PM,1,1,0,36.221050,-86.727840,VIRGINIA AV,,,,311.00,Feet,West,GALLATIN PKE,,,,0.00,N,Not at Intersection,N,Non-Junction,None,,,         ,Matthew,Cammarn,Clear,Not Collision with Motor Vehicle in Transport,no,no,no,no,yes,False
103274578,METROPOLITAN NASHVILLE POLICE DEPT,20220181997,Davidson,Nashville,4/15/2022 1:36:00 PM,2,0,0,36.110290,-86.800350,GRAYBAR LN,,,,0.00,,,BELMONT BLVD,,,,0.00,Y,Four-Way, ,Intersection,None,,,         ,Justin,Pinkelton,Cloudy,Angle,no,no,no,no,no,False
103274644,METROPOLITAN NASHVILLE POLICE DEPT,20220181898,Davidson,Nashville,4/15/2022 11:46:00 AM,2,0,0,36.140860,-86.805040,24TH AVS,,,,284.00,Feet,North,PIERCE AV,,,,0.00,N,Not at Intersection, ,Non-Junction,None,,,         ,Cecelia,Brown,Clear,Angle,no,no,no,no,no,Campus
103274694,METROPOLITAN NASHVILLE POLICE DEPT,20220181995,Davidson,Nashville,4/15/2022 12:00:00 AM,2,0,0,36.168490,-86.813500,I40 E EXT RAMP,,,,0.00,,,I 40,,,,0.00,Y,Y-Intersection, ,Entrance/Exit Ramp Related,None,,,         ,Alex,Gibson,Cloudy,Front to Rear,no,no,no,no,no,False
103274715,METROPOLITAN NASHVILLE POLICE DEPT,20220182073,Davidson,Nashville,4/15/2022 2:15:00 PM,2,0,0,36.220460,-86.806650,PAIGE CIR,,,,311.00,Feet,South,REVELS DR,,,,0.00,N,Not at Intersection,N,Non-Junction,None,,,         ,Chase,Harriman,Clear,"Sideswipe, Same Direction",no,no,no,no,no,False
103274721,METROPOLITAN NASHVILLE POLICE DEPT,20220181862,Davidson,Nashville,4/15/2022 12:01:00 PM,2,1,0,36.074020,-86.724280,GOINS RD,,,,101.00,Feet,East,NOLENSVILLE PKE,,,,0.00,N,Not at Intersection,N,Non-Junction,None,,,         ,Mitchell,Bazzano,Clear,Angle,no,no,no,no,no,False
103274746,GOODLETTSVILLE POLICE DEPT,22-11361,Davidson,Goodlettsville,4/15/2022 1:46:00 PM,1,1,0,36.317000,-86.701860,I 65,,,,0.00,,,,,,,96.45,N,Not at Intersection,N,Non-Junction,None,,,         ,Benny,Alexander,Cloudy,Not Collision with Motor Vehicle in Transport,yes,no,no,no,no,False
103274752,METROPOLITAN NASHVILLE POLICE DEPT,20220181906,Davidson,Nashville,4/15/2022 11:40:00 AM,2,0,0,36.071210,-86.686540,BAKERTOWN RD,,,,0.00,,,HAYSTACK LN,,,,0.00,Y,T-Intersection,Y,Non-Junction,None,,,         ,Tyler,Jordan,Cloudy,Angle,no,no,no,no,no,False
103274765,METROPOLITAN NASHVILLE POLICE DEPT,20220182090,Davidson,Nashville,4/15/2022 12:00:00 AM,1,0,0,36.120150,-86.702700,MURFREESBORO PKE,,,,313.00,Feet,West,JUPITER DR,,,,0.00,N,Not at Intersection, ,Non-Junction,None,,,         ,Benjamin,Tasto,Cloudy,Not Collision with Motor Vehicle in Transport,no,no,no,yes,no,False
103274778,METROPOLITAN NASHVILLE POLICE DEPT,20220182086,Davidson,Nashville,4/15/2022 2:15:00 PM,3,0,0,36.191200,-86.787890,I 65,,,,0.00,,,,,,,85.90,N,Not at Intersection,N,Non-Junction,None,,,         ,Anthony,Butler,Clear,Front to Rear,no,no,no,no,no,False
103274783,METROPOLITAN NASHVILLE POLICE DEPT,20220182131,Davidson,Nashville,4/15/2022 2:47:00 PM,2,0,0,36.142520,-86.709320,I 40,,,,0.00,,,,,,,214.25,N,Not at Intersection, ,Non-Junction,None,,,         ,Brandon,Chapman,Clear,Front to Rear,no,no,no,no,no,False
103274820,METROPOLITAN NASHVILLE POLICE DEPT,20200181991,Davidson,Nashville,4/15/2022 1:54:00 PM,2,2,0,36.232290,-86.624730,OLD HICKORY BLVD,,,,0.00,,,SHUTE LN,,,,0.00,Y,Four-Way,N,Intersection-Related,None,,,         ,Terry,Denton,Cloudy,Angle,no,no,no,no,no,False
103274823,THP District 3 - Nashville,322026485,Davidson,Not in City Limit,4/7/2022 1:44:00 PM,2,0,0,36.297390,-86.811240,I 24,,,,0.00,,,,,,,38.90,N,Not at Intersection, ,Non-Junction,None,,,         ,Javier,Allen,Clear,"Sideswipe, Same Direction",no,no,no,no,yes,False
103274845,METROPOLITAN NASHVILLE POLICE DEPT,20220182183,Davidson,Nashville,4/15/2022 4:04:00 PM,2,0,0,36.152790,-86.765950,I40 W EXT RAMP,,,,0.00,Feet,East,I 40,,,,0.00,N,Not at Intersection, ,,None,,,         ,Brent,Morris,,,no,no,no,no,no,False
103274857,METROPOLITAN NASHVILLE POLICE DEPT,20220182178,Davidson,Not in City Limit,4/15/2022 3:20:00 PM,2,0,0,36.073990,-86.935090,HIGHWAY 70S,,,,65.00,Feet,East,CROSS TIMBERS DR,,,,0.00,N,Not at Intersection, ,,None,,,         ,Cameron,Van Der Merwe,,,no,no,no,no,no,False
103274865,METROPOLITAN NASHVILLE POLICE DEPT,2022182132,Davidson,Nashville,4/15/2022 3:26:00 PM,1,1,0,36.159560,-86.774640,DEMONBREUN ST,,,,0.00,,,3RD AVS,,,,0.00,Y,Four-Way,N,Intersection,None,,,         ,Joshua,Reece,Cloudy,Not Collision with Motor Vehicle in Transport,yes,no,no,no,yes,False
103274895,METROPOLITAN NASHVILLE POLICE DEPT,20220182190,Davidson,Nashville,4/15/2022 12:00:00 AM,3,3,0,36.114550,-86.692970,MURFREESBORO PKE,,,,418.00,Feet,East,PINEWAY DR,,,,0.00,N,Not at Intersection,N,Non-Junction,None,,,         ,Michael,Raash,Cloudy,Angle,no,no,no,no,yes,False
103274927,METROPOLITAN NASHVILLE POLICE DEPT,20220182142,Davidson,Nashville,4/15/2022 2:23:00 PM,2,2,0,36.142720,-86.707400,I 40,,,,0.00,,,,,,,214.35,N,Not at Intersection,N,Non-Junction,None,,,         ,Joshua,Zambrano-Vera,Clear,Front to Rear,no,no,no,no,no,False
103274928,METROPOLITAN NASHVILLE POLICE DEPT,20220182247,Davidson,Nashville,4/15/2022 4:55:00 PM,3,0,0,36.109220,-86.726990,BRILEY PKWYN,,,,0.00,,,,,,,0.00,,,N,Non-Junction,None,,,         ,Joseph,Hurst,Clear,"Sideswipe, Same Direction",no,no,no,no,no,False
103274954,METROPOLITAN NASHVILLE POLICE DEPT,20220182264,Davidson,Nashville,4/15/2022 5:09:00 PM,1,1,0,36.133180,-86.721150,MURFREESBORO PKE,,,,62.00,Feet,West,PAVILION BLVD,,,,0.00,N,Not at Intersection,N,Non-Junction,None,,,         ,Joshua,Zambrano-Vera,Clear,Not Collision with Motor Vehicle in Transport,no,no,no,no,no,False
103274964,METROPOLITAN NASHVILLE POLICE DEPT,20220182166,Davidson,Not in City Limit,4/15/2022 3:40:00 PM,2,0,0,36.290460,-86.881240,CLARKSVILLE PKE,,,,919.00,Feet,East,EATONS CREEK RD,,,,0.00,N,Not at Intersection,N,Non-Junction,None,,,         ,Wallace,Seay III,Clear,Other,no,no,no,no,no,False
103274965,METROPOLITAN NASHVILLE POLICE DEPT,20220182296,Davidson,Nashville,4/15/2022 5:37:00 PM,2,1,0,36.032700,-86.679620,OAK CHASE DR,,,,0.00,,,DEER VALLEY TRL,,,,0.00,Y,T-Intersection,N,Intersection,None,,,         ,Joseph,Hurst,Clear,HeadOn,no,no,no,no,no,False
103274981,METROPOLITAN NASHVILLE POLICE DEPT,20220182403,Davidson,Nashville,4/15/2022 7:10:00 PM,3,0,0,36.154370,-86.840080,I40 W EXT RAMP,,,,0.00,Feet,East,I 40,,,,0.00,N,Not at Intersection,N,Non-Junction,None,,,         ,Cory,Stratton,Cloudy,Front to Rear,no,no,no,no,no,False
103274985,METROPOLITAN NASHVILLE POLICE DEPT,20220182414,Davidson,Nashville,4/15/2022 5:10:00 PM,2,0,0,36.061540,-86.624910,MURFREESBORO PKE,,,,1449.00,Feet,South,HAMILTON CHURCH RD,,,,0.00,N,Not at Intersection,N,Non-Junction,None,,,         ,Joseph,Hurst,Clear,Angle,no,no,no,no,no,False
103274989,METROPOLITAN NASHVILLE POLICE DEPT,20220182398,Davidson,Not in City Limit,4/15/2022 5:22:00 PM,2,0,0,36.308090,-86.683080,GALLATIN PKEN,,,,132.00,Feet,East,NORTHSIDE MARKETPLACE PVTDR,,,,0.00,N,Not at Intersection, ,,None,,,         ,Philip,Claibourne,,,no,no,no,no,no,False
103275006,METROPOLITAN NASHVILLE POLICE DEPT,20220182184,Davidson,Nashville,4/15/2022 4:09:00 PM,2,0,0,36.103230,-86.666480,MURFREESBORO PKE,,,,0.00,,,FAIRCLOTH LN,,,,0.00,Y,T-Intersection,N,Intersection,None,,,         ,Zachary,Aldrich,Cloudy,Angle,no,no,no,no,no,False
103275027,METROPOLITAN NASHVILLE POLICE DEPT,20220182454,Davidson,Nashville,4/15/2022 8:11:00 PM,1,1,0,36.099020,-86.715970,ANTIOCH PKE,,,,0.00,,,,,,,0.00,,,N,Non-Junction,None,,,         ,Joseph,Hurst,Clear,Not Collision with Motor Vehicle in Transport,no,no,no,no,no,False
103275096,METROPOLITAN NASHVILLE POLICE DEPT,20220182448,Davidson,Goodlettsville,4/15/2022 7:45:00 PM,2,0,0,36.298140,-86.699850,RIVERGATE PKWY,,,,1.00,Feet,South,GLEAVES ST,,,,0.00,N,Not at Intersection,N,Non-Junction,None,,,         ,Joshua,Dodge,Clear,Angle,no,no,no,no,no,False
103275110,METROPOLITAN NASHVILLE POLICE DEPT,20220182339,Davidson,Not in City Limit,4/15/2022 5:20:00 PM,1,1,0,36.271380,-86.794200,I 24,,,,0.00,,,,,,,41.00,N,Not at Intersection,N,Non-Junction,None,,,         ,Dylan,Bradley,Clear,Not Collision with Motor Vehicle in Transport,no,no,no,no,no,False
103275111,METROPOLITAN NASHVILLE POLICE DEPT,20220182489,Davidson,Not in City Limit,4/15/2022 8:35:00 PM,2,1,0,36.269710,-86.755490,DICKERSON PKE,,,,178.00,Feet,North,OLD HICKORY BLVD,,,,0.00,N,Not at Intersection,N,Non-Junction,None,,,         ,Dylan,Bradley,Clear,Front to Rear,no,no,no,no,yes,False
103275145,METROPOLITAN NASHVILLE POLICE DEPT,20220182095,Davidson,Not in City Limit,4/15/2022 2:56:00 PM,1,2,0,36.120490,-86.937230,OLD CHARLOTTE PKE,,,,1351.00,Feet,West,GOWER RD,,,,0.00,N,Not at Intersection,N,Non-Junction,None,,,         ,Dillon,Hanna,Clear,Not Collision with Motor Vehicle in Transport,no,no,no,no,no,False
103275218,METROPOLITAN NASHVILLE POLICE DEPT,20220182555,Davidson,Nashville,4/15/2022 6:30:00 PM,2,0,0,36.133840,-86.779130,8TH AVS,,,,94.00,Feet,North,ROYCROFT PL,,,,0.00,N,Not at Intersection,N,Non-Junction,None,,,         ,Alexander,Perry,Clear,"Sideswipe, Same Direction",no,no,no,no,yes,False
103275220,METROPOLITAN NASHVILLE POLICE DEPT,20220182457,Davidson,Nashville,4/15/2022 8:13:00 PM,1,1,0,36.070530,-86.871760,CHICKERING RD,,,,102.00,Feet,South,PAGE RD,,,,0.00,N,Not at Intersection,N,Non-Junction,None,,,         ,Justin,Wells,Clear,Not Collision with Motor Vehicle in Transport,no,no,no,no,no,False
103275232,METROPOLITAN NASHVILLE POLICE DEPT,20220182575,Davidson,Nashville,4/15/2022 12:00:00 AM,2,1,0,36.180250,-86.796120,ROSA L PARKS BLVD,,,,141.00,Feet,South,GARFIELD ST,,,,0.00,N,Not at Intersection,N,Non-Junction,None,,,         ,Jacob,Ross,Clear,Front to Rear,no,no,no,no,no,False
103275255,METROPOLITAN NASHVILLE POLICE DEPT,20220182210,Davidson,Nashville,4/15/2022 4:23:00 PM,3,2,0,36.082560,-86.697760,I 24,,,,0.00,,,,,,,56.00,N,Not at Intersection,N,Non-Junction,None,,,         ,Brian,Sherman,Cloudy,"Sideswipe, Same Direction",no,no,no,no,no,False
103275267,METROPOLITAN NASHVILLE POLICE DEPT,20220182679,Davidson,Nashville,4/15/2022 10:20:00 PM,1,0,0,36.167020,-86.774070,TITANS WAY,,,,0.00,,,RUSSELL ST,,,,0.00,Y,OTHER,N,SharedUsePathOrTrail,None,,,         ,Ronald,Bright,Rain,Not Collision with Motor Vehicle in Transport,no,no,no,yes,no,False
103275275,METROPOLITAN NASHVILLE POLICE DEPT,20220182541,Davidson,Nashville,4/15/2022 6:17:00 PM,2,0,0,36.132020,-86.904940,CHARLOTTE PKE PVTDR,,,,521.00,Feet,North,BROOKMEADE GRNWY,,,,0.00,N,Not at Intersection,N,Non-Junction,None,,,         ,Christopher,Alceus,Clear,Angle,no,no,no,yes,yes,False
103275297,METROPOLITAN NASHVILLE POLICE DEPT,20220182686,Davidson,Nashville,4/15/2022 10:18:00 PM,3,1,0,36.176460,-86.768730,SPRING ST,,,,44.00,Feet,North,I24 W EXT RAMP,,,,0.00,N,Not at Intersection,N,Non-Junction,None,,,         ,Joao,Pinho,Rain,Front to Rear,no,no,no,no,yes,False
103275308,METROPOLITAN NASHVILLE POLICE DEPT,20220182637,Davidson,Nashville,4/15/2022 9:58:00 PM,3,2,0,36.171900,-86.768350,I 24,,,,0.00,,,,,,,48.30,N,Not at Intersection,N,Non-Junction,None,,,         ,Randy,Puckett,Rain,Front to Rear,no,no,no,no,no,False
103275339,THP District 3 - Nashville,322028169,Davidson,Nashville,4/12/2022 2:20:00 PM,2,0,0,36.147100,-86.776830,I40 E ENT RAMP,,,,0.00,Feet,East,I40 W ENT RAMP,,,,0.00,N,Not at Intersection,N,Non-Junction,None,,,         ,Jason,Murray,Clear,Front to Rear,no,no,no,no,no,False
103275341,METROPOLITAN NASHVILLE POLICE DEPT,20220182539,Davidson,Not in City Limit,4/15/2022 9:07:00 PM,2,0,0,36.264100,-86.724100,OLD HICKORY BLVDW,,,,25.00,Feet,East,HERITAGE DR,,,,0.00,N,Not at Intersection, ,Non-Junction,None,,,         ,James,Kidd,Cloudy,"Sideswipe, Same Direction",no,no,no,no,yes,False
103275342,METROPOLITAN NASHVILLE POLICE DEPT,20220182110,Davidson,Nashville,4/15/2022 2:55:00 PM,2,0,0,36.250740,-86.718470,GALLATIN PKES,,,,17.00,Feet,West,MOVING CENTER CT,,,,0.00,N,Not at Intersection, ,Non-Junction,None,,,         ,James,Kidd,Cloudy,Angle,no,no,no,no,no,False
103275343,METROPOLITAN NASHVILLE POLICE DEPT,20220182243,Davidson,Not in City Limit,4/15/2022 4:15:00 PM,2,3,0,36.260340,-86.712870,GALLATIN PKES,,,,10.00,Feet,East,HICKORY ST,,,,0.00,N,Not at Intersection,N,Non-Junction,None,,,         ,James,Kidd,Cloudy,Angle,no,no,no,no,no,False
103275361,METROPOLITAN NASHVILLE POLICE DEPT,20220182804,Davidson,Nashville,4/15/2022 11:30:00 PM,2,0,0,36.156160,-86.807120,22ND AVN,,,,67.00,Feet,South,CHARLOTTE AV,,,,0.00,N,Not at Intersection,N,Non-Junction,None,,,         ,Nicholas,Carroll,Rain,Front to Rear,no,no,no,no,yes,False
103275370,METROPOLITAN NASHVILLE POLICE DEPT,20220182717,Davidson,Nashville,4/15/2022 10:42:00 PM,1,1,0,36.246040,-86.721550,GALLATIN PKES,,,,260.00,Feet,South,BERKLEY DR,,,,0.00,N,Not at Intersection,N,Non-Junction,None,,,         ,Derek,Sibley,Clear,Not Collision with Motor Vehicle in Transport,no,no,no,no,no,False
103275371,METROPOLITAN NASHVILLE POLICE DEPT,20220182779,Davidson,Nashville,4/15/2022 11:15:00 PM,1,1,0,36.203600,-86.738900,E TRINITY LN,,,,111.00,Feet,West,GALLATIN PKE,,,,0.00,N,Not at Intersection,N,Non-Junction,None,,,         ,Bobby,Ehman,Rain,Not Collision with Motor Vehicle in Transport,no,no,no,no,no,False
103275373,METROPOLITAN NASHVILLE POLICE DEPT,20220182880,Davidson,Nashville,4/16/2022 12:06:00 AM,3,0,0,36.148260,-86.764600,1ST AVS,,,,243.00,Feet,North,MILDRED SHUTE AV,,,,0.00,N,Not at Intersection,N,Non-Junction,None,,,         ,Joseph,Hurst,Rain,Front to Rear,no,no,no,no,yes,False
103275376,METROPOLITAN NASHVILLE POLICE DEPT,20220182852,Davidson,Nashville,4/15/2022 11:35:00 PM,2,0,0,36.045600,-86.658470,I24 W EXT RAMP,,,,0.00,,,I 24,,,,0.00,Y,Four-Way,N,Intersection,None,,,         ,Burton,Beeson,Rain,Front to Rear,no,no,no,no,yes,False