master_record_number,agency,agency_tracking_number,county,city,collision_date,vehicles_involved,number_injured,number_dead,latitude,longitude,roadway_name,roadway_suffix,roadway_number,roadway_local_id,distance_from_reference,miles-feet_indicator,direction_from_reference,intersection_road_name,intersection_road_name_suffix,intersection_road_number,intersection_local_id,mile_marker,intersection_indicator,intersect_type,interchange_related_indicator,relation_to_junction,work_zone_type,construction_maintenance_zone,construction_maintenance_zone_location,fatal_case_number,officer_first_name,officer_last_name,weather_condition(s),manner_of_crash,pedestrian,bicycle,scooter,parking,hitrun,mou
103275387,METROPOLITAN NASHVILLE POLICE DEPT,20220182900,Davidson,Nashville,4/16/2022 12:05:00 AM,1,0,0,36.192330,-86.624300,LEBANON PKE,,,,241.00,Feet,South,JUAREZ DR,,,,0.00,N,Not at Intersection,N,Non-Junction,None,,,         ,Ryan,Malone,,Not Collision with Motor Vehicle in Transport,no,no,no,no,no,False
103275389,METROPOLITAN NASHVILLE POLICE DEPT,20220182856,Davidson,Nashville,4/15/2022 11:53:00 PM,2,2,0,36.044860,-86.670430,BELL RD,,,,0.00,Feet,,HICKORY PARK DR,,,,0.00,Y,T-Intersection,N,Intersection,None,,,         ,Michael,Overberg,Cloudy,HeadOn,no,no,no,no,yes,False
103275400,METROPOLITAN NASHVILLE POLICE DEPT,20220182803,Davidson,Nashville,4/15/2022 11:28:00 PM,1,1,0,36.080520,-86.696790,I 24,,,,0.00,,,,,,,56.15,N,Not at Intersection,N,Non-Junction,None,,,         ,John,Braxton,Rain,Not Collision with Motor Vehicle in Transport,no,no,no,no,no,False
103275401,THP District 3 - Nashville,322029486,Davidson,Nashville,4/16/2022 1:16:00 AM,2,0,0,36.049900,-86.621140,PINEGLEN CT,,,,490.00,Feet,North,SKYFALLS WAY,,,,0.00,N,Not at Intersection, ,Non-Junction,None,,,         ,Jason,Murray,Rain,"Sideswipe, Opposite Direction",no,no,no,no,yes,False
103275404,METROPOLITAN NASHVILLE POLICE DEPT,20220182972,Davidson,Nashville,4/16/2022 1:15:00 AM,1,0,0,36.147480,-86.625860,BELL RD,,,,50.00,Feet,North,TRAILS CIR,,,,0.00,N,Not at Intersection,N,Non-Junction,None,,,         ,Bridget,Griepentrog,,Not Collision with Motor Vehicle in Transport,no,no,no,no,yes,False
103275406,METROPOLITAN NASHVILLE POLICE DEPT,20220182643,Davidson,Nashville,4/15/2022 10:00:00 PM,2,2,0,36.170840,-86.764150,S 5TH ST,,,,0.00,Feet,East,RUSSELL ST,,,,0.00,N,Not at Intersection,N,Non-Junction,None,,,         ,Nicholas,Cochran,"Cloudy, Rain",HeadOn,no,no,no,no,no,False
103275410,METROPOLITAN NASHVILLE POLICE DEPT,20220183007,Davidson,Not in City Limit,4/16/2022 12:00:00 AM,1,0,0,36.266010,-86.883870,OLD HICKORY BLVD,,,,80.00,Feet,East,GRADY LN,,,,0.00,N,Not at Intersection,N,Non-Junction,None,,,         ,Burton,Beeson,Rain,Unknown,no,no,no,no,yes,False
103275415,METROPOLITAN NASHVILLE POLICE DEPT,20220183028,Davidson,Nashville,4/16/2022 12:00:00 AM,2,3,0,36.141070,-86.733170,I 40,,,,0.00,,,,,,,212.75,N,Not at Intersection,N,Non-Junction,None,,,         ,Jacob,Snyder,,Angle,no,no,no,no,no,False
103275416,METROPOLITAN NASHVILLE POLICE DEPT,20220182703,Davidson,Nashville,4/15/2022 10:30:00 PM,2,2,0,36.152420,-86.769050,2ND AVS,,,,25.00,Feet,North,LINDSLEY AV,,,,0.00,N,Not at Intersection,N,Non-Junction,Unknown,Unknown,Unknown,         ,Peyton,Wheatley,Rain,Angle,no,no,no,no,no,False
103275427,METROPOLITAN NASHVILLE POLICE DEPT,20220183060,Davidson,Nashville,4/16/2022 12:00:00 AM,1,0,0,36.084840,-86.728200,NOLENSVILLE PKE,,,,4.00,Feet,North,PARAGON MILLS RD,,,,0.00,N,Not at Intersection,N,Non-Junction,None,,,         ,Clayton,Cox,Rain,Not Collision with Motor Vehicle in Transport,no,no,no,no,yes,False
103275428,METROPOLITAN NASHVILLE POLICE DEPT,20220183036,Davidson,Nashville,4/16/2022 2:14:00 AM,1,1,0,36.069280,-86.689180,I 24,,,,0.00,,,,,,,57.00,N,Not at Intersection,N,Non-Junction,None,,,         ,Michael,Overberg,Cloudy,Not Collision with Motor Vehicle in Transport,no,no,no,no,no,False
103275435,METROPOLITAN NASHVILLE POLICE DEPT,20220183065,Davidson,Nashville,4/16/2022 3:18:00 AM,1,1,0,36.111510,-86.641640,AIRPARK CENTERE,,,,543.00,Feet,South,COUCHVILLE PKE,,,,0.00,N,Not at Intersection,N,Non-Junction,None,,,         ,Bridget,Griepentrog,,Not Collision with Motor Vehicle in Transport,no,no,no,yes,no,False
103275438,METROPOLITAN NASHVILLE POLICE DEPT,20220183070,Davidson,Nashville,4/16/2022 3:07:00 AM,2,0,0,36.156390,-86.787360,12TH AVS,,,,79.00,Feet,South,BROADWAY,,,,0.00,N,Not at Intersection,N,Non-Junction,None,,,         ,Tyler,Lewis,Clear,Front to Rear,no,no,no,yes,yes,False
103275439,METROPOLITAN NASHVILLE POLICE DEPT,20220182921,Davidson,Nashville,4/15/2022 10:35:00 PM,1,0,0,36.129030,-86.899970,I40 E EXT RAMP,,,,0.00,Feet,East,I 40,,,,0.00,N,Not at Intersection,N,Non-Junction,None,,,         ,Christopher,Alceus,Rain,Not Collision with Motor Vehicle in Transport,no,no,no,no,no,False
103275442,METROPOLITAN NASHVILLE POLICE DEPT,20220183049,Davidson,Nashville,4/16/2022 2:35:00 AM,2,0,0,36.203150,-86.738180,GALLATIN PKE,,,,0.00,,,,,,,0.00,,,N,Non-Junction,None,,,         ,Ronald,Conner,Rain,Front to Rear,no,no,no,no,yes,False
103275444,METROPOLITAN NASHVILLE POLICE DEPT,20220182917,Davidson,Nashville,4/16/2022 12:00:00 AM,1,0,0,36.141990,-86.677910,I 40,,,,0.00,,,,,,,215.95,N,Not at Intersection,N,Non-Junction,None,,,         ,Christopher,Gooding,Rain,Not Collision with Motor Vehicle in Transport,no,no,no,no,yes,False
103275445,METROPOLITAN NASHVILLE POLICE DEPT,20220183059,Davidson,Nashville,4/16/2022 12:00:00 AM,2,0,0,36.192300,-86.777100,I 65,,,,0.00,,,,,,,86.50,N,Not at Intersection,N,Non-Junction,None,,,         ,Tristan,Krausman,Rain,HeadOn,no,no,no,no,no,False
103275446,GOODLETTSVILLE POLICE DEPT,22-10978,Davidson,Goodlettsville,4/12/2022 12:18:00 AM,1,0,0,36.301180,-86.710510,I 65,,,,0.00,,,,,,,95.20,N,Not at Intersection,N,Non-Junction,None,,,         ,Katelyn,Gilliland,Rain,Not Collision with Motor Vehicle in Transport,no,no,no,no,no,False
103275447,GOODLETTSVILLE POLICE DEPT,22-11415,Davidson,Goodlettsville,4/16/2022 3:17:00 AM,1,1,0,36.302340,-86.709170,VIETNAM VETERANS BLVDN,,,,74.00,Feet,East,VIETNAM VETERANS BLVDS,,,,0.00,N,Not at Intersection,N,Non-Junction,None,,,         ,Katelyn,Gilliland,Rain,Not Collision with Motor Vehicle in Transport,no,no,no,no,no,False
103275478,METROPOLITAN NASHVILLE POLICE DEPT,20220182822,Davidson,Nashville,4/15/2022 11:35:00 PM,1,0,0,36.075930,-86.660000,TREETOP DR,,,,0.00,,,UNA ANTIOCH PKE,,,,0.00,Y,T-Intersection,N,Non-Junction,None,,,         ,Sullivan,Souksanh,Rain,Not Collision with Motor Vehicle in Transport,no,no,no,no,no,False
103275479,METROPOLITAN NASHVILLE POLICE DEPT,20220182955,Davidson,Nashville,4/16/2022 12:52:00 AM,1,0,0,36.046450,-86.660680,I 24,,,,0.00,,,,,,,59.30,N,Not at Intersection,N,Non-Junction,None,,,         ,Eric,Laury,Rain,Not Collision with Motor Vehicle in Transport,no,no,no,no,no,False
103275484,METROPOLITAN NASHVILLE POLICE DEPT,20220183144,Davidson,Nashville,4/16/2022 4:30:00 AM,2,0,0,36.243340,-86.665770,JOE PYRON DR,,,,105.00,Feet,West,FREEMAN LN,,,,0.00,N,Not at Intersection,N,Non-Junction,None,,,         ,Kaleigh,Pearce,Clear,HeadOn,no,no,no,no,yes,False
103275492,METROPOLITAN NASHVILLE POLICE DEPT,20220183039,Davidson,Nashville,4/16/2022 2:00:00 AM,2,1,0,36.058720,-86.678560,I 24,,,,0.00,,,,,,,58.00,N,Not at Intersection,N,Non-Junction,None,,,         ,Eric,Laury,Rain,Front to Rear,no,no,no,no,yes,False
103275513,METROPOLITAN NASHVILLE POLICE DEPT,20220183146,Davidson,Nashville,4/16/2022 12:00:00 AM,1,1,0,36.191940,-86.772790,RICHARDSON AV,,,,16.00,Feet,West,DICKERSON PKE,,,,0.00,N,Not at Intersection,N,Non-Junction,None,,,         ,laina,herod,Clear,Not Collision with Motor Vehicle in Transport,no,no,no,no,no,False
103275554,METROPOLITAN NASHVILLE POLICE DEPT,20220182996,Davidson,Nashville,4/16/2022 1:40:00 AM,1,0,0,36.190700,-86.789720,I 65,,,,0.00,,,,,,,85.75,N,Not at Intersection,N,Non-Junction,None,,,         ,Pamela,Caulder,Rain,Not Collision with Motor Vehicle in Transport,no,no,no,no,no,False
103275556,METROPOLITAN NASHVILLE POLICE DEPT,20220183226,Davidson,Nashville,4/16/2022 6:45:00 AM,3,0,0,36.045740,-86.674350,BELL RD,,,,0.00,Feet,,BLUE HOLE RD,,,,0.00,Y,Four-Way,N,Intersection-Related,None,,,         ,Charles,Agius,Cloudy,Front to Rear,no,no,no,no,no,False
103275565,VANDERBILT UNIVERSITY POLICE,20220182045,Davidson,Nashville,4/15/2022 12:00:00 AM,2,0,0,36.142440,-86.805880,HIGHLAND AV,,,,217.00,Feet,East,25TH AVS,,,,0.00,N,Not at Intersection,N,Non-Junction,None,,,         ,Charles,Stevens,Rain,"Sideswipe, Same Direction",no,no,no,yes,yes,Campus
103275610,METROPOLITAN NASHVILLE POLICE DEPT,20220183280,Davidson,Nashville,4/16/2022 6:13:00 AM,1,0,0,36.094660,-86.700270,ANTIOCH PKE,,,,1592.00,Feet,North,HARDING INDUSTRIAL DR,,,,0.00,N,Not at Intersection,N,Non-Junction,None,,,         ,John,Walden,Clear,Not Collision with Motor Vehicle in Transport,no,no,no,no,yes,False
103275646,METROPOLITAN NASHVILLE POLICE DEPT,20220183336,Davidson,Nashville,4/16/2022 9:29:00 AM,2,2,0,36.080020,-86.726460,NOLENSVILLE PKE,,,,156.00,Feet,North,HARDING PL,,,,0.00,N,Not at Intersection,N,Non-Junction,None,,,         ,Tavin,Emlund,Cloudy,Front to Rear,no,no,no,no,no,False
103275657,METROPOLITAN NASHVILLE POLICE DEPT,20220183260,Davidson,Nashville,4/16/2022 7:33:00 AM,1,1,0,36.118120,-86.714230,CURREY RD,,,,593.00,Feet,East,GREYMONT DR,,,,0.00,N,Not at Intersection,N,Non-Junction,None,,,         ,David,Rehm,Cloudy,Not Collision with Motor Vehicle in Transport,no,no,no,no,no,False
103275660,METROPOLITAN NASHVILLE POLICE DEPT,20220183327,Davidson,Nashville,4/16/2022 9:11:00 AM,2,0,0,36.157830,-86.784580,BROADWAY,,,,89.00,Feet,West,10TH AVS,,,,0.00,N,Not at Intersection, ,,None,,,         ,Mason,Tyler,,,no,no,no,no,no,False
103275661,METROPOLITAN NASHVILLE POLICE DEPT,20220183341,Davidson,Not in City Limit,4/16/2022 9:32:00 AM,2,1,0,36.324940,-86.875240,I 24,,,,0.00,,,,,,,34.55,N,Not at Intersection,N,Non-Junction,None,,,         ,Chase,Harriman,Cloudy,Front to Rear,no,no,no,no,no,False
103275685,METROPOLITAN NASHVILLE POLICE DEPT,20220183408,Davidson,Nashville,4/16/2022 7:30:00 AM,2,0,0,36.045360,-86.658840,I 24,,,,0.00,,,,,,,59.40,N,Not at Intersection,N,Non-Junction,None,,,         ,Gregory,Scott,Clear,Not Collision with Motor Vehicle in Transport,no,no,no,no,no,False
103275727,METROPOLITAN NASHVILLE POLICE DEPT,20220183496,Davidson,Nashville,4/16/2022 10:50:00 AM,2,0,0,36.210640,-86.775960,I 65,,,,0.00,,,,,,,87.60,N,Not at Intersection, ,,None,,,         ,Chase,Harriman,,,no,no,no,no,no,False
103275748,METROPOLITAN NASHVILLE POLICE DEPT,20220183446,Davidson,Nashville,4/16/2022 11:19:00 AM,2,2,0,36.064270,-86.627910,MURFREESBORO PKE,,,,253.00,Feet,South,HAMILTON CHURCH RD,,,,0.00,N,Not at Intersection,N,Non-Junction,None,,,         ,Tavin,Emlund,Cloudy,Angle,no,no,no,no,no,False
103275749,METROPOLITAN NASHVILLE POLICE DEPT,20220183482,Davidson,Nashville,4/16/2022 12:17:00 PM,2,1,0,36.064790,-86.628480,HAMILTON CHURCH RD,,,,0.00,,,MURFREESBORO PKE,,,,0.00,Y,Four-Way,N,Intersection-Related,None,,,         ,Tavin,Emlund,Cloudy,Front to Rear,no,no,no,no,no,False
103275754,METROPOLITAN NASHVILLE POLICE DEPT,20220183486,Davidson,Nashville,4/16/2022 11:57:00 AM,2,0,0,36.179810,-86.773990,I 24,,,,0.00,,,,,,,47.70,N,Not at Intersection,N,Non-Junction,None,,,         ,Jason,Milyaro Lucas,Clear,Front to Rear,no,no,no,no,no,False
103275774,METROPOLITAN NASHVILLE POLICE DEPT,20220183367,Davidson,Not in City Limit,4/16/2022 10:10:00 AM,2,1,0,36.008270,-86.702450,BLUFF RD,,,,501.00,Feet,South,NOLENSVILLE PKE,,,,0.00,N,Not at Intersection,N,Non-Junction,None,,,         ,Travis,Pemberton,Cloudy,Not Collision with Motor Vehicle in Transport,no,no,no,no,yes,False
103275793,METROPOLITAN NASHVILLE POLICE DEPT,20220183424,Davidson,Nashville,4/16/2022 11:18:00 AM,2,3,0,36.211400,-86.817540,BUENA VISTA PKE,,,,2.00,Feet,North,STOKERS LN,,,,0.00,N,Not at Intersection,N,Non-Junction,None,,,         ,Billy,Price,Clear,Front to Rear,no,no,no,no,no,False
103275804,METROPOLITAN NASHVILLE POLICE DEPT,20220183551,Davidson,Not in City Limit,4/16/2022 1:21:00 PM,2,0,0,36.268830,-86.755920,DICKERSON PKE,,,,0.00,,,,,,,0.00,,,N,Non-Junction,None,,,         ,Patrick,McGinnis,Clear,"Sideswipe, Same Direction",no,no,no,no,no,False
103275806,METROPOLITAN NASHVILLE POLICE DEPT,20220183585,Davidson,Nashville,4/16/2022 2:08:00 PM,1,0,0,36.325350,-86.878290,I 24,,,,0.00,,,,,,,34.40,N,Not at Intersection,N,Non-Junction,None,,,         ,Zachary,Akers,Cloudy,Not Collision with Motor Vehicle in Transport,no,no,no,no,no,False
103275825,METROPOLITAN NASHVILLE POLICE DEPT,20220183641,Davidson,Nashville,4/16/2022 3:14:00 PM,2,0,0,36.151180,-86.853610,CHARLOTTE AV,,,,0.00,Feet,East,54TH AVN,,,,0.00,N,Not at Intersection,N,Non-Junction,None,,,         ,Jared,Dick,Clear,HeadOn,no,no,no,no,no,False
103275829,METROPOLITAN NASHVILLE POLICE DEPT,20220183574,Davidson,Nashville,4/16/2022 1:20:00 PM,2,0,0,36.155010,-86.627110,STEWARTS FERRY PKE,,,,0.00,,,I40 E ENT RAMP,,,,0.00,Y,Four-Way,N,Entrance/Exit Ramp Related,None,,,         ,David,Kmosko,Cloudy,Front to Rear,no,no,no,no,no,False
103275846,METROPOLITAN NASHVILLE POLICE DEPT,20220183582,Davidson,Nashville,4/16/2022 12:00:00 AM,2,0,0,36.192430,-86.616160,JUAREZ DR,,,,0.00,,,HERMITAGE MARKETPLACE PVTDR,,,,0.00,Y,Four-Way,N,Intersection,None,,,         ,Zachariah,Souza,Cloudy,Angle,no,no,no,no,no,False
103275849,METROPOLITAN NASHVILLE POLICE DEPT,20220183545,Davidson,Nashville,4/16/2022 1:25:00 PM,4,1,1,36.044860,-86.670430,BELL RD,,,,0.00,Feet,,HICKORY PARK DR,,,,0.00,Y,T-Intersection,N,Non-Junction,None,,,         ,Russell,Ward,Clear,HeadOn,no,no,no,no,no,False
103275854,METROPOLITAN NASHVILLE POLICE DEPT,20220183629,Davidson,Nashville,4/16/2022 2:50:00 PM,2,0,0,36.103030,-86.838300,HOBBS RD,,,,0.00,,,ESTES RD,,,,0.00,Y,Four-Way,N,Intersection,None,,,         ,Jonathan,Phipps,Clear,Angle,no,no,no,no,no,False
103275868,METROPOLITAN NASHVILLE POLICE DEPT,20220183720,Davidson,Nashville,4/16/2022 3:34:00 PM,2,0,0,36.084760,-86.733880,LYNN DR,,,,0.00,Feet,,ELYSIAN FIELDS RD,,,,0.00,Y,Four-Way, ,Intersection-Related,None,,,         ,David,Harms,Clear,Angle,no,no,no,no,yes,False
103275872,METROPOLITAN NASHVILLE POLICE DEPT,20220183673,Davidson,Not in City Limit,4/16/2022 2:40:00 PM,2,0,0,36.282080,-86.837170,WHITES CREEK PKE,,,,1409.00,Feet,South,TRANHAM RD,,,,0.00,N,Not at Intersection,N,Non-Junction,None,,,         ,Robert,Laboy,Clear,Angle,no,no,no,no,no,False
103275892,METROPOLITAN NASHVILLE POLICE DEPT,20220183662,Davidson,Nashville,4/16/2022 1:54:00 PM,2,1,0,36.141720,-86.778670,CHESTNUT ST,,,,0.00,,,8TH AVS,,,,0.00,Y,Four-Way,N,Intersection-Related,None,,,         ,Garrett,Latham,Clear,Front to Rear,no,no,no,no,yes,False
103275947,METROPOLITAN NASHVILLE POLICE DEPT,20220183791,Davidson,Nashville,4/16/2022 5:00:00 PM,2,1,0,36.213840,-86.716680,ARDEE AV,,,,201.00,Feet,East,MURRAY PL,,,,0.00,N,Not at Intersection,N,Non-Junction,None,,,         ,Trevor,Jones,Clear,Angle,no,no,no,no,no,False
103275951,METROPOLITAN NASHVILLE POLICE DEPT,20220183794,Davidson,Not in City Limit,4/16/2022 4:42:00 PM,2,0,0,36.262430,-86.712130,GALLATIN PKES,,,,84.00,Feet,North,E OLD HICKORY BLVD,,,,0.00,N,Not at Intersection, ,Non-Junction,None,,,         ,Dylan,Bradley,Clear,Angle,no,no,no,no,no,False
103275959,METROPOLITAN NASHVILLE POLICE DEPT,20220183869,Davidson,Nashville,4/16/2022 5:33:00 PM,2,0,0,36.146600,-86.864510,NEIGHBORLY AV,,,,156.00,Feet,East,LELLYETT ST,,,,0.00,N,Not at Intersection, ,Non-Junction,None,,,         ,Jared,Dick,Clear,Angle,no,no,no,yes,yes,False
103275994,METROPOLITAN NASHVILLE POLICE DEPT,20220183897,Davidson,Nashville,4/15/2022 9:00:00 PM,2,0,0,36.130590,-86.724620,PLUS PARK BLVD,,,,0.00,,,,,,,0.00,,,N,Non-Junction,None,,,         ,Amgad,Bekhit,Cloudy,Rear to Side,no,no,no,yes,yes,False
103276013,METROPOLITAN NASHVILLE POLICE DEPT,20220183914,Davidson,Nashville,4/16/2022 6:40:00 PM,3,0,0,36.163450,-86.743560,DAVIDSON ST,,,,1310.00,Feet,South,DAVIDSON STREET BIKE CNCTR,,,,0.00,N,Not at Intersection,N,Non-Junction,None,,,         ,Daniel,Carney,Clear,Front to Rear,no,no,no,no,yes,False
103276015,METROPOLITAN NASHVILLE POLICE DEPT,20220183903,Davidson,Nashville,4/16/2022 6:30:00 PM,2,0,0,36.153100,-86.764740,I 40,,,,0.00,,,,,,,210.70,N,Not at Intersection,N,Non-Junction,None,,,         ,Dylan,Colquhoun,Cloudy,Front to Rear,no,no,no,no,yes,False
103276089,METROPOLITAN NASHVILLE POLICE DEPT,20220183976,Davidson,Nashville,4/16/2022 12:00:00 AM,2,0,0,36.157860,-86.784350,10TH AVS,,,,33.00,Feet,South,BROADWAY,,,,0.00,N,Not at Intersection,N,Non-Junction,None,,,         ,Kency,Le,Clear,Angle,no,no,no,yes,yes,False
103276101,METROPOLITAN NASHVILLE POLICE DEPT,20220183751,Davidson,Nashville,4/16/2022 4:30:00 PM,2,0,0,36.176880,-86.776180,COWAN ST,,,,0.00,,,SPRING ST,,,,0.00,Y,Four-Way, ,Intersection,None,,,         ,Ralph,Gault,Clear,Angle,no,no,no,no,no,False
103276102,METROPOLITAN NASHVILLE POLICE DEPT,20220183855,Davidson,Nashville,4/16/2022 5:53:00 PM,2,2,0,36.205770,-86.767190,E TRINITY LN,,,,2.00,Feet,East,LUTON ST,,,,0.00,N,Not at Intersection,N,Non-Junction,None,,,         ,Seth,Wilson,Clear,HeadOn,yes,no,no,no,no,False
103276107,METROPOLITAN NASHVILLE POLICE DEPT,20220184105,Davidson,Nashville,4/16/2022 9:20:00 PM,1,1,0,36.155820,-86.795920,17TH AVN,,,,0.00,,,CHURCH ST,,,,0.00,Y,Four-Way,N,Intersection,None,,,         ,Cory,Stratton,Clear,Not Collision with Motor Vehicle in Transport,yes,no,no,no,no,False
103276108,METROPOLITAN NASHVILLE POLICE DEPT,20220184165,Davidson,Nashville,4/16/2022 9:25:00 PM,2,0,0,36.140280,-86.782170,HILLSIDE AV,,,,250.00,Feet,West,VERNON AV,,,,0.00,N,Not at Intersection,N,Non-Junction,None,,,         ,Garrett,Latham,Clear,"Sideswipe, Opposite Direction",no,no,no,no,yes,False
103276109,METROPOLITAN NASHVILLE POLICE DEPT,20220183816,Davidson,Not in City Limit,4/16/2022 5:15:00 PM,2,2,0,36.007330,-86.700740,NOLENSVILLE PKE,,,,108.00,Feet,South,CULBERTSON RD,,,,0.00,N,Not at Intersection,N,Non-Junction,None,,,         ,Dylan,Chambers,Clear,HeadOn,no,no,no,no,no,False
103276157,METROPOLITAN NASHVILLE POLICE DEPT,20220184159,Davidson,Nashville,4/16/2022 7:10:00 PM,2,0,0,36.163810,-86.778690,CHURCH ST,,,,111.00,Feet,West,PRINTERS ALY,,,,0.00,N,Not at Intersection, ,,None,,,         ,Charles,Large,,,no,no,no,no,no,False
103276184,METROPOLITAN NASHVILLE POLICE DEPT,20220184030,Davidson,Not in City Limit,4/16/2022 12:00:00 AM,1,1,0,36.261240,-86.712530,GALLATIN PKES,,,,0.00,,,MAPLE ST,,,,0.00,Y,T-Intersection,Y,Intersection-Related,None,,,         ,Amanda,Topping,Clear,Not Collision with Motor Vehicle in Transport,yes,no,no,no,no,False
103276197,METROPOLITAN NASHVILLE POLICE DEPT,20220184086,Davidson,Nashville,4/16/2022 9:02:00 PM,2,0,0,36.111120,-86.722490,I 24,,,,0.00,,,,,,,53.60,N,Not at Intersection,N,Non-Junction,None,,,         ,Amgad,Bekhit,Clear,"Sideswipe, Same Direction",no,no,no,no,no,False
103276202,METROPOLITAN NASHVILLE POLICE DEPT,20220183968,Davidson,Nashville,4/16/2022 7:00:00 PM,2,0,0,36.167860,-86.778030,JAMES ROBERTSON PKWY,,,,22.00,Feet,West,PUBLIC SQ,,,,0.00,N,Not at Intersection, ,Non-Junction,None,,,         ,Joao,Pinho,Clear,"Sideswipe, Same Direction",no,no,no,no,no,False
103276203,METROPOLITAN NASHVILLE POLICE DEPT,20220184049,Davidson,Nashville,4/16/2022 8:08:00 PM,2,0,0,36.172930,-86.765110,MAIN ST,,,,75.00,Feet,East,SPRING ST,,,,0.00,N,Not at Intersection, ,Non-Junction,None,,,         ,Ty,Cummings,Clear,"Sideswipe, Same Direction",no,no,no,no,no,False
103276207,METROPOLITAN NASHVILLE POLICE DEPT,20220183964,Davidson,Nashville,4/16/2022 7:22:00 PM,2,0,0,36.161570,-86.766180,DAVIDSON ST,,,,0.00,,,S 2ND ST,,,,0.00,Y,T-Intersection,N,Intersection,None,,,         ,Ralph,Gault,Clear,Front to Rear,no,no,no,no,yes,False
103276221,METROPOLITAN NASHVILLE POLICE DEPT,20220184183,Davidson,Nashville,4/16/2022 9:47:00 PM,2,1,0,36.044860,-86.670430,BELL RD,,,,0.00,,,HICKORY PARK DR,,,,0.00,Y,T-Intersection,Y,Non-Junction,None,,,         ,Phillip,Lovell,Clear,Angle,no,no,no,no,no,False
103276231,METROPOLITAN NASHVILLE POLICE DEPT,20220183846,Davidson,Nashville,4/16/2022 12:00:00 AM,2,1,0,36.167240,-86.740630,ELECTRIC AV,,,,0.00,,,S 17TH ST,,,,0.00,Y,Four-Way,N,Non-Junction,None,,,         ,McKenzie,Harper,Clear,Other,no,no,no,no,no,False
103276237,METROPOLITAN NASHVILLE POLICE DEPT,20220184080,Davidson,Nashville,4/16/2022 8:56:00 PM,1,1,0,36.109270,-86.871050,SEDBERRY RD,,,,193.00,Feet,South,GUN CLUB RD,,,,0.00,N,Not at Intersection,N,Non-Junction,None,,,         ,Robert,Higgins,Clear,Not Collision with Motor Vehicle in Transport,no,no,no,no,no,False
103276240,METROPOLITAN NASHVILLE POLICE DEPT,20220184139,Davidson,Nashville,4/16/2022 9:36:00 PM,2,0,0,36.256060,-86.728340,CHADWELL DR,,,,0.00,Feet,East,SAUNDERS AV,,,,0.00,N,Not at Intersection, ,,None,,,         ,John,Robish,,,no,no,no,no,no,False
103276241,METROPOLITAN NASHVILLE POLICE DEPT,20220184340,Davidson,Nashville,4/16/2022 11:46:00 PM,1,1,0,36.041010,-86.712640,MILL CREEK WHITTEMORE GRNWY,,,,407.00,Feet,North,MILL CREEK WHITTLEMORE GRNWY,,,,0.00,N,Not at Intersection,N,Non-Junction,None,,,         ,Nadine,Klemenz,Clear,Not Collision with Motor Vehicle in Transport,no,no,no,no,no,False
103276242,METROPOLITAN NASHVILLE POLICE DEPT,20220184255,Davidson,Nashville,4/16/2022 12:00:00 AM,2,0,0,36.197990,-86.776320,I 65,,,,0.00,,,,,,,86.70,N,Not at Intersection,N,Non-Junction,None,,,         ,Robert,Laboy,Clear,Front to Rear,no,no,no,no,yes,False
103276243,METROPOLITAN NASHVILLE POLICE DEPT,20220184388,Davidson,Nashville,4/17/2022 12:13:00 AM,1,0,0,36.167830,-86.761620,SHELBY AV,,,,194.00,Feet,East,S 5TH ST,,,,0.00,N,Not at Intersection,N,Non-Junction,None,,,         ,Ty,Cummings,Clear,Not Collision with Motor Vehicle in Transport,no,no,no,no,no,False
103276246,METROPOLITAN NASHVILLE POLICE DEPT,20220184457,Davidson,Nashville,4/17/2022 12:00:00 AM,2,0,0,36.108700,-86.744070,TANKSLEY AV,,,,0.00,,,NOLENSVILLE PKE,,,,0.00,Y,Four-Way,N,Unknown,None,,,         ,Mitchell,Cook,Cloudy,Unknown,no,no,no,no,yes,False
103276247,METROPOLITAN NASHVILLE POLICE DEPT,20220184361,Davidson,Nashville,4/17/2022 12:34:00 AM,2,0,0,36.041010,-86.712640,MILL CREEK WHITTEMORE GRNWY,,,,406.00,Feet,North,MILL CREEK WHITTLEMORE GRNWY,,,,0.00,N,Not at Intersection,N,Non-Junction,None,,,         ,Nadine,Klemenz,Clear,"Sideswipe, Same Direction",no,no,no,no,yes,False
103276252,METROPOLITAN NASHVILLE POLICE DEPT,20220184456,Davidson,Nashville,4/16/2022 11:40:00 PM,2,0,0,36.161300,-86.784520,9TH AVN,,,,0.00,,,CHURCH ST,,,,0.00,Y,Four-Way,N,Non-Junction,None,,,         ,Jarrett,Messick,Clear,Front to Rear,no,no,no,no,yes,False
103276254,METROPOLITAN NASHVILLE POLICE DEPT,20220184473,Davidson,Nashville,4/17/2022 1:33:00 AM,2,0,0,36.161550,-86.780080,COMMERCE ST,,,,171.00,Feet,East,6TH AVN,,,,0.00,N,Not at Intersection, ,Non-Junction,None,,,         ,Jarrett,Messick,Clear,"Sideswipe, Same Direction",no,no,no,no,no,False