master_record_number,agency,agency_tracking_number,county,city,collision_date,vehicles_involved,number_injured,number_dead,latitude,longitude,roadway_name,roadway_suffix,roadway_number,roadway_local_id,distance_from_reference,miles-feet_indicator,direction_from_reference,intersection_road_name,intersection_road_name_suffix,intersection_road_number,intersection_local_id,mile_marker,intersection_indicator,intersect_type,interchange_related_indicator,relation_to_junction,work_zone_type,construction_maintenance_zone,construction_maintenance_zone_location,fatal_case_number,officer_first_name,officer_last_name,weather_condition(s),manner_of_crash,pedestrian,bicycle,scooter,parking,hitrun,mou
103278053,METROPOLITAN NASHVILLE POLICE DEPT,2022188884,Davidson,Nashville,4/19/2022 10:41:00 AM,2,0,0,36.158870,-86.782170,BROADWAY,,,,0.00,,,ROSA L PARKS BLVD,,,,0.00,Y,Four-Way, ,Intersection-Related,None,,,         ,Joshua,Reece,Clear,Angle,no,no,no,no,no,False
103278088,METROPOLITAN NASHVILLE POLICE DEPT,20220188873,Davidson,Nashville,4/19/2022 10:30:00 AM,1,2,0,36.046680,-86.725060,HUNTINGTON PKWY,,,,0.00,,,AMALIE DR,,,,0.00,Y,Four-Way,N,Intersection,None,,,         ,Jacob,Yore,Clear,Not Collision with Motor Vehicle in Transport,no,no,no,no,no,False
103278137,METROPOLITAN NASHVILLE POLICE DEPT,20220189145,Davidson,Nashville,4/19/2022 12:50:00 PM,2,0,0,36.112650,-86.723320,I 24,,,,0.00,,,,,,,53.45,N,Not at Intersection, ,,None,,,         ,John,Walden,,,no,no,no,no,no,False
103278155,METROPOLITAN NASHVILLE POLICE DEPT,20220188988,Davidson,Nashville,4/19/2022 11:07:00 AM,2,1,0,36.149910,-86.773430,6TH AVS,,,,0.00,,,MULBERRY ST,,,,0.00,Y,Four-Way,N,Intersection,None,,,         ,Shedie,Herbert III,Clear,"Sideswipe, Opposite Direction",no,no,no,no,no,False
103278176,METROPOLITAN NASHVILLE POLICE DEPT,20220188990,Davidson,Nashville,4/19/2022 11:48:00 AM,2,1,0,36.137200,-86.796950,WEDGEWOOD AV,,,,0.00,Feet,West,18TH AVS,,,,0.00,N,Not at Intersection,N,Non-Junction,None,,,         ,Cherell,Kinchloe,Clear,"Sideswipe, Same Direction",no,no,no,no,no,Campus
103278205,METROPOLITAN NASHVILLE POLICE DEPT,20220188977,Davidson,Nashville,4/19/2022 8:30:00 AM,2,0,0,36.192320,-86.741480,DOUGLAS AVE,,,,0.00,,East,DOUGLAS AVE,,US,,0.00,N,Not at Intersection,N,Non-Junction,None,,,         ,Faye,Denson,Clear,"Sideswipe, Same Direction",no,no,no,no,yes,False
103278209,METROPOLITAN NASHVILLE POLICE DEPT,20220189206,Davidson,Nashville,4/19/2022 1:45:00 PM,2,0,0,36.167010,-86.763730,SHELBY AV,,,,0.00,,,S 4TH ST,,,,0.00,Y,Four-Way,N,Intersection,None,,,         ,Joshua,Reece,Clear,"Sideswipe, Same Direction",no,no,no,no,yes,False
103278210,METROPOLITAN NASHVILLE POLICE DEPT,20220189251,Davidson,Nashville,4/19/2022 2:00:00 PM,1,0,0,36.152560,-86.856310,I 40,,,,0.00,,,,,,,204.00,N,Not at Intersection, ,Non-Junction,None,,,         ,Tony,Folad,Clear,Not Collision with Motor Vehicle in Transport,no,no,no,no,no,False
103278229,METROPOLITAN NASHVILLE POLICE DEPT,20220188816,Davidson,Nashville,4/18/2022 1:55:00 PM,1,0,0,36.182090,-86.790860,4TH AVN,,,,267.00,Feet,South,GARFIELD ST,,,,0.00,N,Not at Intersection,N,OtherLocation,None,,,         ,Jedidayah,Merriweather,Cloudy,Not Collision with Motor Vehicle in Transport,no,no,no,yes,no,False
103278239,BELLE MEADE POLICE DEPT,22-0083,Davidson,Belle Meade,4/18/2022 7:29:00 AM,2,1,0,36.095850,-86.856780,HARDING PL,,,,0.00,,,BELLE MEADE BLVD,,,,0.00,Y,Four-Way,N,Intersection,None,,,         ,David,Linane Jr,Cloudy,Angle,no,no,no,no,no,False
103278241,METROPOLITAN NASHVILLE POLICE DEPT,2022-0189236,Davidson,Nashville,4/19/2022 2:20:00 PM,2,0,0,36.091030,-86.625660,BELL RD,,,,354.00,Feet,North,SMITH SPRINGS RD,,,,0.00,N,Not at Intersection, ,,None,,,         ,Calvin,Graham,,,no,no,no,no,no,False
103278245,METROPOLITAN NASHVILLE POLICE DEPT,20220189363,Davidson,Nashville,4/19/2022 3:25:00 PM,2,0,0,36.249190,-86.734460,DUE WEST AVW,,,,0.00,,,S GRAYCROFT AV,,,,0.00,Y,Four-Way, ,Intersection,None,,,         ,Christopher,Littles,Clear,Angle,no,no,no,no,no,False
103278253,METROPOLITAN NASHVILLE POLICE DEPT,20220188886,Davidson,Nashville,4/19/2022 10:32:00 AM,2,0,0,36.138640,-86.800620,21ST AVS,,,,3.00,Feet,North,CHILDRENS WAY,,,,0.00,N,Not at Intersection, ,,None,,,         ,Paxton,Montgomery,,,no,no,no,no,no,Campus
103278280,METROPOLITAN NASHVILLE POLICE DEPT,20220189398,Davidson,Nashville,4/19/2022 12:00:00 AM,1,0,0,36.172650,-86.602220,PRINCETON PL,,,,90.00,Feet,West,OLD HICKORY BLVD,,,,0.00,N,Not at Intersection,N,Non-Junction,None,,,         ,Keenan,McCann,Clear,Not Collision with Motor Vehicle in Transport,no,no,no,no,no,False
103278295,METROPOLITAN NASHVILLE POLICE DEPT,20220189328,Davidson,Nashville,4/19/2022 3:10:00 PM,1,1,0,36.200310,-86.616240,TYLER DR,,,,153.00,Feet,East,LUREE LN,,,,0.00,N,Not at Intersection,N,Non-Junction,None,,,         ,Zaire,Murray,Clear,Not Collision with Motor Vehicle in Transport,yes,no,no,no,no,False
103278299,METROPOLITAN NASHVILLE POLICE DEPT,20220189421,Davidson,Nashville,4/19/2022 3:47:00 PM,2,1,0,36.111440,-86.758000,THOMPSON LN,,,,0.00,,,KRAFT DR,,,,0.00,Y,T-Intersection,N,Intersection,None,,,         ,Steven,Powers,Clear,Angle,no,no,no,no,no,False
103278301,METROPOLITAN NASHVILLE POLICE DEPT,2022-0188748,Davidson,Nashville,4/19/2022 9:10:00 AM,2,0,0,36.125790,-86.765870,BRANSFORD AV,,,,0.00,,,CRAIGHEAD ST,,,,0.00,Y,Four-Way, ,Intersection-Related,None,,,         ,Po,Cheng,Clear,"Sideswipe, Same Direction",no,no,no,no,no,False
103278305,METROPOLITAN NASHVILLE POLICE DEPT,20220189366,Davidson,Nashville,4/19/2022 1:45:00 PM,2,0,0,36.037470,-86.790980,OLD HICKORY BLVD,,,,0.00,,,S HILLVIEW DR,,,,0.00,Y,Four-Way,N,Intersection-Related,None,,,         ,Jacob,Robbins,Clear,"Sideswipe, Same Direction",no,no,no,no,no,False
103278308,METROPOLITAN NASHVILLE POLICE DEPT,20220189307,Davidson,Nashville,4/19/2022 2:56:00 PM,2,1,0,36.143630,-86.701580,I40 E EXT RAMP,,,,0.00,Feet,East,I 40,,,,0.00,N,Not at Intersection,N,Non-Junction,None,,,         ,Evan,Grace,Clear,Front to Rear,no,no,no,no,no,False
103278315,BELLE MEADE POLICE DEPT,22-0084,Davidson,Belle Meade,4/19/2022 12:50:00 PM,4,0,0,36.113270,-86.862950,JACKSON BLVD,,,,0.00,,,HARDING PKE,,,,0.00,Y,T-Intersection,N,Intersection-Related,None,,,         ,David,Linane Jr,Clear,Front to Rear,no,no,no,no,no,False
103278316,Nashville Airport Police,2022-01499,Davidson,Nashville,4/18/2022 9:10:00 PM,2,2,0,36.133410,-86.665080,TERMINAL DR,,,,0.00,,,BNA DR,,,,0.00,Y,OTHER,N,Intersection,None,,,         ,Dominic,Rossi,Clear,Other,no,no,no,no,no,False
103278319,METROPOLITAN NASHVILLE POLICE DEPT,20220189441,Davidson,Nashville,4/19/2022 3:50:00 PM,2,0,0,36.117150,-86.702080,BRILEY PKWY N EXT RAMP,,,,0.00,Feet,East,BRILEY PKWYN,,,,0.00,N,Not at Intersection, ,Non-Junction,None,,,         ,Sean,McConnell,Clear,Front to Rear,no,no,no,no,no,False
103278324,METROPOLITAN NASHVILLE POLICE DEPT,20220189445,Davidson,Antioch,4/19/2022 12:50:00 PM,2,0,0,36.010830,-86.679720,BROKEN BOW DR,,,,0.00,,,TEE PEE TRC,,,,0.00,Y,T-Intersection,N,Intersection,None,,,         ,Brian,Sherman,Clear,"Sideswipe, Same Direction",no,no,no,no,yes,False
103278328,METROPOLITAN NASHVILLE POLICE DEPT,20220189481,Davidson,Nashville,4/19/2022 4:20:00 PM,2,0,0,36.188440,-86.796200,DOMINICAN DR,,,,19.00,Feet,East,FRENCH LANDING DR,,,,0.00,N,Not at Intersection,N,Non-Junction,None,,,         ,Jackson,Sanders,Clear,Angle,no,no,no,no,no,False
103278335,METROPOLITAN NASHVILLE POLICE DEPT,20220189502,Davidson,Nashville,4/19/2022 4:26:00 PM,3,0,0,36.046270,-86.676820,BELL RD,,,,755.00,Feet,West,BLUE HOLE RD,,,,0.00,N,Not at Intersection,N,Non-Junction,None,,,         ,Gary,Anderson,Clear,Angle,no,no,no,no,yes,False
103278363,METROPOLITAN NASHVILLE POLICE DEPT,20220189533,Davidson,Nashville,4/19/2022 4:51:00 PM,2,0,0,36.152060,-86.791350,DIVISION ST,,,,51.00,Feet,South,DEMONBREUN ST,,,,0.00,N,Not at Intersection, ,,None,,,         ,Dakota,Davis,,,no,no,no,no,no,False
103278368,METROPOLITAN NASHVILLE POLICE DEPT,20220186991,Davidson,Nashville,4/18/2022 12:00:00 AM,2,2,0,36.169690,-86.805750,JEFFERSON ST,,,,269.00,Feet,East,DR D B TODD JR BLVD,,,,0.00,N,Not at Intersection,N,Non-Junction,None,,,         ,Terrance,Stuckey,Clear,Front to Rear,no,no,no,no,no,False
103278377,METROPOLITAN NASHVILLE POLICE DEPT,20220189452,Davidson,Nashville,4/19/2022 3:55:00 PM,2,2,0,36.167930,-86.658420,LEBANON PKE,,,,487.00,Feet,West,DONELSONWOOD DR,,,,0.00,N,Not at Intersection,N,Non-Junction,None,,,         ,Phillip,Burke,Clear,Front to Rear,no,no,no,no,no,False
103278384,METROPOLITAN NASHVILLE POLICE DEPT,20220189500,Davidson,Nashville,4/19/2022 4:25:00 PM,2,2,0,36.069970,-86.685630,HAYWOOD LN,,,,0.00,Feet,,BAKERTOWN RD,,,,0.00,Y,Four-Way,N,Intersection,None,,,         ,Steven,Bowler,Clear,Angle,no,no,no,no,no,False
103278385,METROPOLITAN NASHVILLE POLICE DEPT,20220189322,Davidson,Nashville,4/19/2022 3:05:00 PM,1,1,0,36.168540,-86.788320,ROSA L PARKS BLVD,,,,0.00,,,HARRISON ST,,,,0.00,Y,Four-Way,N,Intersection,None,,,         ,Russell,Freeman,Cloudy,Not Collision with Motor Vehicle in Transport,yes,no,no,no,no,False
103278413,METROPOLITAN NASHVILLE POLICE DEPT,20220189530,Davidson,Nashville,4/19/2022 4:30:00 PM,2,0,0,36.156590,-86.779790,8TH AVS,,,,0.00,,,,,,,0.00,,,N,OtherLocation,None,,,         ,Russell,Freeman,Clear,Angle,no,no,no,yes,yes,False
103278414,METROPOLITAN NASHVILLE POLICE DEPT,20220189651,Davidson,Not in City Limit,4/19/2022 5:06:00 PM,1,1,0,36.326090,-86.869030,WHITES CREEK PKE,,,,31.00,Feet,South,I24 W ENT RAMP,,,,0.00,N,Not at Intersection,N,Non-Junction,None,,,         ,Keegan,Winchell,Clear,Not Collision with Motor Vehicle in Transport,no,no,no,no,no,False
103278416,METROPOLITAN NASHVILLE POLICE DEPT,20220189664,Davidson,Nashville,4/19/2022 6:07:00 PM,2,0,0,36.238150,-86.782610,BRILEY PKWYE,,,,123.00,Feet,East,I24 W EXT RAMP,,,,0.00,N,Not at Intersection,N,Non-Junction,None,,,         ,Joshua,Dodge,Clear,"Sideswipe, Same Direction",no,no,no,no,yes,False
103278418,METROPOLITAN NASHVILLE POLICE DEPT,20220189560,Davidson,Nashville,4/19/2022 5:00:00 PM,2,1,0,36.164280,-86.804440,HERMOSA ST,,,,0.00,Feet,,DR D B TODD JR BLVD,,,,0.00,Y,T-Intersection,N,Intersection,None,,,         ,Tyler,Jordan,Clear,HeadOn,no,no,no,no,no,False
103278429,METROPOLITAN NASHVILLE POLICE DEPT,20220186964,Davidson,Nashville,4/18/2022 2:30:00 PM,1,1,0,36.154290,-86.794780,17TH AVN,,,,214.00,Feet,North,WEST END AV,,,,0.00,N,Not at Intersection,N,Non-Junction,None,,,         ,Cherell,Kinchloe,Clear,Not Collision with Motor Vehicle in Transport,yes,no,no,no,no,False
103278432,METROPOLITAN NASHVILLE POLICE DEPT,20220189589,Davidson,Nashville,4/19/2022 5:23:00 PM,2,2,0,36.157090,-86.834320,CLIFTON AV,,,,0.00,Feet,,40TH AVN,,,,0.00,Y,Four-Way,N,Intersection,None,,,         ,Ryan,Thomas,Clear,HeadOn,no,no,no,no,no,False
103278463,METROPOLITAN NASHVILLE POLICE DEPT,20220189689,Davidson,Nashville,4/19/2022 3:02:00 PM,2,0,0,36.113880,-86.812700,VALLEY BROOK RD,,,,129.00,Feet,West,WOODMONT BLVD,,,,0.00,N,Not at Intersection, ,Non-Junction,None,,,         ,Bryant,Howland,Clear,Front to Rear,no,no,no,no,no,False
103278498,METROPOLITAN NASHVILLE POLICE DEPT,20220189801,Davidson,Nashville,4/19/2022 12:00:00 AM,2,0,0,36.197800,-86.620620,LEBANON PKE,,,,253.00,Feet,South,LEBANON PKE EB EXT RAMP,,,,0.00,N,Not at Intersection,N,Non-Junction,None,,,         ,Zaire,Murray,,Front to Rear,no,no,no,no,no,False
103278504,METROPOLITAN NASHVILLE POLICE DEPT,20220189695,Davidson,Nashville,4/19/2022 6:30:00 PM,3,1,0,36.213820,-86.788640,OLD MATTHEWS RD,,,,175.00,Feet,North,WEBSTER DR,,,,0.00,N,Not at Intersection,N,Non-Junction,None,,,         ,Alec,Pellissier,Clear,Angle,no,no,no,no,yes,False
103278517,METROPOLITAN NASHVILLE POLICE DEPT,20220189845,Davidson,Nashville,4/19/2022 3:44:00 PM,2,0,0,36.153400,-86.665720,DONELSON PKE,,,,145.00,Feet,South,WHITLAND CROSSING DR,,,,0.00,N,Not at Intersection, ,Non-Junction,None,,,         ,Douglas,Mann,,Front to Rear,no,no,no,no,no,False
103278519,METROPOLITAN NASHVILLE POLICE DEPT,20220189896,Davidson,Nashville,4/19/2022 8:25:00 PM,2,0,0,36.154540,-86.757720,HERMITAGE AV,,,,160.00,Feet,West,NESTOR ST,,,,0.00,N,Not at Intersection,N,Non-Junction,None,,,         ,Reagan,Heath,,Angle,no,no,no,no,no,False
103278529,METROPOLITAN NASHVILLE POLICE DEPT,20220189843,Davidson,Nashville,4/18/2022 12:00:00 AM,2,0,0,36.091320,-86.702010,METROPLEX DR,,,,487.00,Feet,North,PARAGON MILLS RD,,,,0.00,N,Not at Intersection,N,Non-Junction,None,,,         ,Andrew,Brazee,Unknown,Angle,no,no,no,yes,yes,False
103278544,METROPOLITAN NASHVILLE POLICE DEPT,20220189926,Davidson,Nashville,4/19/2022 8:16:00 PM,3,0,0,36.043170,-86.655050,I 24,,,,0.00,,,,,,,59.65,N,Not at Intersection,N,Non-Junction,None,,,         ,John,McDonnell,Clear,Front to Rear,no,no,no,no,yes,False
103278546,METROPOLITAN NASHVILLE POLICE DEPT,20220189900,Davidson,Nashville,4/19/2022 8:30:00 AM,2,1,0,36.158620,-86.782750,BROADWAY,,,,0.00,,,9TH AVN,,,,0.00,Y,T-Intersection,N,Intersection,None,,,         ,Russell,Freeman,Clear,Front to Rear,no,no,no,no,no,False
103278550,METROPOLITAN NASHVILLE POLICE DEPT,20220189766,Davidson,Nashville,4/19/2022 12:00:00 AM,1,1,0,36.140670,-86.737810,MURFREESBORO PKE,,,,0.00,,,,,,,0.00,,,N,Non-Junction,None,,,         ,Keenan,McCann,Clear,Not Collision with Motor Vehicle in Transport,no,no,no,no,no,False
103278562,METROPOLITAN NASHVILLE POLICE DEPT,20220189960,Davidson,Nashville,4/19/2022 5:27:00 PM,3,0,0,36.181800,-86.641570,JACKSON DOWNS BLVD,,,,0.00,,,LEBANON PKE,,,,0.00,Y,Four-Way, ,Intersection-Related,None,,,         ,Thomas,Vasquez,Clear,Front to Rear,no,no,no,no,yes,False
103278572,METROPOLITAN NASHVILLE POLICE DEPT,20220189884,Davidson,Nashville,4/19/2022 5:36:00 PM,2,2,0,36.069110,-86.682660,RICHARDS RD,,,,350.00,Feet,East,ANTIOCH PKE,,,,0.00,N,Not at Intersection,N,Non-Junction,None,,,         ,Aleksandra,Kawicka,Clear,Angle,no,no,no,no,yes,False
103278573,METROPOLITAN NASHVILLE POLICE DEPT,20220189607,Davidson,Nashville,4/19/2022 5:30:00 PM,2,1,0,36.141400,-86.716100,I 40,,,,0.00,,,,,,,213.15,N,Not at Intersection,N,Non-Junction,None,,,         ,Donovan,Coble,,Front to Rear,no,no,no,no,no,False
103278585,METROPOLITAN NASHVILLE POLICE DEPT,20220189893,Davidson,Nashville,4/19/2022 8:16:00 PM,2,1,0,36.044790,-86.724870,ENCLAVE CIR,,,,0.00,,,OLD HICKORY BLVD,,,,0.00,Y,Four-Way,N,Intersection,None,,,         ,Gabriel,Hamilton,Clear,Angle,no,no,no,no,no,False
103278589,METROPOLITAN NASHVILLE POLICE DEPT,20220190053,Davidson,Nashville,4/8/2022 12:00:00 AM,2,0,0,36.142200,-86.770210,HUMPHREYS ST,,,,274.00,Feet,West,MARTIN ST,,,,0.00,N,Not at Intersection,N,Non-Junction,None,,,         ,Michael,Hodges,Unknown,Unknown,no,no,no,no,yes,False
103278592,METROPOLITAN NASHVILLE POLICE DEPT,20220183640,Davidson,Nashville,4/16/2022 3:14:00 PM,2,0,0,36.152070,-86.845820,CHARLOTTE AV,,,,48.00,Feet,East,49TH AVN,,,,0.00,N,Not at Intersection, ,,None,,,         ,Jessie,Loy,,,no,no,no,yes,no,False
103278609,METROPOLITAN NASHVILLE POLICE DEPT,20220189834,Davidson,Nashville,4/19/2022 6:30:00 PM,2,1,0,36.071880,-86.636190,MURFREESBORO PKE,,,,4.00,Feet,North,BELL RD,,,,0.00,N,Not at Intersection,N,Non-Junction,None,,,         ,Phillip,Burke,Clear,Angle,no,no,no,no,no,False
103278616,METROPOLITAN NASHVILLE POLICE DEPT,20220189849,Davidson,Not in City Limit,4/19/2022 7:52:00 PM,9,0,0,36.077740,-86.995740,I 40,,,,0.00,,,,,,,193.90,N,Not at Intersection,N,Non-Junction,None,,,         ,Ryan,Thomas,Clear,Not Collision with Motor Vehicle in Transport,no,no,no,no,no,False
103278636,METROPOLITAN NASHVILLE POLICE DEPT,20220190242,Davidson,Nashville,4/19/2022 11:17:00 PM,2,2,0,36.146890,-86.643290,I 40,,,,0.00,,,,,,,218.00,N,Not at Intersection,N,Non-Junction,None,,,         ,Corey,Ethridge,,Front to Rear,no,no,no,no,no,False
103278637,METROPOLITAN NASHVILLE POLICE DEPT,20220190292,Davidson,Nashville,4/19/2022 11:38:00 PM,2,0,0,36.131380,-86.727300,I 24,,,,0.00,,,,,,,51.20,N,Not at Intersection,N,Non-Junction,None,,,         ,Robert,Leverick,Clear,"Sideswipe, Same Direction",no,no,no,no,no,False
103278638,METROPOLITAN NASHVILLE POLICE DEPT,20220189890,Davidson,Madison,4/19/2022 8:20:00 PM,2,0,0,36.266560,-86.703690,DELAWARE AV,,,,139.00,Feet,North,DUPONT AV,,,,0.00,N,Not at Intersection,N,Non-Junction,None,,,         ,Derek,Sibley,Clear,HeadOn,no,no,no,no,no,False
103278655,METROPOLITAN NASHVILLE POLICE DEPT,20220190217,Davidson,Nashville,4/19/2022 11:00:00 PM,2,0,0,36.142430,-86.815690,WEST END AV,,,,80.00,Feet,South,31ST AVN,,,,0.00,N,Not at Intersection, ,Non-Junction,None,,,         ,Lemandries,Hawes,Clear,"Sideswipe, Same Direction",no,no,no,no,no,Campus
103278674,METROPOLITAN NASHVILLE POLICE DEPT,20220190538,Davidson,Not in City Limit,4/20/2022 2:34:00 AM,1,0,0,36.081560,-86.957250,I40 W ENT RAMP,,,,0.00,Feet,East,I 40,,,,0.00,N,Not at Intersection, ,Entrance/Exit Ramp Related,None,,,         ,Fady,Aziz,Clear,Not Collision with Motor Vehicle in Transport,no,no,no,no,no,False
103278675,METROPOLITAN NASHVILLE POLICE DEPT,20220190536,Davidson,Nashville,4/20/2022 2:21:00 AM,2,0,0,36.206270,-86.773480,W TRINITY LN,,,,0.00,,,I65 N ENT RAMP,,,,0.00,Y,T-Intersection,N,Intersection,None,,,         ,Peter,Kinsey,Clear,"Sideswipe, Same Direction",no,no,no,no,yes,False
103278677,METROPOLITAN NASHVILLE POLICE DEPT,20220189952,Davidson,Nashville,4/19/2022 9:00:00 PM,2,0,0,36.136490,-86.726760,I 24,,,,0.00,,,,,,,52.15,N,Not at Intersection,Y,Entrance/Exit Ramp Related,None,,,         ,Clayton,Lewis,Clear,"Sideswipe, Same Direction",no,no,no,no,yes,False
103278736,VANDERBILT UNIVERSITY POLICE,20220189250,Davidson,Nashville,4/19/2022 2:07:00 PM,2,0,0,36.139620,-86.800500,21ST AVS,,,,0.00,,,PIERCE AV,,,,0.00,Y,OTHER, ,"Driveway, Alley Access, etc",None,,,         ,Ray,Stanard,,Angle,no,no,no,yes,no,Campus
103278737,METROPOLITAN NASHVILLE POLICE DEPT,2022189140,Davidson,Nashville,4/19/2022 1:10:00 PM,2,0,0,36.158480,-86.777120,DEMONBREUN ST,,,,0.00,,,5TH AVS,,,,0.00,Y,Four-Way, ,Intersection,None,,,         ,Wesley,Young,Clear,Front to Rear,no,no,no,no,no,False
103278752,METROPOLITAN NASHVILLE POLICE DEPT,20220190865,Davidson,Not in City Limit,4/20/2022 7:39:00 AM,2,0,0,36.263070,-86.711920,STATE RT 45,,,,0.00,,,GALLATIN PKEN,,,,0.00,Y,Four-Way, ,Intersection,None,,,         ,Christopher,Littles,Clear,Front to Rear,no,no,no,no,no,False
103278755,VANDERBILT UNIVERSITY POLICE,20220189141,Davidson,Nashville,4/18/2022 12:00:00 AM,2,0,0,36.143840,-86.806640,25TH AVS,,,,183.00,Feet,North,GARLAND AV,,,,0.00,N,Not at Intersection,N,Non-Junction,None,,,         ,Charles,Stevens,Clear,Unknown,no,no,no,yes,yes,Campus
103278763,THP District 3 - Nashville,322028693,Davidson,Not in City Limit,4/14/2022 7:26:00 AM,2,0,0,36.347410,-86.932180,-- UNKNOWN RAMP/ROAD --,,,,0.00,,,I 24,,,,0.00,Y,T-Intersection, ,Intersection,None,,,         ,Devin,Bargatze,Clear,Angle,no,no,no,no,no,False
103278780,METROPOLITAN NASHVILLE POLICE DEPT,20220190757,Davidson,Nashville,4/20/2022 6:15:00 AM,2,0,0,36.092810,-86.678860,HARDING PL,,,,0.00,,,DONELSON PKE,,,,0.00,Y,T-Intersection, ,Intersection-Related,None,,,         ,Eric,Burford,Clear,"Sideswipe, Same Direction",no,no,no,no,no,False
103278793,METROPOLITAN NASHVILLE POLICE DEPT,20220190823,Davidson,Nashville,4/20/2022 7:06:00 AM,1,1,0,36.056370,-86.901310,OLD HICKORY BLVD,,,,1182.00,Feet,North,GAUCHO ROAD PVTDR,,,,0.00,N,Not at Intersection,N,Non-Junction,None,,,         ,Darren,Key,Clear,Not Collision with Motor Vehicle in Transport,no,no,no,no,no,False
103278800,METROPOLITAN NASHVILLE POLICE DEPT,20220190816,Davidson,Nashville,4/20/2022 6:53:00 AM,2,0,0,36.082100,-86.761700,HARDING PL,,,,0.00,,,SIDCO DR,,,,0.00,Y,Four-Way,Y,Intersection,None,,,         ,Gary,Sneed,Clear,Front to Rear,no,no,no,no,no,False
103278816,METROPOLITAN NASHVILLE POLICE DEPT,20220190857,Davidson,Nashville,4/20/2022 7:00:00 AM,1,0,0,36.150450,-86.696490,ELM HILL PKE,,,,81.00,Feet,East,WANDA DR,,,,0.00,N,Not at Intersection,N,Non-Junction,None,,,         ,Jason,Lyons,Clear,Not Collision with Motor Vehicle in Transport,no,no,no,no,no,False
103278821,METROPOLITAN NASHVILLE POLICE DEPT,20220190992,Davidson,Nashville,4/20/2022 8:50:00 AM,2,0,0,36.231600,-86.781520,EWING DR,,,,0.00,,,BRICK CHURCH PKE,,,,0.00,Y,Four-Way,Y,Intersection,None,,,         ,Justan,Vance,Clear,Angle,no,no,no,no,yes,False
103278825,METROPOLITAN NASHVILLE POLICE DEPT,20220191062,Davidson,Nashville,4/20/2022 9:40:00 AM,2,0,0,36.150150,-86.857950,CHARLOTTE PKE,,,,0.00,,,WHITE BRIDGE PKE,,,,0.00,Y,Four-Way, ,Intersection,None,,,         ,Robert,Crow,Clear,Angle,no,no,no,no,no,False
103278851,METROPOLITAN NASHVILLE POLICE DEPT,20220191040,Davidson,Nashville,4/20/2022 7:27:00 AM,2,0,0,36.040010,-86.743470,OLD HICKORY BLVD,,,,0.00,,,EDMONDSON PKE,,,,0.00,Y,Four-Way,N,Intersection,None,,,         ,Justin,Pinkelton,Clear,"Sideswipe, Same Direction",no,no,no,no,no,False
103278852,METROPOLITAN NASHVILLE POLICE DEPT,20220190970,Davidson,Nashville,4/20/2022 8:45:00 AM,2,0,0,36.205370,-86.761280,E TRINITY LN,,,,29.00,Feet,West,LISCHEY AV,,,,0.00,N,Not at Intersection, ,,None,,,         ,Jeffery,Leiser,,,no,no,no,no,no,False
103278853,METROPOLITAN NASHVILLE POLICE DEPT,20220191068,Davidson,Nashville,4/20/2022 9:43:00 AM,2,1,0,36.189840,-86.830670,RIVER DR,,,,430.00,Feet,East,HAILEY AV,,,,0.00,N,Not at Intersection,N,Non-Junction,None,,,         ,Ryan,Worstall,Clear,Rear to Side,no,no,no,no,no,False
103278859,METROPOLITAN NASHVILLE POLICE DEPT,20220191098,Davidson,Nashville,4/20/2022 10:08:00 AM,3,0,0,36.140560,-86.723870,I24E,,,,6.00,Feet,South,POPLAR LN,,,,0.00,N,Not at Intersection,N,Non-Junction,None,,,         ,Ian,Hammond,Clear,Front to Rear,no,no,no,no,no,False
103278879,METROPOLITAN NASHVILLE POLICE DEPT,20220191146,Davidson,Not in City Limit,4/20/2022 10:00:00 AM,1,0,0,36.323390,-86.772000,BRICK CHURCH PKE,,,,1046.00,Feet,West,UNION HILL RD,,,,0.00,N,Not at Intersection,N,Non-Junction,None,,,         ,Christopher,Littles,Clear,Not Collision with Motor Vehicle in Transport,no,no,no,no,yes,False
103278888,METROPOLITAN NASHVILLE POLICE DEPT,20220191129,Davidson,Nashville,4/20/2022 9:50:00 AM,2,0,0,36.167180,-86.795530,I 40,,,,0.00,,,,,,,208.75,N,Not at Intersection, ,Non-Junction,None,,,         ,Johnathan,Carlisle,Clear,"Sideswipe, Same Direction",no,no,no,no,no,False
103278889,METROPOLITAN NASHVILLE POLICE DEPT,20220190999,Davidson,Not in City Limit,4/20/2022 8:50:00 AM,2,0,0,36.325480,-86.915480,CLARKSVILLE PKE,,,,63.00,Feet,West,HARPER RD,,,,0.00,N,Not at Intersection, ,Non-Junction,Maintenance Zone,,,         ,Jeanine,Sarno,Cloudy,Front to Rear,no,no,no,no,no,False
103278903,METROPOLITAN NASHVILLE POLICE DEPT,20220191017,Davidson,Nashville,4/20/2022 9:02:00 AM,3,0,0,36.198440,-86.620270,LEBANON PKE,,,,0.00,Feet,,OLD HICKORY BLVD,,,,0.00,Y,T-Intersection,N,Intersection,None,,,         ,Jason,Lyons,Clear,Front to Rear,no,no,no,no,yes,False