master_record_number,agency,agency_tracking_number,county,city,collision_date,vehicles_involved,number_injured,number_dead,latitude,longitude,roadway_name,roadway_suffix,roadway_number,roadway_local_id,distance_from_reference,miles-feet_indicator,direction_from_reference,intersection_road_name,intersection_road_name_suffix,intersection_road_number,intersection_local_id,mile_marker,intersection_indicator,intersect_type,interchange_related_indicator,relation_to_junction,work_zone_type,construction_maintenance_zone,construction_maintenance_zone_location,fatal_case_number,officer_first_name,officer_last_name,weather_condition(s),manner_of_crash,pedestrian,bicycle,scooter,parking,hitrun,mou
103279596,METROPOLITAN NASHVILLE POLICE DEPT,20220193055,Davidson,Nashville,4/21/2022 7:22:00 AM,2,1,0,36.092580,-86.885420,VAUGHNS GAP RD,,,,0.00,Feet,,HARDING PKE,,,,0.00,Y,Four-Way,N,Intersection,None,,,         ,Amanda,Hanna,Cloudy,Angle,no,no,no,no,no,False
103279610,METROPOLITAN NASHVILLE POLICE DEPT,20220193025,Davidson,Nashville,4/21/2022 7:00:00 AM,2,1,0,36.230960,-86.611050,SHUTE LN,,,,14.00,Feet,East,WILLOW BOUGH LN,,,,0.00,N,Not at Intersection,N,Non-Junction,None,,,         ,Nelson,Hemingway,Rain,Front to Rear,no,no,no,no,no,False
103279625,METROPOLITAN NASHVILLE POLICE DEPT,20220193175,Davidson,Nashville,4/21/2022 9:00:00 AM,1,0,0,36.117550,-86.699590,BRILEY PKWY N EXT RAMP,,,,0.00,Feet,East,BRILEY PKWY N ENT RAMP,,,,0.00,N,Not at Intersection, ,Entrance/Exit Ramp Related,None,,,         ,David,Kmosko,Rain,Not Collision with Motor Vehicle in Transport,no,no,no,no,no,False
103279627,METROPOLITAN NASHVILLE POLICE DEPT,20220193140,Davidson,Nashville,4/21/2022 8:28:00 AM,2,1,0,36.047550,-86.716570,HICKORY PLZ,,,,30.00,Feet,South,HICKORY TRACE DR PVTDR,,,,0.00,N,Not at Intersection,N,Non-Junction,None,,,         ,Sekou,Samassi,Clear,Front to Rear,no,no,no,no,no,False
103279674,METROPOLITAN NASHVILLE POLICE DEPT,20220193234,Davidson,Not in City Limit,4/21/2022 9:37:00 AM,2,2,0,36.022930,-86.712420,NOLENSVILLE PKE,,,,122.00,Feet,North,PERSIA WAY,,,,0.00,N,Not at Intersection,N,Non-Junction,None,,,         ,Sekou,Samassi,Clear,Front to Rear,no,no,no,no,no,False
103279675,METROPOLITAN NASHVILLE POLICE DEPT,20220193224,Davidson,Antioch,4/21/2022 8:19:00 AM,2,0,0,36.014100,-86.620010,I 24,,,,0.00,,,,,,,62.55,N,Not at Intersection,N,Non-Junction,Work Zone,Work On Shoulder Or Median,Activity Area,         ,Patrick,Martin,Cloudy,Front to Rear,no,no,no,no,no,False
103279697,METROPOLITAN NASHVILLE POLICE DEPT,20220193212,Davidson,Nashville,4/21/2022 9:15:00 AM,2,0,0,36.126430,-86.727820,I 24,,,,0.00,,,,,,,52.45,N,Not at Intersection, ,Non-Junction,None,,,         ,Todd,Watson,Clear,"Sideswipe, Same Direction",no,no,no,no,no,False
103279710,METROPOLITAN NASHVILLE POLICE DEPT,20220193194,Davidson,Nashville,4/21/2022 9:12:00 AM,1,1,0,36.030620,-86.702170,BARNES RD,,,,581.00,Feet,West,COTTAGE GROVE PT,,,,0.00,N,Not at Intersection,N,Non-Junction,None,,,         ,Eric,Ziegler,Cloudy,Not Collision with Motor Vehicle in Transport,no,no,no,no,no,False
103279713,BERRY HILL POLICE DEPT,22-1053,Davidson,Berry Hill,4/21/2022 9:18:00 AM,2,0,0,36.126190,-86.777070,FRANKLIN PKE,,,,0.00,,,CRAIGHEAD ST,,,,0.00,Y,Four-Way, ,Intersection,None,,,         ,Ronnie,Hill,Cloudy,"Sideswipe, Opposite Direction",no,no,no,no,no,False
103279731,METROPOLITAN NASHVILLE POLICE DEPT,20220193364,Davidson,Nashville,4/21/2022 10:56:00 AM,2,1,0,36.066560,-86.636650,MORRIS GENTRY BLVD,,,,0.00,,,BELL RD,,,,0.00,Y,T-Intersection,N,Non-Junction,None,,,         ,Steven,Williams,Clear,"Sideswipe, Same Direction",no,no,no,no,no,False
103279735,METROPOLITAN NASHVILLE POLICE DEPT,20220193355,Davidson,Nashville,4/21/2022 10:50:00 AM,2,0,0,36.156310,-86.775700,5TH AVS,,,,60.00,Feet,South,KOREAN VETERANS BLVD,,,,0.00,N,Not at Intersection, ,,None,,,         ,Joshua,Reece,,,no,no,no,no,no,False
103279772,METROPOLITAN NASHVILLE POLICE DEPT,20220193171,Davidson,Nashville,4/21/2022 8:41:00 AM,2,1,0,36.081560,-86.713970,HARDING PL,,,,100.00,Feet,West,WHISPERING OAKS PL,,,,0.00,N,Not at Intersection,N,Non-Junction,None,,,         ,David,Rehm,Cloudy,"Sideswipe, Same Direction",no,no,no,no,no,False
103279803,METROPOLITAN NASHVILLE POLICE DEPT,20220193464,Davidson,Nashville,4/21/2022 12:09:00 PM,1,1,0,36.153300,-86.772180,4TH AVS,,,,0.00,,,ELM ST,,,,0.00,Y,Four-Way,N,Intersection,None,,,         ,Joshua,Reece,Clear,Not Collision with Motor Vehicle in Transport,no,yes,no,no,no,False
103279820,METROPOLITAN NASHVILLE POLICE DEPT,20220193446,Davidson,Nashville,4/21/2022 11:50:00 AM,2,2,0,36.040900,-86.779380,STONE BROOK DR,,,,0.00,,,OLD HICKORY BLVD,,,,0.00,Y,Four-Way,N,Intersection,None,,,         ,Sekou,Samassi,Clear,Angle,no,no,no,no,no,False
103279827,METROPOLITAN NASHVILLE POLICE DEPT,20220193487,Davidson,Nashville,4/21/2022 9:45:00 AM,2,0,0,36.043930,-86.693300,BELL RD,,,,0.00,,,BROOK VIEW ESTATES DR,,,,0.00,Y,Four-Way, ,Non-Junction,None,,,         ,Steven,Williams,Clear,Front to Rear,no,no,no,no,no,False
103279828,METROPOLITAN NASHVILLE POLICE DEPT,20220193490,Davidson,Nashville,4/21/2022 11:20:00 AM,2,0,0,36.168080,-86.815300,I 40,,,,0.00,,,,,,,206.75,N,Not at Intersection, ,,None,,,         ,Billy,Price,,,no,no,no,no,no,False
103279834,METROPOLITAN NASHVILLE POLICE DEPT,20220193476,Davidson,Nashville,4/21/2022 12:18:00 PM,2,0,0,36.206780,-86.781010,W TRINITY LN,,,,0.00,,,SCRUGGS LN,,,,0.00,Y,T-Intersection,N,Non-Junction,None,,,         ,James,Wray,Clear,"Sideswipe, Same Direction",no,no,no,no,yes,False
103279894,METROPOLITAN NASHVILLE POLICE DEPT,20220193143,Davidson,Nashville,4/21/2022 8:30:00 AM,2,0,0,36.111050,-86.771450,I 65,,,,0.00,,,,,,,79.85,N,Not at Intersection,Y,Non-Junction,None,,,         ,Lee,Davis,Cloudy,Front to Rear,no,no,no,no,no,False
103279901,METROPOLITAN NASHVILLE POLICE DEPT,2022-0192993,Davidson,Nashville,4/21/2022 6:35:00 AM,1,0,0,36.157410,-86.790630,I 40,,,,0.00,,,,,,,209.00,N,Not at Intersection,N,Non-Junction,None,,,         ,Po,Cheng,"Cloudy, Rain",Not Collision with Motor Vehicle in Transport,no,no,no,no,no,False
103279903,METROPOLITAN NASHVILLE POLICE DEPT,20220193478,Davidson,Nashville,4/21/2022 11:46:00 AM,2,0,0,36.171700,-86.768170,I 24,,,,0.00,,,,,,,48.35,N,Not at Intersection, ,Entrance/Exit Ramp Related,None,,,         ,Johnathan,Carlisle,Clear,"Sideswipe, Same Direction",no,no,no,no,yes,False
103279904,METROPOLITAN NASHVILLE POLICE DEPT,20220193387,Davidson,Nashville,4/21/2022 11:17:00 AM,2,2,0,36.030440,-86.638230,I 24,,,,0.00,,,,,,,61.00,N,Not at Intersection,N,Non-Junction,None,,,         ,Patrick,Martin,Clear,Angle,no,no,no,no,no,False
103279928,METROPOLITAN NASHVILLE POLICE DEPT,20220193323,Davidson,Nashville,4/21/2022 10:33:00 AM,2,0,0,36.150040,-86.675930,ROYAL PKWY,,,,0.00,,,PERIMETER PLACE DR,,,,0.00,Y,T-Intersection,N,Non-Junction,None,,,         ,Larry,Benz,Cloudy,Angle,no,no,no,no,no,False
103279930,METROPOLITAN NASHVILLE POLICE DEPT,20220193548,Davidson,Nashville,4/21/2022 1:06:00 PM,4,0,0,36.141460,-86.714900,I 40,,,,0.00,,,,,,,213.10,N,Not at Intersection,N,Non-Junction,None,,,         ,Michael,Brooks,Cloudy,Front to Rear,no,no,no,no,no,False
103279954,METROPOLITAN NASHVILLE POLICE DEPT,20220193407,Davidson,Nashville,4/21/2022 11:22:00 AM,3,1,0,36.162260,-86.761140,I 24,,,,0.00,,,,,,,49.30,N,Not at Intersection,N,Non-Junction,None,,,         ,Rachael,Robinson,Clear,Front to Rear,no,no,no,no,no,False
103279964,METROPOLITAN NASHVILLE POLICE DEPT,20220193658,Davidson,Nashville,4/21/2022 2:10:00 PM,2,0,0,36.165500,-86.818340,I40 W ENT RAMP,,,,0.00,Feet,East,I 40,,,,0.00,N,Not at Intersection, ,,None,,,         ,Billy,Price,,,no,no,no,no,no,False
103279978,METROPOLITAN NASHVILLE POLICE DEPT,20220193581,Davidson,Nashville,4/21/2022 11:08:00 AM,2,0,0,36.110960,-86.811340,HILLSBORO PKE,,,,92.00,Feet,South,GRAYBAR LN,,,,0.00,N,Not at Intersection, ,Non-Junction,None,,,         ,Douglas,Atwood,Cloudy,Angle,no,no,no,no,no,False
103279992,METROPOLITAN NASHVILLE POLICE DEPT,20220193173,Davidson,Old Hickory,4/21/2022 7:20:00 AM,2,1,0,36.252610,-86.647940,HADLEY AV,,,,0.00,,,OLD HICKORY BLVD,,,,0.00,Y,T-Intersection,N,Intersection,None,,,         ,Patrick,Lancaster,Cloudy,Front to Rear,no,no,no,no,yes,False
103280000,METROPOLITAN NASHVILLE POLICE DEPT,20220193632,Davidson,Nashville,4/21/2022 12:00:00 PM,2,0,0,36.206540,-86.749940,ELLINGTON PKWYS,,,,168.00,Feet,South,ELLINGTON PKWYN,,,,0.00,N,Not at Intersection, ,,None,,,         ,Shedie,Herbert III,,,no,no,no,no,no,False
103280002,METROPOLITAN NASHVILLE POLICE DEPT,20220193146,Davidson,Nashville,4/21/2022 7:25:00 AM,2,0,0,36.149890,-86.870640,I 40,,,,0.00,,,,,,,203.20,N,Not at Intersection, ,Non-Junction,None,,,         ,Jonathan,Phipps,Rain,Front to Rear,no,no,no,no,no,False
103280008,METROPOLITAN NASHVILLE POLICE DEPT,20220193667,Davidson,Nashville,4/21/2022 2:24:00 PM,1,0,0,36.033200,-86.641270,I 24,,,,0.00,,,,,,,60.70,N,Not at Intersection, ,Non-Junction,None,,,         ,Darrin,Hardin,Clear,Not Collision with Motor Vehicle in Transport,no,no,no,no,no,False
103280010,METROPOLITAN NASHVILLE POLICE DEPT,20220193599,Davidson,Not in City Limit,4/21/2022 1:37:00 PM,1,0,0,36.263110,-86.688240,OLD HICKORY PLACE APTS PVTDR,,,,100.00,Feet,North,E OLD HICKORY BLVD,,,,0.00,N,Not at Intersection,N,Non-Junction,None,,,         ,Christopher,Littles,Cloudy,Not Collision with Motor Vehicle in Transport,no,no,no,yes,no,False
103280020,METROPOLITAN NASHVILLE POLICE DEPT,20220193602,Davidson,Nashville,4/21/2022 1:40:00 PM,2,0,0,36.035780,-86.644220,I 24,,,,0.00,,,,,,,60.45,N,Not at Intersection, ,Non-Junction,None,,,         ,Eric,Ziegler,Clear,"Sideswipe, Same Direction",no,no,no,no,no,False
103280021,METROPOLITAN NASHVILLE POLICE DEPT,20220193736,Davidson,Nashville,4/21/2022 2:51:00 PM,2,2,0,36.130640,-86.836790,WEST END AV,,,,0.00,Feet,,LAUDERDALE RD,,,,0.00,Y,T-Intersection,N,Intersection,None,,,         ,Amanda,Hanna,Cloudy,Angle,no,no,no,no,no,False
103280031,METROPOLITAN NASHVILLE POLICE DEPT,20220193780,Davidson,Nashville,4/21/2022 3:29:00 PM,2,0,0,36.086080,-86.699980,I 24,,,,0.00,,,,,,,55.70,N,Not at Intersection, ,Non-Junction,None,,,         ,Darrin,Hardin,Cloudy,Front to Rear,no,no,no,no,no,False
103280033,METROPOLITAN NASHVILLE POLICE DEPT,20220193727,Davidson,Antioch,4/21/2022 3:07:00 PM,2,1,0,36.048710,-86.595660,PIN HOOK RD,,,,723.00,Feet,West,POST OAK DR,,,,0.00,N,Not at Intersection,N,"Driveway, Alley Access, etc",None,,,         ,Patrick,Martin,Clear,Angle,no,no,no,no,no,False
103280045,METROPOLITAN NASHVILLE POLICE DEPT,20220193750,Davidson,Nashville,4/21/2022 2:53:00 PM,2,0,0,36.153310,-86.787790,I 40,,,,0.00,,,,,,,209.30,N,Not at Intersection, ,Non-Junction,None,,,         ,Cory,Stratton,Cloudy,Angle,no,no,no,no,no,False
103280066,METROPOLITAN NASHVILLE POLICE DEPT,20220193899,Davidson,Madison,4/21/2022 5:10:00 PM,2,0,0,36.263210,-86.757170,WESTCHESTER DR,,,,32.00,Feet,East,DICKERSON PKE,,,,0.00,N,Not at Intersection, ,,None,,,         ,Alexander,Hartle,,,no,no,no,no,no,False
103280067,METROPOLITAN NASHVILLE POLICE DEPT,20220193847,Davidson,Not in City Limit,4/21/2022 3:22:00 PM,1,0,0,36.306640,-86.686070,GALLATIN PKEN,,,,433.00,Feet,West,NORTHSIDE MARKETPLACE PVTDR,,,,0.00,N,Not at Intersection, ,Non-Junction,None,,,         ,Wesley,Carver,Cloudy,Not Collision with Motor Vehicle in Transport,no,no,no,yes,no,False
103280077,VANDERBILT UNIVERSITY POLICE,20220193760,Davidson,Nashville,4/21/2022 2:40:00 PM,2,0,0,36.141010,-86.796160,HORTON AV,,,,0.00,,,18TH AVS,,,,0.00,Y,Four-Way, ,Intersection,None,,,         ,Shaneithia,Lewis,,Front to Rear,no,no,no,no,no,Campus
103280083,METROPOLITAN NASHVILLE POLICE DEPT,20220193812,Davidson,Nashville,4/21/2022 12:09:00 PM,2,0,0,36.164240,-86.763140,I24 E ENT RAMP,,,,0.00,,,I 24,,,,0.00,Y,Y-Intersection,N,Entrance/Exit Ramp Related,None,,,         ,Russell,Freeman,Cloudy,"Sideswipe, Same Direction",no,no,no,no,yes,False
103280090,METROPOLITAN NASHVILLE POLICE DEPT,20220193898,Davidson,Nashville,4/21/2022 4:25:00 PM,2,0,0,36.077150,-86.734090,OVERCREST DR,,,,0.00,,,HARDING PL,,,,0.00,Y,T-Intersection,N,Intersection,None,,,         ,Steven,Powers,Cloudy,Angle,no,no,no,no,yes,False
103280091,METROPOLITAN NASHVILLE POLICE DEPT,20220193947,Davidson,Nashville,4/21/2022 5:05:00 PM,1,1,0,36.116044,-86.782972,,,I440,,134.00,Feet,East,,,,,3.50,N,Not at Intersection,N,Non-Junction,None,,,         ,Cory,Stratton,Cloudy,Not Collision with Motor Vehicle in Transport,no,no,no,no,no,False
103280092,METROPOLITAN NASHVILLE POLICE DEPT,20220193905,Davidson,Nashville,4/21/2022 4:50:00 PM,1,0,0,36.171170,-86.692270,COTTAGE LN,,,,210.00,Feet,North,DELLROSE DR,,,,0.00,N,Not at Intersection,N,Non-Junction,None,,,         ,Brandon,Chapman,Clear,Not Collision with Motor Vehicle in Transport,no,no,no,no,no,False
103280098,METROPOLITAN NASHVILLE POLICE DEPT,20220193928,Davidson,Nashville,4/21/2022 4:55:00 PM,1,1,0,36.202430,-86.776640,I 65,,,,0.00,,,,,,,87.00,N,Not at Intersection,N,Non-Junction,None,,,         ,Zachary,Carter,Cloudy,Not Collision with Motor Vehicle in Transport,no,no,no,no,no,False
103280113,METROPOLITAN NASHVILLE POLICE DEPT,20220194001,Davidson,Nashville,4/21/2022 5:47:00 PM,2,1,0,36.045930,-86.675260,BELL RD,,,,277.00,Feet,West,BLUE HOLE RD,,,,0.00,N,Not at Intersection,N,Non-Junction,None,,,         ,Nadine,Klemenz,Clear,"Sideswipe, Same Direction",no,no,no,no,no,False
103280125,VANDERBILT UNIVERSITY POLICE,20220194053,Davidson,Nashville,4/21/2022 12:00:00 AM,2,0,0,36.139890,-86.812180,31ST AVS,,,,0.00,,,,,,,0.00,,, ,Non-Junction,None,,,         ,Cheryl,Bradley,,Other,no,no,no,yes,yes,Campus
103280146,METROPOLITAN NASHVILLE POLICE DEPT,20220193744,Davidson,Nashville,4/21/2022 3:13:00 PM,1,0,0,36.056800,-86.649480,RURAL HILL RD,,,,0.00,Feet,East,TOOK DR,,,,0.00,N,Not at Intersection,N,Non-Junction,None,,,         ,Keith,Parlato,Clear,Not Collision with Motor Vehicle in Transport,no,no,no,no,no,False
103280147,METROPOLITAN NASHVILLE POLICE DEPT,20220193910,Davidson,Nashville,4/21/2022 7:27:00 AM,2,0,0,36.064920,-86.645160,RURAL HILL RD,,,,0.00,,,BRIDGECREST DR,,,,0.00,Y,T-Intersection,N,Intersection,None,,,         ,Keith,Parlato,Clear,Front to Rear,no,no,no,yes,yes,False
103280148,METROPOLITAN NASHVILLE POLICE DEPT,20220193916,Davidson,Nashville,4/21/2022 4:42:00 PM,2,0,0,36.193220,-86.830510,CLARKSVILLE PKE,,,,260.00,Feet,East,BUENA VISTA PKE,,,,0.00,N,Not at Intersection,N,Non-Junction,None,,,         ,Andrew,Pedrotty,Clear,Angle,no,no,no,no,no,False
103280150,METROPOLITAN NASHVILLE POLICE DEPT,20220193788,Davidson,Nashville,4/21/2022 3:50:00 PM,2,0,0,36.040530,-86.770550,OLD HICKORY BLVD,,,,157.00,Feet,East,SEVEN SPRINGS WAY PVTDR,,,,0.00,N,Not at Intersection,N,Non-Junction,None,,,         ,Kelcey,Bell,Clear,Front to Rear,no,no,no,no,no,False
103280185,METROPOLITAN NASHVILLE POLICE DEPT,20220194105,Davidson,Nashville,4/21/2022 6:56:00 PM,2,1,0,36.146540,-86.767720,4TH AVS,,,,0.00,,,MILDRED SHUTE AV,,,,0.00,Y,T-Intersection,N,Intersection,None,,,         ,Austin,Binner,Clear,Angle,no,no,no,no,no,False
103280191,METROPOLITAN NASHVILLE POLICE DEPT,20220193867,Davidson,Nashville,4/21/2022 3:25:00 PM,3,2,0,36.078940,-86.728280,HARDING PL,,,,628.00,Feet,West,COVENTRY DR,,,,0.00,N,Not at Intersection,N,Non-Junction,None,,,         ,Flynn,Ireland,Clear,Angle,no,no,no,no,yes,False
103280193,METROPOLITAN NASHVILLE POLICE DEPT,20220194207,Davidson,Nashville,4/21/2022 7:12:00 PM,2,0,0,36.239150,-86.757660,DICKERSON PKE,,,,0.00,Feet,East,I65 S ENT RAMP,,,,0.00,N,Not at Intersection, ,Non-Junction,None,,,         ,Wesley,Carver,Cloudy,Angle,no,no,no,no,yes,False
103280227,METROPOLITAN NASHVILLE POLICE DEPT,20220194077,Davidson,Nashville,4/21/2022 5:50:00 PM,2,0,0,36.207030,-86.791620,BAPTIST WORLD CENTER DR,,,,0.00,,,US HWY 431,,,,0.00,Y,Four-Way, ,Intersection,None,,,         ,Tyler,Jordan,Clear,"Sideswipe, Same Direction",no,no,no,no,yes,False
103280257,METROPOLITAN NASHVILLE POLICE DEPT,20220194224,Davidson,Nashville,4/21/2022 7:38:00 PM,2,0,0,36.145290,-86.836630,MEDIA ST,,,,22.00,Feet,East,42ND AVN,,,,0.00,N,Not at Intersection, ,Non-Junction,None,,,         ,Ryan,Thomas,Clear,Front to Rear,no,no,no,no,no,False
103280258,METROPOLITAN NASHVILLE POLICE DEPT,20220194333,Davidson,Nashville,4/21/2022 9:15:00 PM,2,0,0,36.171770,-86.768360,US HWY 31,,,,126.00,Feet,West,EXIT 48,,,,0.00,N,Not at Intersection,N,Non-Junction,None,,,         ,Tyler,Lewis,Clear,Front to Rear,no,no,no,no,no,False
103280313,METROPOLITAN NASHVILLE POLICE DEPT,20220194403,Davidson,Nashville,4/21/2022 9:52:00 PM,2,0,0,36.165170,-86.816200,26TH AVN,,,,0.00,,,ALBION ST,,,,0.00,Y,Four-Way,N,Intersection,None,,,         ,Martin,Brown,Clear,Angle,no,no,no,no,no,False
103280314,METROPOLITAN NASHVILLE POLICE DEPT,20220194028,Davidson,Nashville,4/21/2022 12:55:00 PM,2,0,0,36.050710,-86.646900,BELL FORGE LNE,,,,8.00,Feet,South,BELL RD,,,,0.00,N,Not at Intersection, ,Non-Junction,None,,,         ,Parker,Vegas,Clear,"Sideswipe, Opposite Direction",no,no,no,no,no,False
103280329,METROPOLITAN NASHVILLE POLICE DEPT,20220194511,Davidson,Nashville,4/21/2022 10:47:00 PM,1,1,0,36.148450,-86.761180,CLAIBORNE ST,,,,17.00,Feet,North,LAFAYETTE ST,,,,0.00,N,Not at Intersection,N,Non-Junction,None,,,         ,Austin,Binner,Clear,Not Collision with Motor Vehicle in Transport,no,no,no,no,no,False
103280340,METROPOLITAN NASHVILLE POLICE DEPT,20220194395,Davidson,Nashville,4/21/2022 8:55:00 AM,2,0,0,36.068060,-86.669050,BOWFIELD DR,,,,0.00,,,DOWDY DR,,,,0.00,Y,Four-Way,Y,Non-Junction,None,,,         ,Phillip,Lovell,Clear,Angle,no,no,no,no,no,False
103280341,METROPOLITAN NASHVILLE POLICE DEPT,20220194110,Davidson,Nashville,4/21/2022 6:14:00 PM,2,2,0,36.206780,-86.777380,I65 S ENT RAMP,,,,0.00,,,I 65,,,,0.00,Y,OTHER,N,Entrance/Exit Ramp Related,None,,,         ,Gabriel,Centeno,Clear,"Sideswipe, Same Direction",no,no,no,no,no,False
103280343,METROPOLITAN NASHVILLE POLICE DEPT,20220194459,Davidson,Nashville,4/21/2022 10:20:00 PM,2,3,0,36.147350,-86.785730,SOUTH ST,,,,0.00,,,12TH AVS,,,,0.00,Y,Four-Way,N,Intersection,None,,,         ,Cory,Stratton,Cloudy,Front to Rear,no,no,no,no,no,False
103280344,METROPOLITAN NASHVILLE POLICE DEPT,20220194369,Davidson,Nashville,4/21/2022 8:48:00 PM,2,0,0,36.126870,-86.710280,THOMPSON PL,,,,246.00,Feet,East,MURFREESBORO PKE,,,,0.00,N,Not at Intersection,N,Non-Junction,None,,,         ,Corey,Ethridge,,"Sideswipe, Opposite Direction",no,no,no,no,yes,False
103280348,METROPOLITAN NASHVILLE POLICE DEPT,20220193829,Davidson,Nashville,4/21/2022 2:54:00 PM,2,0,0,36.106140,-86.816000,ABBOTT MARTIN RD,,,,0.00,,,BANDYWOOD DR,,,,0.00,Y,Four-Way,N,Intersection-Related,None,,,         ,Robert,Higgins,Clear,Front to Rear,no,no,no,no,yes,False
103280352,METROPOLITAN NASHVILLE POLICE DEPT,20220194059,Davidson,Nashville,4/21/2022 2:00:00 PM,2,0,0,36.201090,-86.617880,LEBANON PKE,,,,50.00,Feet,South,TYLER DR,,,,0.00,N,Not at Intersection,N,Non-Junction,None,,,         ,Christian,Vanders,Cloudy,Angle,no,no,no,no,yes,False
103280354,METROPOLITAN NASHVILLE POLICE DEPT,20220194189,Davidson,Nashville,4/21/2022 4:41:00 PM,2,0,0,36.044790,-86.661950,BELL RD,,,,126.00,Feet,West,CANE RIDGE RD,,,,0.00,N,Not at Intersection, ,Non-Junction,None,,,         ,Nathaniel,Myers,Cloudy,Angle,no,no,no,no,no,False
103280356,METROPOLITAN NASHVILLE POLICE DEPT,20220194337,Davidson,Nashville,4/21/2022 5:50:00 PM,2,0,0,36.146450,-86.762960,TRIMBLE ST,,,,0.00,Feet,,WHARF AV,,,,0.00,Y,T-Intersection, ,Intersection,None,,,         ,Robert,Leverick,Clear,"Sideswipe, Opposite Direction",no,no,no,no,no,False
103280357,METROPOLITAN NASHVILLE POLICE DEPT,20220194506,Davidson,Nashville,4/21/2022 10:49:00 PM,3,1,0,36.050240,-86.648630,BELL RD,,,,274.00,Feet,East,MT VIEW RD,,,,0.00,N,Not at Intersection,N,Non-Junction,None,,,         ,William,Williams,Clear,Front to Rear,no,no,no,no,no,False
103280359,METROPOLITAN NASHVILLE POLICE DEPT,20220194560,Davidson,Nashville,4/21/2022 11:03:00 PM,2,1,0,36.173030,-86.602010,OLD HICKORY BLVD,,,,140.00,Feet,North,PRINCETON PL,,,,0.00,N,Not at Intersection,N,Non-Junction,None,,,         ,Forrest,Punke,Clear,Front to Rear,no,no,no,no,yes,False
103280361,METROPOLITAN NASHVILLE POLICE DEPT,20220194457,Davidson,Nashville,4/21/2022 10:24:00 PM,2,0,0,36.192340,-86.829080,US HWY 41 ALT,,,,0.00,,,CLIFF DR,,,,0.00,Y,T-Intersection,N,Intersection,None,,,         ,Tyler,Jordan,Clear,Angle,no,no,no,no,yes,False
103280365,METROPOLITAN NASHVILLE POLICE DEPT,20220194561,Davidson,Nashville,4/21/2022 8:47:00 PM,2,0,0,36.157180,-86.634380,STEWARTS FERRY PKE,,,,460.00,Feet,East,MCCRORY CREEK RD,,,,0.00,N,Not at Intersection,N,Non-Junction,None,,,         ,Robert,Leverick,Clear,"Sideswipe, Same Direction",no,no,no,yes,yes,False
103280366,METROPOLITAN NASHVILLE POLICE DEPT,20220194452,Davidson,Antioch,4/20/2022 8:35:00 PM,2,0,0,35.991760,-86.653250,BURKITT RD,,,,469.00,Feet,East,WHITTEMORE LN,,,,0.00,N,Not at Intersection,N,Non-Junction,None,,,         ,Autumn,Manning,Clear,Other,no,no,no,no,yes,False
103280392,METROPOLITAN NASHVILLE POLICE DEPT,20220194549,Davidson,Nashville,4/21/2022 12:00:00 AM,2,0,0,36.255960,-86.714490,GALLATIN PKES,,,,95.00,Feet,South,NEELYS BEND RD,,,,0.00,N,Not at Intersection,N,OtherLocation,Construction Zone,,,         ,Reuben,Hewit,Clear,Front to Rear,no,no,no,no,yes,False
103280453,METROPOLITAN NASHVILLE POLICE DEPT,20220194967,Davidson,Nashville,4/22/2022 12:00:00 AM,1,1,0,36.219700,-86.750530,HART LN,,,,552.00,Feet,West,ELLINGTON PKWY S EXT RAMP,,,,0.00,N,Not at Intersection,N,Non-Junction,None,,,         ,Matthew,Jankiewicz,Clear,Not Collision with Motor Vehicle in Transport,no,no,no,no,no,False
103280474,METROPOLITAN NASHVILLE POLICE DEPT,20220193634,Davidson,Nashville,4/21/2022 1:17:00 PM,2,0,0,36.171430,-86.769040,JAMES ROBERTSON PKWY,,,,0.00,,,INTERSTATE DR,,,,0.00,Y,Four-Way, ,Intersection,None,,,         ,Joshua,Reece,Clear,Angle,no,no,no,no,no,False
103280477,METROPOLITAN NASHVILLE POLICE DEPT,20220190519,Davidson,Nashville,4/20/2022 12:53:00 AM,1,0,1,36.152220,-86.624410,BELL RD,,,,196.00,Feet,East,STEWARTS FERRY PKE,,,,0.00,N,Not at Intersection,N,Non-Junction,None,,,         ,Christopher,Augustin,Clear,Not Collision with Motor Vehicle in Transport,no,no,no,no,no,False
103280496,METROPOLITAN NASHVILLE POLICE DEPT,20220195134,Davidson,Nashville,4/22/2022 7:55:00 AM,2,0,0,36.238660,-86.723900,GALLATIN PKES,,,,53.00,Feet,South,WALTON LN,,,,0.00,N,Not at Intersection,N,Non-Junction,None,,,         ,Brian,Otto,Clear,Front to Rear,no,no,no,no,yes,False
103280531,METROPOLITAN NASHVILLE POLICE DEPT,20220195128,Davidson,Nashville,4/22/2022 7:55:00 AM,2,1,0,36.198440,-86.620270,LEBANON PKE,,,,0.00,,,OLD HICKORY BLVD,,,,0.00,Y,Four-Way,N,Intersection,None,,,         ,Kaitlyn,Qualls,Clear,Front to Rear,no,no,no,no,no,False
103280546,METROPOLITAN NASHVILLE POLICE DEPT,20220193653,Davidson,Nashville,4/21/2022 12:32:00 PM,2,0,0,36.176840,-86.787480,4TH AVN,,,,174.00,Feet,South,MONROE ST,,,,0.00,N,Not at Intersection, ,Non-Junction,None,,,         ,Ronald,Bright,Cloudy,"Sideswipe, Same Direction",no,no,no,no,no,False