master_record_number,agency,agency_tracking_number,county,city,collision_date,vehicles_involved,number_injured,number_dead,latitude,longitude,roadway_name,roadway_suffix,roadway_number,roadway_local_id,distance_from_reference,miles-feet_indicator,direction_from_reference,intersection_road_name,intersection_road_name_suffix,intersection_road_number,intersection_local_id,mile_marker,intersection_indicator,intersect_type,interchange_related_indicator,relation_to_junction,work_zone_type,construction_maintenance_zone,construction_maintenance_zone_location,fatal_case_number,officer_first_name,officer_last_name,weather_condition(s),manner_of_crash,pedestrian,bicycle,scooter,parking,hitrun,mou
103282515,METROPOLITAN NASHVILLE POLICE DEPT,20220198222,Davidson,Nashville,4/24/2022 1:08:00 AM,2,0,0,36.157730,-86.771120,HERMITAGE AV,,,,108.00,Feet,East,1ST AVS,,,,0.00,N,Not at Intersection,N,Non-Junction,None,,,         ,Blake,Lutz,Clear,Front to Rear,no,no,no,no,yes,False
103282516,METROPOLITAN NASHVILLE POLICE DEPT,20220198027,Davidson,Nashville,4/23/2022 10:40:00 PM,2,0,0,36.152730,-86.874620,CROLEY DR,,,,126.00,Feet,South,ALAMO PL,,,,0.00,N,Not at Intersection,N,Non-Junction,None,,,         ,Mark,Lemieux,Clear,Front to Rear,no,no,no,no,no,False
103282517,METROPOLITAN NASHVILLE POLICE DEPT,20220198235,Davidson,Nashville,4/24/2022 1:45:00 AM,1,0,0,36.077090,-86.725560,EDMONDSON PKE,,,,0.00,,,WALLACE RD,,,,0.00,Y,Four-Way,N,Intersection,None,,,         ,Eric,Laury,Clear,Not Collision with Motor Vehicle in Transport,no,no,no,no,yes,False
103282521,METROPOLITAN NASHVILLE POLICE DEPT,20220197943,Davidson,Nashville,4/23/2022 9:35:00 PM,2,0,0,36.164570,-86.776910,CHURCH ST,,,,0.00,Feet,East,2ND AVN,,,,0.00,N,Not at Intersection,N,Non-Junction,None,,,         ,Ronald,Conner,Clear,Front to Rear,no,no,no,no,yes,False
103282524,METROPOLITAN NASHVILLE POLICE DEPT,20220198194,Davidson,Nashville,4/24/2022 1:01:00 AM,2,1,0,36.079100,-86.720540,WALLACE RD,,,,0.00,,,RECOVERY RD,,,,0.00,Y,Four-Way,N,Intersection,None,,,         ,Jason,Lyons,Clear,Front to Rear,no,no,no,no,no,False
103282526,GOODLETTSVILLE POLICE DEPT,22-12344,Davidson,Goodlettsville,4/23/2022 11:49:00 PM,1,0,0,36.320410,-86.701830,CONFERENCE DR,,,,611.00,Feet,North,-- UNKNOWN RAMP/ROAD --,,,,0.00,,Not at Intersection, ,Non-Junction,None,,,         ,Dequionta,Rucker,Clear,Not Collision with Motor Vehicle in Transport,no,no,no,yes,no,False
103282536,METROPOLITAN NASHVILLE POLICE DEPT,20220198288,Davidson,Nashville,4/24/2022 2:47:00 AM,2,0,0,36.153050,-86.789550,DEMONBREUN ST,,,,387.00,Feet,West,MUSIC CIRE,,,,0.00,N,Not at Intersection,N,"Driveway, Alley Access, etc",None,,,         ,Garrett,Latham,Clear,Angle,no,no,no,no,yes,False
103282539,METROPOLITAN NASHVILLE POLICE DEPT,20220198273,Davidson,Nashville,4/24/2022 2:19:00 AM,1,0,0,36.086860,-86.890350,GLENMARY CT,,,,101.00,Feet,South,CANA CIR,,,,0.00,N,Not at Intersection,N,Non-Junction,None,,,         ,Nicholaus,George,Clear,Unknown,no,no,no,yes,yes,False
103282547,METROPOLITAN NASHVILLE POLICE DEPT,20220197964,Davidson,Nashville,4/23/2022 9:39:00 PM,2,0,0,36.165270,-86.773310,TITANS WAY,,,,541.00,Feet,North,EAST BANK GRNWY,,,,0.00,N,Not at Intersection,N,Non-Junction,None,,,         ,Kevin,Steiner,Clear,"Sideswipe, Opposite Direction",no,no,no,no,yes,False
103282551,METROPOLITAN NASHVILLE POLICE DEPT,20220198300,Davidson,Nashville,4/24/2022 3:04:00 AM,2,3,0,36.160470,-86.778440,5TH AVS,,,,0.00,,,BROADWAY,,,,0.00,Y,Four-Way,N,Intersection,None,,,         ,Eric,Westbrook,Clear,Front to Rear,no,no,no,no,no,False
103282554,METROPOLITAN NASHVILLE POLICE DEPT,20220198244,Davidson,Nashville,4/24/2022 1:50:00 AM,2,0,0,36.039920,-86.649970,I 24,,,,0.00,,,,,,,60.00,N,Not at Intersection,N,Non-Junction,None,,,         ,Jason,Lyons,Clear,Front to Rear,no,no,no,no,no,False
103282574,METROPOLITAN NASHVILLE POLICE DEPT,20220198308,Davidson,Nashville,4/24/2022 12:00:00 AM,1,1,0,36.239150,-86.757660,DICKERSON PKE,,,,0.00,Feet,East,I65 S ENT RAMP,,,,0.00,N,Not at Intersection,N,Non-Junction,None,,,         ,Vincent,McCrary,Clear,Not Collision with Motor Vehicle in Transport,no,no,no,no,no,False
103282584,METROPOLITAN NASHVILLE POLICE DEPT,20220198363,Davidson,Nashville,4/24/2022 4:51:00 AM,2,0,0,36.144620,-86.749840,MURFREESBORO PKE,,,,0.00,,,ELM HILL PKE,,,,0.00,Y,T-Intersection,N,Intersection,None,,,         ,Timothy,Lehnert,Clear,Angle,no,no,no,no,no,False
103282587,METROPOLITAN NASHVILLE POLICE DEPT,20220198342,Davidson,Nashville,4/24/2022 4:02:00 AM,1,1,0,36.153830,-86.840610,I 40,,,,0.00,,,,,,,204.85,N,Not at Intersection,N,Non-Junction,None,,,         ,John,Jones,Clear,Not Collision with Motor Vehicle in Transport,no,no,no,no,no,False
103282597,METROPOLITAN NASHVILLE POLICE DEPT,20220197938,Davidson,Nashville,4/23/2022 9:50:00 PM,2,1,0,36.153900,-86.787480,I40 W EXT RAMP,,,,0.00,Feet,East,I 40,,,,0.00,N,Not at Intersection,N,Entrance/Exit Ramp Related,None,,,         ,Peyton,Wheatley,Clear,Front to Rear,no,no,no,no,no,False
103282610,METROPOLITAN NASHVILLE POLICE DEPT,20220198407,Davidson,Nashville,4/24/2022 3:33:00 AM,2,0,0,36.155820,-86.795920,17TH AVN,,,,0.00,Feet,West,CHURCH ST,,,,0.00,N,Not at Intersection,N,Non-Junction,None,,,         ,Paxton,Montgomery,Clear,"Sideswipe, Same Direction",no,no,no,no,no,False
103282615,METROPOLITAN NASHVILLE POLICE DEPT,20220198337,Davidson,Nashville,4/24/2022 1:59:00 AM,2,0,0,36.044780,-86.661520,CANE RIDGE RD,,,,3.00,Feet,North,BELL RD,,,,0.00,N,Not at Intersection,N,Non-Junction,None,,,         ,Bryan,Malone,Clear,Angle,no,no,no,no,yes,False
103282616,METROPOLITAN NASHVILLE POLICE DEPT,20220198101,Davidson,Nashville,4/23/2022 12:00:00 AM,2,0,0,36.142940,-86.815390,US HWY 70S,,,,0.00,,,,,,,0.00,,,N,Non-Junction,None,,,         ,Lynsey,Fish,Clear,Rear to Side,no,no,no,no,yes,Campus
103282618,Nashville Airport Police,2022-01508,Davidson,Nashville,4/19/2022 8:57:00 AM,4,0,0,36.116430,-86.668370,DONELSON PKE,,,,115.00,Feet,South,HANGAR LN,,,,0.00,N,Not at Intersection,N,Unknown,None,,,         ,Dylan,Bollinger,Clear,Rear to Side,no,no,no,no,no,False
103282635,METROPOLITAN NASHVILLE POLICE DEPT,20220198405,Davidson,Nashville,4/24/2022 12:00:00 AM,1,0,0,36.181140,-86.612670,DODSON CHAPEL RD,,,,355.00,Feet,South,DODSON CHAPEL CT,,,,0.00,N,Not at Intersection,N,Non-Junction,None,,,         ,Zachariah,Souza,Clear,Not Collision with Motor Vehicle in Transport,no,no,no,no,yes,False
103282642,METROPOLITAN NASHVILLE POLICE DEPT,20220198445,Davidson,Nashville,4/24/2022 12:00:00 AM,1,0,0,36.131580,-86.801200,BERNARD AV,,,,0.00,,,,,,,0.00,,Not at Intersection,N,Non-Junction,None,,,         ,Wyatt,Blacker,Clear,Not Collision with Motor Vehicle in Transport,no,no,no,no,yes,False
103282644,METROPOLITAN NASHVILLE POLICE DEPT,20220198164,Davidson,Nashville,4/24/2022 12:25:00 AM,2,2,0,36.084780,-86.894550,PERCY WARNER BLVD,,,,0.00,Feet,,HARDING PKE,,,,0.00,Y,T-Intersection,Y,Intersection,None,,,         ,Christopher,Alceus,Clear,Angle,no,no,no,no,no,False
103282661,METROPOLITAN NASHVILLE POLICE DEPT,20220198165,Davidson,Nashville,4/23/2022 11:42:00 PM,2,0,0,36.078790,-86.837000,TYNE BLVD,,,,0.00,,,HILLSBORO PKE,,,,0.00,Y,Four-Way,N,Intersection,None,,,         ,Mitchell,Cook,Cloudy,Angle,no,no,no,no,no,False
103282670,METROPOLITAN NASHVILLE POLICE DEPT,20220198430,Davidson,Nashville,4/24/2022 6:30:00 AM,2,0,0,36.160250,-86.782960,COMMERCE ST,,,,0.00,,,ROSA L PARKS BLVD,,,,0.00,Y,Four-Way,N,Intersection,None,,,         ,Henry,Perez,Clear,Angle,no,no,no,no,no,False
103282673,METROPOLITAN NASHVILLE POLICE DEPT,20220198526,Davidson,Nashville,4/24/2022 12:00:00 AM,1,0,0,36.057030,-86.620580,MURFREESBORO PKE,,,,1129.00,Feet,North,MT VIEW RD,,,,0.00,N,Not at Intersection,N,Non-Junction,None,,,         ,Christopher,Augustin,Clear,Not Collision with Motor Vehicle in Transport,no,no,no,no,yes,False
103282683,METROPOLITAN NASHVILLE POLICE DEPT,20220196675,Davidson,Nashville,4/23/2022 1:05:00 AM,2,0,0,36.173430,-86.785260,JUNIOR GILLIAM WAY,,,,0.00,,,4TH AVN,,,,0.00,Y,T-Intersection, ,Non-Junction,None,,,         ,Alex,Moore,Clear,"Sideswipe, Opposite Direction",no,no,no,no,no,False
103282685,METROPOLITAN NASHVILLE POLICE DEPT,20220198477,Davidson,Nashville,4/24/2022 7:23:00 AM,2,0,0,36.202440,-86.689300,BRILEY PKWYS,,,,546.00,Feet,South,BRILEY PKWYN,,,,0.00,N,Not at Intersection,N,Non-Junction,None,,,         ,Peabo,McAlmont,Clear,Angle,no,no,no,no,no,False
103282711,METROPOLITAN NASHVILLE POLICE DEPT,20220198543,Davidson,Nashville,4/24/2022 8:42:00 AM,2,3,0,36.151340,-86.768360,2ND AVS,,,,0.00,,,I40 E ENT RAMP,,,,0.00,Y,Four-Way,N,Entrance/Exit Ramp Related,None,,,         ,Daniel,Russett,Clear,Angle,no,no,no,no,no,False
103282719,METROPOLITAN NASHVILLE POLICE DEPT,20220198525,Davidson,Nashville,4/23/2022 9:30:00 AM,2,0,0,36.126540,-86.711390,EAST THOMPSON LN,,,,106.00,Feet,West,THOMPSON PL,,,,0.00,N,Not at Intersection,N,Non-Junction,None,,,         ,David,Rehm,Clear,Angle,no,no,no,no,yes,False
103282723,METROPOLITAN NASHVILLE POLICE DEPT,20220198562,Davidson,Nashville,4/24/2022 7:45:00 AM,2,0,0,36.046440,-86.661200,I 24,,,,0.00,,,,,,,59.25,N,Not at Intersection, ,Non-Junction,Construction Zone,,,         ,Pamela,Caulder,Clear,Front to Rear,no,no,no,no,no,False
103282726,METROPOLITAN NASHVILLE POLICE DEPT,20220198605,Davidson,Nashville,4/24/2022 9:55:00 AM,1,1,0,36.072070,-86.639260,RURAL HILL RD,,,,893.00,Feet,South,MURFREESBORO PKE,,,,0.00,N,Not at Intersection,N,Non-Junction,None,,,         ,Jason,Hees,Clear,Not Collision with Motor Vehicle in Transport,no,no,no,no,no,False
103282729,METROPOLITAN NASHVILLE POLICE DEPT,20220198621,Davidson,Nashville,4/24/2022 12:00:00 AM,2,1,0,36.150920,-86.770150,I 40,,,,0.00,,,,,,,210.40,N,Not at Intersection,N,Non-Junction,None,,,         ,Maria,Reynolds,Clear,Front to Rear,no,no,no,no,no,False
103282763,METROPOLITAN NASHVILLE POLICE DEPT,20220198639,Davidson,Nashville,4/24/2022 10:39:00 AM,2,1,0,36.152630,-86.754360,I 40,,,,0.00,,,,,,,211.30,N,Not at Intersection,N,Non-Junction,None,,,         ,Cameron,Fritschie,Clear,Front to Rear,no,no,no,no,no,False
103282764,METROPOLITAN NASHVILLE POLICE DEPT,20220198664,Davidson,Nashville,4/24/2022 12:00:00 AM,2,0,0,36.070130,-86.674540,ARTELIA DR,,,,39.00,Feet,South,BRYANT CT,,,,0.00,N,Not at Intersection,N,Non-Junction,None,,,         ,Pamela,Caulder,Clear,Front to Rear,no,no,no,no,yes,False
103282779,METROPOLITAN NASHVILLE POLICE DEPT,20220198638,Davidson,Nashville,4/24/2022 10:37:00 AM,2,1,0,36.149460,-86.774510,MULBERRY ST,,,,113.00,Feet,East,VINE ST,,,,0.00,N,Not at Intersection,N,Non-Junction,None,,,         ,Hunter,Hodge,Clear,Front to Rear,no,no,no,no,no,False
103282788,METROPOLITAN NASHVILLE POLICE DEPT,20220198687,Davidson,Nashville,4/24/2022 11:08:00 AM,2,0,0,36.130020,-86.727330,I24E,,,,0.00,,,I440 W ENT RAMP,,,,0.00,Y,OTHER,N,Non-Junction,None,,,         ,Eric,Burford,Clear,Angle,no,no,no,no,no,False
103282797,METROPOLITAN NASHVILLE POLICE DEPT,20220198675,Davidson,Nashville,4/24/2022 9:59:00 AM,2,0,0,36.188470,-86.747530,GRANADA AV,,,,78.00,Feet,East,BAILEY ST,,,,0.00,N,Not at Intersection,N,Non-Junction,None,,,         ,Miranda,Vaughn,Clear,Front to Rear,no,no,no,no,no,False
103282990,METROPOLITAN NASHVILLE POLICE DEPT,20220198801,Davidson,Nashville,4/24/2022 1:08:00 PM,2,0,0,36.112920,-86.730250,LIVE OAK RD,,,,0.00,,,MASHBURN RD,,,,0.00,Y,Four-Way, ,Intersection,Work Zone,,,         ,Darrin,Hardin,Clear,Angle,no,no,no,no,no,False
103283007,METROPOLITAN NASHVILLE POLICE DEPT,20220198768,Davidson,Nashville,4/24/2022 1:03:00 PM,1,0,0,36.116640,-86.771380,I 440,,,,0.00,,,,,,,0.00,,,N,Non-Junction,None,,,         ,Paxton,Montgomery,Clear,Not Collision with Motor Vehicle in Transport,no,no,no,no,no,False
103283022,THP District 3 - Nashville,322031646,Davidson,Nashville,4/23/2022 8:30:00 AM,1,0,0,36.180670,-86.603380,ROCKWOOD DR,,,,140.00,Feet,North,HERMITAGE WOODS DR,,,,0.00,N,Not at Intersection,N,Non-Junction,None,,,         ,Jennifer,Hicks,Clear,Not Collision with Motor Vehicle in Transport,no,no,no,no,no,False
103283027,METROPOLITAN NASHVILLE POLICE DEPT,20220198074,Davidson,Nashville,4/23/2022 11:30:00 PM,2,0,0,36.045800,-86.674630,BELL RD,,,,86.00,Feet,West,BLUE HOLE RD,,,,0.00,N,Not at Intersection,N,Non-Junction,None,,,         ,Sean,McConnell,Clear,Front to Rear,no,no,no,no,no,False
103283034,METROPOLITAN NASHVILLE POLICE DEPT,20220198938,Davidson,Nashville,4/24/2022 1:30:00 PM,2,0,0,36.263200,-86.756910,WESTCHESTER DR,,,,109.00,Feet,East,DICKERSON PKE,,,,0.00,N,Not at Intersection,N,Non-Junction,None,,,         ,DuJuan,Kendrick,Clear,Angle,no,no,no,no,yes,False
103283039,METROPOLITAN NASHVILLE POLICE DEPT,20220198948,Davidson,Nashville,4/24/2022 2:37:00 PM,2,0,0,36.255100,-86.715380,MADISON SQ,,,,55.00,Feet,West,GALLATIN PKES,,,,0.00,N,Not at Intersection,N,"Driveway, Alley Access, etc",None,,,         ,William,Coy,Clear,Angle,no,no,no,no,yes,False
103283045,METROPOLITAN NASHVILLE POLICE DEPT,20220198895,Davidson,Nashville,4/24/2022 2:30:00 PM,2,0,0,36.146990,-86.795060,GRAND AV,,,,0.00,,,18TH AVS,,,,0.00,Y,Four-Way,N,Intersection,None,,,         ,Flynn,Ireland,Clear,Angle,no,no,no,no,no,Campus
103283053,METROPOLITAN NASHVILLE POLICE DEPT,20220198880,Davidson,Nashville,4/24/2022 2:55:00 PM,2,0,0,36.120890,-86.911060,I 40,,,,0.00,,,,,,,200.10,N,Not at Intersection, ,,None,,,         ,Steven,Begley,,,no,no,no,no,no,False
103283057,METROPOLITAN NASHVILLE POLICE DEPT,20220198994,Davidson,Nashville,4/24/2022 3:53:00 PM,1,0,0,36.132180,-86.629110,BELL RD,,,,197.00,Feet,South,HARBORWOOD DR,,,,0.00,N,Not at Intersection,N,Non-Junction,None,,,         ,Rami,Rouhi,Clear,Not Collision with Motor Vehicle in Transport,no,no,no,no,no,False
103283059,METROPOLITAN NASHVILLE POLICE DEPT,20220198993,Davidson,Nashville,4/24/2022 4:33:00 PM,1,0,0,36.147750,-86.771990,OAK ST,,,,0.00,Feet,,6TH AVS,,,,0.00,Y,OTHER,N,Intersection,None,,,         ,Garrett,Latham,Clear,Not Collision with Motor Vehicle in Transport,no,no,no,no,no,False
103283064,METROPOLITAN NASHVILLE POLICE DEPT,20220198933,Davidson,Nashville,4/24/2022 3:51:00 PM,2,0,0,36.229380,-86.759280,BROADMOOR DR,,,,0.00,,,DICKERSON PKE,,,,0.00,Y,Four-Way, ,,None,,,         ,Jacob,Krispin,,,no,no,no,no,no,False
103283071,METROPOLITAN NASHVILLE POLICE DEPT,20220199005,Davidson,Nashville,4/24/2022 4:47:00 PM,3,2,0,36.170250,-86.767230,I 24,,,,0.00,,,,,,,48.65,N,Not at Intersection,N,Non-Junction,None,,,         ,Daniel,Carney,Clear,Front to Rear,no,no,no,no,yes,False
103283099,METROPOLITAN NASHVILLE POLICE DEPT,20220198992,Davidson,Nashville,4/24/2022 4:30:00 PM,2,3,0,36.162030,-86.816940,HERMAN ST,,,,149.00,Feet,East,27TH AVN,,,,0.00,N,Not at Intersection,N,Non-Junction,None,,,         ,Dylan,Ramos,Clear,"Sideswipe, Opposite Direction",no,no,no,no,no,False
103283110,METROPOLITAN NASHVILLE POLICE DEPT,20220198975,Davidson,Antioch,4/24/2022 4:12:00 PM,3,2,0,36.042850,-86.606550,MURFREESBORO PKE,,,,0.00,,,HOBSON PKE,,,,0.00,Y,Four-Way,N,Intersection,None,,,         ,Zachary,Wilbanks,Clear,Angle,no,no,no,no,no,False
103283112,METROPOLITAN NASHVILLE POLICE DEPT,20220198912,Davidson,Not in City Limit,4/24/2022 3:00:00 PM,2,1,0,36.079030,-86.944640,SAWYER BROWN RD,,,,0.00,,,BELLEVUE CTR PVTDR,,,,0.00,Y,Four-Way,N,Intersection,None,,,         ,Mark,Lemieux,Clear,Angle,no,no,no,no,no,False
103283116,VANDERBILT UNIVERSITY POLICE,2022-0199072,Davidson,Nashville,4/24/2022 5:30:00 PM,2,0,0,36.107830,-86.764080,POWELL AV,,,,0.00,,,,,,,0.00,,, ,Non-Junction,None,,,         ,Yarrish,Hammons,Clear,Other,no,no,no,yes,yes,OHO
103283132,METROPOLITAN NASHVILLE POLICE DEPT,20220199237,Davidson,Nashville,4/24/2022 7:00:00 PM,2,1,0,36.180590,-86.801570,9TH AVN,,,,3.00,Feet,North,BUCHANAN ST,,,,0.00,N,Not at Intersection,N,Non-Junction,None,,,         ,Dylan,Ramos,Clear,Angle,no,no,no,no,no,False
103283133,METROPOLITAN NASHVILLE POLICE DEPT,20220199113,Davidson,Nashville,4/24/2022 5:15:00 PM,2,1,0,36.081420,-86.759550,HARDING PL,,,,370.00,Feet,West,TROUSDALE DR,,,,0.00,N,Not at Intersection,N,Non-Junction,None,,,         ,Gabriel,Hamilton,Clear,Angle,no,no,no,no,no,False
103283143,METROPOLITAN NASHVILLE POLICE DEPT,20220199207,Davidson,Nashville,4/24/2022 5:50:00 PM,2,0,0,36.207610,-86.777790,BRICK CHURCH PKE,,,,22.00,Feet,North,I65 S EXT RAMP,,,,0.00,N,Not at Intersection,Y,Entrance/Exit Ramp Related,None,,,         ,Tyler,Jordan,Clear,Angle,no,no,no,no,yes,False
103283152,METROPOLITAN NASHVILLE POLICE DEPT,20220198987,Davidson,Nashville,4/24/2022 3:42:00 PM,3,0,0,36.055010,-86.642410,BELL RD,,,,0.00,,,ZELIDA AV,,,,0.00,Y,Four-Way,Y,Intersection,None,,,         ,Adam,Kauffman,Clear,"Sideswipe, Opposite Direction",no,no,no,no,yes,False
103283193,METROPOLITAN NASHVILLE POLICE DEPT,20220199030,Davidson,Nashville,4/24/2022 5:00:00 PM,2,0,0,36.125120,-86.805750,HILLSBORO PKE,,,,81.00,Feet,South,ENCLAVE AT HILLSBORO VILLAGE P,,,,0.00,N,Not at Intersection,N,Non-Junction,None,,,         ,Dylan,Chambers,Clear,Angle,no,no,no,no,yes,False
103283258,METROPOLITAN NASHVILLE POLICE DEPT,20220199376,Davidson,Nashville,4/24/2022 9:00:00 PM,1,0,0,36.182100,-86.867010,BRILEY PKWYN,,,,0.60,Miles,North,BRILEY PKWY N ENT RAMP,,,,0.00,N,Not at Intersection,N,Non-Junction,Construction Zone,Laneclosure,Activity Area,         ,Randall,Ward,Clear,Not Collision with Motor Vehicle in Transport,no,no,no,no,no,False
103283262,METROPOLITAN NASHVILLE POLICE DEPT,20220199032,Davidson,Nashville,4/24/2022 5:12:00 PM,3,1,0,36.044950,-86.659750,I24 E EXT RAMP,,,,0.00,,,BELL RD,,,,0.00,Y,T-Intersection,Y,Entrance/Exit Ramp Related,None,,,         ,Adam,Kauffman,Clear,Angle,no,no,no,no,yes,False
103283265,METROPOLITAN NASHVILLE POLICE DEPT,20220199364,Davidson,Nashville,4/24/2022 8:58:00 PM,2,1,0,36.108330,-86.793620,GRANNY WHITE PKE,,,,0.00,,,GRANDVIEW DR,,,,0.00,Y,T-Intersection,N,Intersection,None,,,         ,Garrett,Latham,Clear,Front to Rear,no,no,no,no,no,False
103283321,METROPOLITAN NASHVILLE POLICE DEPT,20220199508,Davidson,Nashville,4/24/2022 4:54:00 PM,2,0,0,36.077360,-86.725110,WALLACE RD,,,,164.00,Feet,East,NOLENSVILLE PKE,,,,0.00,N,Not at Intersection,N,Non-Junction,None,,,         ,Alex,DiBernardo,Clear,Front to Rear,no,no,no,no,yes,False
103283323,METROPOLITAN NASHVILLE POLICE DEPT,20220199142,Davidson,Nashville,4/24/2022 6:20:00 PM,2,0,0,36.154630,-86.779160,LAFAYETTE ST,,,,0.00,,,8TH AVS,,,,0.00,Y,Roundabout,N,Intersection,None,,,         ,Zachary,Cooper,Clear,Angle,no,no,no,no,no,False
103283324,METROPOLITAN NASHVILLE POLICE DEPT,20220199375,Davidson,Nashville,4/24/2022 12:00:00 AM,2,1,0,36.217230,-86.597640,ANDREW JACKSON PKWY,,,,216.00,Feet,South,JACKSON MEADOWS DR,,,,0.00,N,Not at Intersection,N,Non-Junction,None,,,         ,Keenan,McCann,Clear,Angle,no,no,no,no,no,False
103283341,METROPOLITAN NASHVILLE POLICE DEPT,20220199391,Davidson,Nashville,4/24/2022 8:21:00 PM,1,0,0,36.168570,-86.686690,LEBANON PKE,,,,380.00,Feet,East,BRILEY PKWY N ENT RAMP,,,,0.00,N,Not at Intersection,N,Non-Junction,None,,,         ,William,Boler,Clear,Not Collision with Motor Vehicle in Transport,no,no,no,yes,yes,False
103283346,METROPOLITAN NASHVILLE POLICE DEPT,20220199290,Davidson,Nashville,4/24/2022 8:04:00 PM,2,0,0,36.048800,-86.713670,NOLENSVILLE PKE,,,,0.00,,,HICKORYVIEW DR,,,,0.00,Y,Four-Way,N,Intersection-Related,None,,,         ,Jacob,Robbins,Clear,Angle,no,no,no,no,yes,False
103283347,METROPOLITAN NASHVILLE POLICE DEPT,20220199540,Davidson,Nashville,4/24/2022 9:30:00 PM,2,0,0,36.221620,-86.761140,HART LN,,,,158.00,Feet,East,DICKERSON PKE,,,,0.00,N,Not at Intersection,N,OtherLocation,None,,,         ,Spencer,Arroyo,Clear,Rear to Side,no,no,no,yes,yes,False
103283348,METROPOLITAN NASHVILLE POLICE DEPT,20220199623,Davidson,Nashville,4/24/2022 11:50:00 PM,2,0,0,36.240960,-86.751620,BRILEY PKWY W EXT RAMP,,,,0.00,Feet,East,I 65,,,,0.00,N,Not at Intersection,N,Non-Junction,None,,,         ,Jonathon,Sheppard,Clear,"Sideswipe, Same Direction",no,no,no,no,yes,False
103283350,METROPOLITAN NASHVILLE POLICE DEPT,20220199690,Davidson,Nashville,4/25/2022 12:38:00 AM,2,0,0,36.214490,-86.730520,STRATFORD AV,,,,0.00,Feet,,GALLATIN PKE,,,,0.00,Y,T-Intersection,N,Intersection,None,,,         ,Kristopher,Sutton,Clear,"Sideswipe, Opposite Direction",no,no,no,no,yes,False
103283354,METROPOLITAN NASHVILLE POLICE DEPT,20220199692,Davidson,Nashville,4/25/2022 12:41:00 AM,1,0,0,36.242680,-86.635080,OLD HICKORY BLVD,,,,434.00,Feet,East,FERRELL DR,,,,0.00,N,Not at Intersection,N,Non-Junction,None,,,         ,Thomas,Vasquez,Clear,Not Collision with Motor Vehicle in Transport,no,no,no,no,yes,False
103283365,METROPOLITAN NASHVILLE POLICE DEPT,20220199567,Davidson,Nashville,4/24/2022 10:54:00 PM,1,0,0,36.125520,-86.744710,GLENROSE AV,,,,0.00,,,BURBANK AV,,,,0.00,Y,T-Intersection,N,Non-Junction,None,,,         ,Michael,Foster,Clear,Not Collision with Motor Vehicle in Transport,no,no,no,no,yes,False
103283376,METROPOLITAN NASHVILLE POLICE DEPT,20220199675,Davidson,Not in City Limit,4/24/2022 11:25:00 PM,2,0,0,36.262990,-86.680940,RIO VISTA DR,,,,0.00,,,STATE RT 45,,,,0.00,Y,Four-Way, ,Intersection-Related,None,,,         ,Paul,Hughes II,Clear,Front to Rear,no,no,no,no,no,False
103283430,METROPOLITAN NASHVILLE POLICE DEPT,20220199830,Davidson,Nashville,4/25/2022 4:05:00 AM,2,2,0,36.055010,-86.642420,THE OVERLOOK PVTDR,,,,3.00,Feet,West,BELL RD,,,,0.00,N,Not at Intersection,N,Non-Junction,None,,,         ,Gregory,Rdzok,Clear,HeadOn,no,no,no,no,no,False
103283444,METROPOLITAN NASHVILLE POLICE DEPT,20220199518,Davidson,Nashville,4/24/2022 10:40:00 PM,2,0,0,36.156660,-86.775660,KOREAN VETERANS BLVD,,,,72.00,Feet,East,5TH AVS,,,,0.00,N,Not at Intersection, ,Non-Junction,None,,,         ,Peyton,Wheatley,Clear,Angle,no,no,no,no,no,False
103283456,METROPOLITAN NASHVILLE POLICE DEPT,20220199957,Davidson,Nashville,4/25/2022 6:46:00 AM,2,0,0,36.234220,-86.766890,I 65,,,,0.00,,,,,,,89.35,N,Not at Intersection,N,Non-Junction,None,,,         ,Christopher,Littles,Cloudy,"Sideswipe, Same Direction",no,no,no,no,no,False
103283459,METROPOLITAN NASHVILLE POLICE DEPT,20220199932,Davidson,Nashville,4/25/2022 6:30:00 AM,2,0,0,36.186960,-86.631030,CENTRAL PKE,,,,37.00,Feet,South,LEBANON PKE,,,,0.00,N,Not at Intersection, ,Non-Junction,None,,,         ,Brian,Ritz,Clear,Front to Rear,no,no,no,no,no,False
103283460,METROPOLITAN NASHVILLE POLICE DEPT,20220199914,Davidson,Nashville,4/25/2022 6:23:00 AM,2,0,0,36.141970,-86.712620,I 40,,,,0.00,,,,,,,214.05,N,Not at Intersection, ,,None,,,         ,Larry,Benz,,,no,no,no,no,no,False
103283466,METROPOLITAN NASHVILLE POLICE DEPT,20220199943,Davidson,Nashville,4/25/2022 6:24:00 AM,1,1,0,36.207120,-86.778530,HAMPTON ST,,,,168.00,Feet,North,W TRINITY LN,,,,0.00,N,Not at Intersection,N,Non-Junction,None,,,         ,Zachary,Akers,Clear,Not Collision with Motor Vehicle in Transport,yes,no,no,no,yes,False
103283488,METROPOLITAN NASHVILLE POLICE DEPT,2022200028,Davidson,Nashville,4/25/2022 8:00:00 AM,2,0,0,36.167320,-86.765390,I 24,,,,0.00,,,,,,,48.90,N,Not at Intersection, ,,None,,,         ,Wesley,Young,,,no,no,no,no,no,False