master_record_number,agency,agency_tracking_number,county,city,collision_date,vehicles_involved,number_injured,number_dead,latitude,longitude,roadway_name,roadway_suffix,roadway_number,roadway_local_id,distance_from_reference,miles-feet_indicator,direction_from_reference,intersection_road_name,intersection_road_name_suffix,intersection_road_number,intersection_local_id,mile_marker,intersection_indicator,intersect_type,interchange_related_indicator,relation_to_junction,work_zone_type,construction_maintenance_zone,construction_maintenance_zone_location,fatal_case_number,officer_first_name,officer_last_name,weather_condition(s),manner_of_crash,pedestrian,bicycle,scooter,parking,hitrun,mou
103283522,Nashville Airport Police,2022-01595,Davidson,Nashville,4/25/2022 8:11:00 AM,2,0,0,36.132600,-86.668880,TERMINAL DR,,,,1361.00,Feet,South,AIRPORT SERVICE RD,,,,0.00,N,Not at Intersection,N,Non-Junction,None,,,         ,Zachary,Voigts,Clear,Angle,no,no,no,no,no,False
103283526,METROPOLITAN NASHVILLE POLICE DEPT,20220199983,Davidson,Nashville,4/25/2022 7:05:00 AM,1,0,0,36.084070,-87.025220,MCCRORY LN,,,,1045.00,Feet,North,BEAUTIFUL VALLEY DR,,,,0.00,N,Not at Intersection,N,Non-Junction,None,,,         ,Jack,Crouch,Clear,Not Collision with Motor Vehicle in Transport,no,no,no,no,no,False
103283528,THP District 9 - Administrative,322032193,Davidson,Nashville,4/25/2022 8:00:00 AM,2,0,0,36.190000,-86.626770,US HWY 70,,,,792.00,Feet,South,BONNABROOK DR,,,,0.00,N,Not at Intersection, ,Non-Junction,None,,,         ,Andrew,Simunic,Clear,Front to Rear,no,no,no,no,no,False
103283540,METROPOLITAN NASHVILLE POLICE DEPT,20220200038,Davidson,Nashville,4/25/2022 7:30:00 AM,2,0,0,36.110530,-86.720290,I24 W ENT RAMP,,,,0.00,,East,GLENCLIFF CT,,,,0.00,N,Not at Intersection, ,Entrance/Exit Ramp Related,None,,,         ,Donald,Davidson,Clear,"Sideswipe, Same Direction",no,no,no,no,no,False
103283546,METROPOLITAN NASHVILLE POLICE DEPT,20220199976,Davidson,Nashville,4/25/2022 6:20:00 AM,2,0,0,36.142650,-86.749550,WALDEN VILLAGE LN,,,,0.00,,,NANCE LN,,,,0.00,Y,Four-Way, ,Intersection,None,,,         ,Jean,McCormack,Clear,HeadOn,no,no,no,no,no,False
103283548,VANDERBILT UNIVERSITY POLICE,20220200008,Davidson,Nashville,4/25/2022 7:09:00 AM,2,0,0,36.139620,-86.800580,PIERCE AV,,,,0.00,Feet,,21ST AVS,,,,0.00,Y,Four-Way,N,Intersection-Related,None,,,         ,Tyvon,Gentry,,"Sideswipe, Opposite Direction",no,no,no,no,yes,Campus
103283551,METROPOLITAN NASHVILLE POLICE DEPT,20220200172,Davidson,Nashville,4/25/2022 8:57:00 AM,2,0,0,36.240880,-86.753460,BRILEY PKWYE,,,,406.00,Feet,West,BRILEY PKWYW,,,,0.00,N,Not at Intersection, ,Non-Junction,None,,,         ,Jason,Milyaro Lucas,Cloudy,Front to Rear,no,no,no,no,no,False
103283553,METROPOLITAN NASHVILLE POLICE DEPT,20220200221,Davidson,Nashville,4/25/2022 10:03:00 AM,2,0,0,36.204880,-86.754220,E TRINITY LN,,,,163.00,Feet,West,EDWIN ST,,,,0.00,N,Not at Intersection, ,Non-Junction,None,,,         ,Jarret,Sonnenberg,Clear,Front to Rear,no,no,no,no,no,False
103283554,METROPOLITAN NASHVILLE POLICE DEPT,20220200214,Davidson,Nashville,4/25/2022 10:05:00 AM,2,0,0,36.142390,-86.735090,I 40,,,,0.00,,,,,,,212.60,N,Not at Intersection, ,Non-Junction,Construction Zone,,,         ,Brian,Ritz,Cloudy,"Sideswipe, Same Direction",no,no,no,no,no,False
103283556,METROPOLITAN NASHVILLE POLICE DEPT,20220200243,Davidson,Nashville,4/25/2022 9:30:00 AM,2,0,0,36.200930,-86.847960,WINDOVER DR,,,,0.00,,,ASHLAND CITY HWY,,,,0.00,Y,T-Intersection, ,Non-Junction,None,,,         ,Sean,Herman,Rain,Front to Rear,no,no,no,no,no,False
103283575,METROPOLITAN NASHVILLE POLICE DEPT,20220200234,Davidson,Nashville,4/25/2022 10:18:00 AM,1,1,0,36.152150,-86.856140,WHITE BRIDGE PL,,,,383.00,Feet,South,I40 E ENT RAMP,,,,0.00,N,Not at Intersection,N,Non-Junction,None,,,         ,Tony,Folad,"Cloudy, Rain",Not Collision with Motor Vehicle in Transport,no,no,no,no,no,False
103283584,METROPOLITAN NASHVILLE POLICE DEPT,20220200181,Davidson,Nashville,4/25/2022 9:44:00 AM,2,0,0,36.141940,-86.781060,EDGEHILL AV,,,,0.00,Feet,East,9TH AVS,,,,0.00,N,Not at Intersection,N,Non-Junction,None,,,         ,Michelle,Norris,Cloudy,"Sideswipe, Opposite Direction",no,no,no,no,no,False
103283601,METROPOLITAN NASHVILLE POLICE DEPT,20220200051,Davidson,Nashville,4/25/2022 12:00:00 AM,1,0,0,36.120900,-86.917010,CHARLOTTE PKE,,,,12.00,Feet,West,WEST PARK PVTDR,,,,0.00,N,Not at Intersection,N,Non-Junction,None,,,         ,Jack,Crouch,Unknown,Not Collision with Motor Vehicle in Transport,no,no,no,no,yes,False
103283602,METROPOLITAN NASHVILLE POLICE DEPT,20220200194,Davidson,Nashville,4/25/2022 9:50:00 AM,2,2,0,36.045430,-86.703590,OLD HICKORY BLVD,,,,6.00,Feet,East,EULALA DR,,,,0.00,N,Not at Intersection,N,Non-Junction,None,,,         ,John,Walden,Clear,Angle,no,no,no,no,no,False
103283614,METROPOLITAN NASHVILLE POLICE DEPT,20220200242,Davidson,Nashville,4/25/2022 10:04:00 AM,1,0,0,36.127670,-86.901360,I 40,,,,0.00,,,,,,,200.80,N,Not at Intersection,N,Non-Junction,None,,,         ,Jack,Crouch,Rain,Not Collision with Motor Vehicle in Transport,no,no,no,no,no,False
103283622,METROPOLITAN NASHVILLE POLICE DEPT,20220200279,Davidson,Nashville,4/25/2022 10:12:00 AM,2,0,0,36.124060,-86.811760,I440 W ENT RAMP,,,,0.00,,,I 440,,,,0.00,Y,OTHER, ,Entrance/Exit Ramp Related,None,,,         ,Darren,Key,Rain,"Sideswipe, Same Direction",no,no,no,no,no,False
103283623,METROPOLITAN NASHVILLE POLICE DEPT,20220200333,Davidson,Nashville,4/25/2022 12:00:00 AM,2,0,0,36.154620,-86.779170,8TH AVS,,,,4.00,Feet,South,LAFAYETTE ST,,,,0.00,N,Not at Intersection, ,Non-Junction,None,,,         ,Maria,Reynolds,Rain,Angle,no,no,no,no,no,False
103283626,METROPOLITAN NASHVILLE POLICE DEPT,20220200283,Davidson,Nashville,4/25/2022 10:00:00 AM,2,0,0,36.187590,-86.798050,ROSA L PARKS BLVD,,,,0.00,,,,,,,0.00,,Not at Intersection, ,OtherLocation,None,,,         ,Jean,McCormack,Clear,Front to Rear,no,no,no,yes,no,False
103283627,METROPOLITAN NASHVILLE POLICE DEPT,20220200329,Davidson,Nashville,4/25/2022 10:09:00 AM,2,2,0,36.082650,-86.688420,ANTIOCH PKE,,,,328.00,Feet,North,SPANN CT,,,,0.00,N,Not at Intersection,N,Non-Junction,None,,,         ,Christopher,Littles,"Cloudy, Rain",Front to Rear,no,no,no,no,no,False
103283629,METROPOLITAN NASHVILLE POLICE DEPT,20220200274,Davidson,Nashville,4/25/2022 10:52:00 AM,2,2,0,36.143180,-86.649910,I 40,,,,0.00,,,,,,,217.60,N,Not at Intersection,N,Non-Junction,None,,,         ,Larry,Benz,Rain,Angle,no,no,no,no,no,False
103283631,METROPOLITAN NASHVILLE POLICE DEPT,20220200388,Davidson,Nashville,4/25/2022 12:10:00 PM,2,0,0,36.205200,-86.776620,I 65,,,,0.00,,,,,,,87.20,N,Not at Intersection, ,Non-Junction,None,,,         ,Chase,Harriman,Cloudy,Front to Rear,no,no,no,no,no,False
103283636,METROPOLITAN NASHVILLE POLICE DEPT,20220200342,Davidson,Nashville,4/25/2022 12:00:00 PM,2,0,0,36.136180,-86.822290,WEST END AV,,,,61.00,Feet,South,I440 E EXT RAMP,,,,0.00,N,Not at Intersection, ,Non-Junction,None,,,         ,Douglas,Atwood,Rain,Front to Rear,no,no,no,no,no,False
103283640,METROPOLITAN NASHVILLE POLICE DEPT,20220200377,Davidson,Nashville,4/25/2022 11:36:00 AM,1,0,0,36.173590,-86.602150,CENTRAL PKE,,,,0.00,,,OLD HICKORY BLVD,,,,0.00,Y,Four-Way, ,Intersection,None,,,         ,Cameron,Fritschie,"Cloudy, Rain",Not Collision with Motor Vehicle in Transport,no,no,no,no,no,False
103283651,METROPOLITAN NASHVILLE POLICE DEPT,20220200353,Davidson,Nashville,4/25/2022 12:06:00 PM,2,1,0,36.060440,-86.680050,I 24,,,,0.00,,,,,,,57.80,N,Not at Intersection,N,Non-Junction,None,,,         ,Stanley,Collins,Rain,Angle,no,no,no,no,yes,False
103283652,METROPOLITAN NASHVILLE POLICE DEPT,20220200375,Davidson,Nashville,4/25/2022 12:00:00 AM,2,1,0,36.160360,-86.778700,BROADWAY,,,,90.00,Feet,West,5TH AVS,,,,0.00,N,Not at Intersection,N,Non-Junction,None,,,         ,Joshua,Reece,Cloudy,Front to Rear,no,no,no,no,no,False
103283678,METROPOLITAN NASHVILLE POLICE DEPT,20220196115,Davidson,Nashville,4/22/2022 5:17:00 PM,3,0,0,36.159740,-86.614470,BELL RD,,,,1362.00,Feet,South,DODSON CHAPEL RD,,,,0.00,N,Not at Intersection,N,Non-Junction,None,,,         ,Zacarias,Brito Jr.,Clear,Front to Rear,no,no,no,no,no,False
103283679,METROPOLITAN NASHVILLE POLICE DEPT,20220199054,Davidson,Nashville,4/24/2022 4:56:00 PM,2,0,0,36.142780,-86.666630,DONELSON PKE,,,,176.00,Feet,North,I40 W ENT RAMP,,,,0.00,N,Not at Intersection,N,Non-Junction,None,,,         ,Zacarias,Brito Jr.,Clear,"Sideswipe, Same Direction",no,no,no,no,no,False
103283686,METROPOLITAN NASHVILLE POLICE DEPT,20220199934,Davidson,Nashville,4/25/2022 6:37:00 AM,1,1,0,36.093400,-86.706060,I 24,,,,0.00,,,,,,,55.10,N,Not at Intersection,N,Non-Junction,None,,,         ,Charles,Agius,Clear,Not Collision with Motor Vehicle in Transport,no,no,no,no,no,False
103283689,METROPOLITAN NASHVILLE POLICE DEPT,20220200436,Davidson,Nashville,4/25/2022 12:00:00 AM,2,0,0,36.235210,-86.792390,GWYNNWOOD DR,,,,44.00,Feet,South,EWINGWOOD DR,,,,0.00,N,Not at Intersection,N,Non-Junction,None,,,         ,Chase,Harriman,Clear,Unknown,no,no,no,no,yes,False
103283708,METROPOLITAN NASHVILLE POLICE DEPT,20220200391,Davidson,Nashville,4/25/2022 11:45:00 AM,2,0,0,36.133590,-86.758910,RAMP,,,,0.00,Feet,East,CRAIGHEAD ST,,,,0.00,N,Not at Intersection, ,Non-Junction,None,,,         ,Kyle,Kinsman,Clear,Front to Rear,no,no,no,no,no,False
103283730,METROPOLITAN NASHVILLE POLICE DEPT,20220200331,Davidson,Nashville,4/25/2022 11:55:00 AM,2,0,0,36.153000,-86.857610,BRILEY PKWY,,,,0.00,,,I40 W EXT RAMP,,,,0.00,Y,OTHER, ,OtherLocation,None,,,         ,George,Spencer,Clear,Angle,no,no,no,no,no,False
103283741,METROPOLITAN NASHVILLE POLICE DEPT,20220200320,Davidson,Nashville,4/25/2022 11:30:00 AM,2,1,0,36.128890,-86.906060,CHARLOTTE PKE,,,,125.00,Feet,East,CHARLOTTE PKE PVTDR,,,,0.00,N,Not at Intersection,N,Non-Junction,None,,,         ,Jack,Crouch,Cloudy,Front to Rear,no,no,no,no,no,False
103283746,GOODLETTSVILLE POLICE DEPT,22-12513,Davidson,Goodlettsville,4/25/2022 12:40:00 PM,2,0,0,36.315050,-86.711640,RIVERGATE PKWY,,,,212.00,Feet,West,DONALD AVE,,,,0.00,N,Not at Intersection, ,Non-Junction,Construction Zone,,,         ,George,Henry,Clear,"Sideswipe, Same Direction",no,no,no,no,no,False
103283747,METROPOLITAN NASHVILLE POLICE DEPT,20220200472,Davidson,Goodlettsville,4/25/2022 1:25:00 PM,2,0,0,36.302590,-86.692080,GALLATIN PKEN,,,,89.00,Feet,West,CONFERENCE DR,,,,0.00,N,Not at Intersection, ,Non-Junction,None,,,         ,Christopher,Littles,Cloudy,"Sideswipe, Same Direction",no,no,no,no,no,False
103283760,METROPOLITAN NASHVILLE POLICE DEPT,20220200425,Davidson,Nashville,4/25/2022 10:25:00 AM,2,0,0,36.163550,-86.762130,I 24,,,,0.00,,,,,,,49.20,N,Not at Intersection, ,Non-Junction,None,,,         ,Jason,Milyaro Lucas,Rain,"Sideswipe, Same Direction",no,no,no,no,no,False
103283805,METROPOLITAN NASHVILLE POLICE DEPT,20220196591,Davidson,Hermitage,4/23/2022 12:07:00 AM,2,0,0,36.265500,-86.664050,INDUSTRIAL DR PVTDR,,,,11.00,Feet,East,ROBINSON RD,,,,0.00,N,Not at Intersection,N,Non-Junction,None,,,         ,Zacarias,Brito Jr.,Clear,Angle,no,no,no,no,no,False
103283836,METROPOLITAN NASHVILLE POLICE DEPT,20220200341,Davidson,Nashville,4/25/2022 12:00:00 AM,2,2,0,36.245510,-86.759990,SKYLINE COMMONS PVTDR,,,,0.00,,,DOVERSIDE DR,,,,0.00,Y,OTHER,N,"Driveway, Alley Access, etc",None,,,         ,Zera,Ntahonirukiye,Rain,HeadOn,no,no,no,no,no,False
103283845,METROPOLITAN NASHVILLE POLICE DEPT,20220200415,Davidson,Nashville,4/25/2022 11:59:00 AM,2,0,0,36.238210,-86.724190,GALLATIN PKES,,,,0.00,,,,,,,0.00,,, ,OtherLocation,None,,,         ,William,Coy,Cloudy,Angle,no,no,no,no,no,False
103283854,METROPOLITAN NASHVILLE POLICE DEPT,20220200555,Davidson,Nashville,4/25/2022 3:01:00 PM,2,0,0,36.193070,-86.830270,CLARKSVILLE PKE,,,,351.00,Feet,East,BUENA VISTA PKE,,,,0.00,N,Not at Intersection,N,Non-Junction,None,,,         ,Jordan,Vrbas,Clear,"Sideswipe, Same Direction",no,no,no,no,no,False
103283856,METROPOLITAN NASHVILLE POLICE DEPT,20220200475,Davidson,Nashville,4/25/2022 1:56:00 PM,3,1,0,36.061710,-86.644910,HICKORY HIGHLANDS DR,,,,0.00,,,RURAL HILL RD,,,,0.00,Y,T-Intersection,N,Intersection,None,,,         ,Stanley,Collins,Cloudy,Angle,no,no,no,no,no,False
103283858,METROPOLITAN NASHVILLE POLICE DEPT,20220200566,Davidson,Nashville,4/25/2022 3:15:00 PM,2,1,0,36.069270,-86.692210,I24 E ENT RAMP,,,,0.00,,,I24 E EXT RAMP,,,,0.00,Y,Y-Intersection,N,Non-Junction,None,,,         ,Mitchell,Bazzano,Clear,Front to Rear,no,no,no,no,yes,False
103283865,METROPOLITAN NASHVILLE POLICE DEPT,20220200543,Davidson,Nashville,4/25/2022 2:45:00 PM,2,0,0,36.165730,-86.809290,ALBION ST,,,,118.00,Feet,West,21ST AVN,,,,0.00,N,Not at Intersection,N,Non-Junction,None,,,         ,Zachary,Akers,Clear,Angle,no,no,no,no,no,False
103283875,METROPOLITAN NASHVILLE POLICE DEPT,20220200454,Davidson,Nashville,4/25/2022 10:59:00 AM,2,0,0,36.125100,-86.733620,I 440,,,,0.00,,,I 440,,,,0.00,Y,Y-Intersection,N,Non-Junction,None,,,         ,Peter,Kinsey,Rain,Not Collision with Motor Vehicle in Transport,no,no,no,no,no,False
103283876,METROPOLITAN NASHVILLE POLICE DEPT,20220200600,Davidson,Nashville,4/25/2022 3:22:00 PM,2,1,0,36.136890,-86.800840,21ST AVS,,,,0.00,,,BELCOURT AV,,,,0.00,Y,T-Intersection,N,Intersection,None,,,         ,Steven,Powers,Cloudy,Front to Rear,no,no,no,no,no,Campus
103283877,METROPOLITAN NASHVILLE POLICE DEPT,20220200563,Davidson,Nashville,4/25/2022 11:25:00 AM,2,0,0,36.046110,-86.660740,I24 E EXT RAMP,,,,0.00,Feet,East,I 24,,,,0.00,N,Not at Intersection, ,,None,,,         ,Timothy,Ward,,,no,no,no,no,no,False
103283881,METROPOLITAN NASHVILLE POLICE DEPT,20220200588,Davidson,Nashville,4/25/2022 12:11:00 PM,2,0,0,36.051510,-86.714360,OCALA DR,,,,0.00,,,NOLENSVILLE PKE,,,,0.00,Y,Four-Way,N,Intersection,None,,,         ,Jacob,Robbins,Cloudy,Angle,no,no,no,no,no,False
103283882,METROPOLITAN NASHVILLE POLICE DEPT,20220200039,Davidson,Nashville,4/25/2022 8:01:00 AM,2,1,0,36.126700,-86.711090,MURFREESBORO PKE,,,,0.00,Feet,,THOMPSON PL,,,,0.00,Y,Four-Way,N,Intersection-Related,None,,,         ,Tyler,Heckaman,Clear,Front to Rear,no,no,no,no,no,False
103283917,METROPOLITAN NASHVILLE POLICE DEPT,20220200731,Davidson,Nashville,4/25/2022 4:40:00 PM,1,0,0,36.174720,-86.690740,BRILEY PKWYS,,,,315.00,Feet,North,BRILEY PKWYN,,,,0.00,N,Not at Intersection,N,Non-Junction,None,,,         ,Douglas,Mann,Cloudy,Not Collision with Motor Vehicle in Transport,no,no,no,no,no,False
103283920,METROPOLITAN NASHVILLE POLICE DEPT,20220200678,Davidson,Nashville,4/25/2022 4:06:00 PM,3,0,0,36.140450,-86.731680,I 24,,,,0.00,,,,,,,51.50,N,Not at Intersection,N,Non-Junction,None,,,         ,William,Boler,Cloudy,Front to Rear,no,no,no,no,no,False
103283940,METROPOLITAN NASHVILLE POLICE DEPT,20220200650,Davidson,Nashville,4/25/2022 4:45:00 PM,3,0,0,36.179590,-86.824380,ED TEMPLE BLVD,,,,495.00,Feet,South,BUCHANAN ST,,,,0.00,N,Not at Intersection,N,Non-Junction,None,,,         ,Tyler,Jordan,Clear,Front to Rear,no,no,no,no,no,False
103283941,GOODLETTSVILLE POLICE DEPT,22-12539,Davidson,Goodlettsville,4/25/2022 4:31:00 PM,2,0,0,36.312090,-86.677030,VIETNAM VETERANS BLVDN,,,,1079.00,Feet,North,VIETNAM VETERANS BLVDS,,,,0.00,N,Not at Intersection, ,Non-Junction,None,,,         ,Austin,Herendeen,Cloudy,"Sideswipe, Same Direction",no,no,no,no,no,False
103283942,METROPOLITAN NASHVILLE POLICE DEPT,20220200654,Davidson,Nashville,4/25/2022 12:57:00 PM,2,0,0,36.111540,-86.723240,I24 E EXT RAMP,,,,0.00,Feet,East,I 24,,,,0.00,N,Not at Intersection,N,Non-Junction,None,,,         ,Amgad,Bekhit,Rain,Front to Rear,no,no,no,no,no,False
103283959,GOODLETTSVILLE POLICE DEPT,22-12543,Davidson,Goodlettsville,4/25/2022 5:00:00 PM,2,0,0,36.301710,-86.709810,STATE HWY 386,,,,1486.00,Feet,South,STATE HWY 386,,,,0.00,N,Not at Intersection, ,Entrance/Exit Ramp Related,None,,,         ,George,Henry,Clear,Front to Rear,no,no,no,no,no,False
103283961,METROPOLITAN NASHVILLE POLICE DEPT,20220200807,Davidson,Nashville,4/25/2022 4:55:00 PM,2,0,0,36.148510,-86.766520,CAMERON ST,,,,0.00,,,2ND AVS,,,,0.00,Y,T-Intersection,N,Intersection,None,,,         ,Dalton,Crum,Cloudy,"Sideswipe, Same Direction",no,no,no,no,yes,False
103283977,METROPOLITAN NASHVILLE POLICE DEPT,20220200795,Davidson,Nashville,4/25/2022 4:05:00 PM,2,0,0,36.112580,-86.688270,MURFREESBORO PKE,,,,244.00,Feet,East,AIR FREIGHT BLVD,,,,0.00,N,Not at Intersection, ,Non-Junction,None,,,         ,Alexandra,Herring,Cloudy,Front to Rear,no,no,no,no,no,False
103283980,METROPOLITAN NASHVILLE POLICE DEPT,20220200833,Davidson,Madison,4/25/2022 5:50:00 PM,2,1,0,36.289470,-86.704190,GALLATIN PKEN,,,,502.00,Feet,South,ALTUS AV,,,,0.00,N,Not at Intersection,N,Non-Junction,None,,,         ,Kyle,Eicholtz,Cloudy,Angle,no,no,no,no,no,False
103283982,METROPOLITAN NASHVILLE POLICE DEPT,20220200745,Davidson,Nashville,4/25/2022 4:12:00 PM,2,0,0,36.073930,-86.922670,OLD HARDING PKE,,,,185.00,Feet,East,OLD HARDING PKE RAMP,,,,0.00,N,Not at Intersection,N,Non-Junction,None,,,         ,Steven,Begley,Clear,Front to Rear,no,no,no,yes,yes,False
103283985,METROPOLITAN NASHVILLE POLICE DEPT,20220200713,Davidson,Madison,4/25/2022 4:31:00 PM,2,1,0,36.261240,-86.712530,GALLATIN PKES,,,,0.00,Feet,,MAPLE ST,,,,0.00,Y,T-Intersection,N,Intersection,None,,,         ,DuJuan,Kendrick,Clear,Angle,no,no,no,no,no,False
103283995,METROPOLITAN NASHVILLE POLICE DEPT,20220200781,Davidson,Nashville,4/25/2022 4:56:00 PM,2,0,0,36.167060,-86.779780,JAMES ROBERTSON PKWY,,,,58.00,Feet,West,3RD AVN,,,,0.00,N,Not at Intersection, ,Non-Junction,None,,,         ,Zachary,Cooper,Cloudy,Front to Rear,no,no,no,no,yes,False
103283997,METROPOLITAN NASHVILLE POLICE DEPT,20220200884,Davidson,Nashville,4/25/2022 6:24:00 PM,2,1,0,36.081330,-86.834670,HILLSBORO PKE,,,,724.00,Feet,North,HEMINGWAY DR,,,,0.00,N,Not at Intersection,N,Non-Junction,None,,,         ,Steven,Powers,Cloudy,Angle,no,no,no,no,no,False
103284006,METROPOLITAN NASHVILLE POLICE DEPT,20220200846,Davidson,Nashville,4/25/2022 2:30:00 AM,3,0,0,36.114720,-86.743380,FOSTER AV,,,,0.00,,,,,,,0.00,,,N,Non-Junction,None,,,         ,Amgad,Bekhit,Clear,Rear to Rear,no,no,no,yes,yes,False
103284007,VANDERBILT UNIVERSITY POLICE,220199339,Davidson,Nashville,4/24/2022 8:40:00 PM,2,0,0,36.141010,-86.796160,HORTON AV,,,,0.00,,,,,,,0.00,,,N,Non-Junction,None,,,         ,Wintrust,Paul,,Front to Rear,no,no,no,yes,yes,Campus
103284010,METROPOLITAN NASHVILLE POLICE DEPT,20220201003,Davidson,Nashville,4/25/2022 7:10:00 PM,3,0,0,36.200070,-86.740420,GALLATIN PKE,,,,4.00,Feet,South,SPAIN AV,,,,0.00,N,Not at Intersection,N,Non-Junction,None,,,         ,Daniel,Carney,Rain,Front to Rear,no,no,no,no,no,False
103284013,METROPOLITAN NASHVILLE POLICE DEPT,20220200813,Davidson,Nashville,4/25/2022 5:45:00 PM,1,1,0,36.070010,-86.708540,TURLEY DR,,,,150.00,Feet,South,FAULKNER PL,,,,0.00,N,Not at Intersection,N,"Driveway, Alley Access, etc",None,,,         ,Aleksandra,Kawicka,Cloudy,Not Collision with Motor Vehicle in Transport,yes,no,no,yes,no,False
103284022,METROPOLITAN NASHVILLE POLICE DEPT,20220200947,Davidson,Nashville,4/25/2022 6:58:00 PM,4,0,0,36.050840,-86.668250,I 24,,,,0.00,,,,,,,58.75,N,Not at Intersection,N,Non-Junction,None,,,         ,Thomas,Parsons,Rain,Front to Rear,no,no,no,no,no,False
103284026,METROPOLITAN NASHVILLE POLICE DEPT,20220200722,Davidson,Nashville,4/25/2022 12:00:00 AM,2,0,0,36.253600,-86.716510,GALLATIN PKES,,,,164.00,Feet,North,MADISON SQ,,,,0.00,N,Not at Intersection,N,Non-Junction,None,,,         ,Wesley,Carver,Clear,Front to Rear,no,no,no,no,yes,False
103284028,METROPOLITAN NASHVILLE POLICE DEPT,20220201119,Davidson,Madison,4/25/2022 7:55:00 PM,2,1,0,36.266900,-86.710910,DUPONT AV,,,,0.00,,,GALLATIN PKEN,,,,0.00,Y,Four-Way,N,Intersection,None,,,         ,Bradley,Campbell,Rain,Front to Rear,no,no,no,no,yes,False
103284057,METROPOLITAN NASHVILLE POLICE DEPT,20220200704,Davidson,Nashville,4/25/2022 4:22:00 PM,2,2,0,36.078990,-86.728120,HARDING PL,,,,579.00,Feet,West,COVENTRY DR,,,,0.00,N,Not at Intersection,N,Non-Junction,None,,,         ,Tyler,Shanks,Clear,Angle,no,no,no,no,no,False
103284086,METROPOLITAN NASHVILLE POLICE DEPT,20220201198,Davidson,Nashville,4/25/2022 9:10:00 PM,1,1,0,36.141140,-86.721950,I40 W EXT RAMP,,,,0.00,Feet,East,I 40,,,,0.00,N,Not at Intersection,N,Non-Junction,None,,,         ,Reagan,Heath,Rain,Not Collision with Motor Vehicle in Transport,no,no,no,no,no,False
103284110,METROPOLITAN NASHVILLE POLICE DEPT,20220201138,Davidson,Nashville,4/25/2022 6:04:00 PM,3,0,0,36.241190,-86.756410,BRILEY PKWYE,,,,254.00,Feet,East,I65 S EXT RAMP,,,,0.00,N,Not at Intersection, ,Non-Junction,None,,,         ,Kyle,Eicholtz,Cloudy,Front to Rear,no,no,no,no,no,False
103284132,METROPOLITAN NASHVILLE POLICE DEPT,20220201107,Davidson,Nashville,4/25/2022 8:23:00 PM,2,0,0,36.154320,-86.742130,LEBANON PKE,,,,0.00,,,FESSLERS LN,,,,0.00,Y,T-Intersection,Y,Intersection,None,,,         ,William,Boler,Rain,Front to Rear,no,no,no,no,yes,False
103284152,METROPOLITAN NASHVILLE POLICE DEPT,20220199871,Davidson,Not in City Limit,4/25/2022 5:46:00 AM,3,0,0,36.318340,-86.838500,I 24,,,,0.00,,,,,,,36.75,N,Not at Intersection,N,Non-Junction,None,,,         ,Matthew,Jorgensen,Clear,Front to Rear,no,no,no,no,no,False
103284155,METROPOLITAN NASHVILLE POLICE DEPT,20220201299,Davidson,Nashville,4/25/2022 7:27:00 PM,2,1,0,36.086380,-86.771990,FRANKLIN PKE,,,,70.00,Feet,South,HARDING PL,,,,0.00,N,Not at Intersection,N,Non-Junction,None,,,         ,Mitchell,Cook,Rain,Front to Rear,no,no,no,no,no,False
103284157,METROPOLITAN NASHVILLE POLICE DEPT,20220201265,Davidson,Not in City Limit,4/25/2022 9:33:00 PM,2,0,0,36.260890,-86.711580,BRAWNER AV,,,,156.00,Feet,South,HICKORY ST,,,,0.00,N,Not at Intersection,N,Non-Junction,None,,,         ,John,Robish,Rain,Front to Rear,no,no,no,yes,yes,False
103284163,METROPOLITAN NASHVILLE POLICE DEPT,20220200639,Davidson,Nashville,4/25/2022 12:00:00 AM,1,0,0,36.178360,-86.714880,EASTLAND AV,,,,74.00,Feet,East,BRITTANY DR,,,,0.00,N,Not at Intersection,N,Non-Junction,None,,,         ,McKenzie,Harper,Clear,Not Collision with Motor Vehicle in Transport,no,no,no,no,no,False
103284164,METROPOLITAN NASHVILLE POLICE DEPT,20220200896,Davidson,Nashville,4/25/2022 6:25:00 PM,1,1,0,36.104430,-86.741990,NOLENSVILLE PKE,,,,118.00,Feet,North,MCIVER ST,,,,0.00,,Not at Intersection,N,Non-Junction,None,,,         ,Jacob,Robbins,Clear,Not Collision with Motor Vehicle in Transport,no,no,no,no,no,False
103284169,METROPOLITAN NASHVILLE POLICE DEPT,20220201261,Davidson,Nashville,4/25/2022 9:15:00 PM,1,1,0,36.137020,-86.633740,TRAILS END LN,,,,264.00,Feet,South,QUAIL RUN,,,,0.00,N,Not at Intersection,N,Non-Junction,None,,,         ,Sean,Fitzmaurice,Rain,Not Collision with Motor Vehicle in Transport,no,no,no,no,no,False
103284172,METROPOLITAN NASHVILLE POLICE DEPT,20220201453,Davidson,Nashville,4/25/2022 9:12:00 PM,1,0,0,36.141230,-86.717230,I 40,,,,0.00,,,,,,,213.20,N,Not at Intersection,N,Non-Junction,None,,,         ,Mark,Iovine,Rain,Not Collision with Motor Vehicle in Transport,no,no,no,no,no,False