master_record_number,agency,agency_tracking_number,county,city,collision_date,vehicles_involved,number_injured,number_dead,latitude,longitude,roadway_name,roadway_suffix,roadway_number,roadway_local_id,distance_from_reference,miles-feet_indicator,direction_from_reference,intersection_road_name,intersection_road_name_suffix,intersection_road_number,intersection_local_id,mile_marker,intersection_indicator,intersect_type,interchange_related_indicator,relation_to_junction,work_zone_type,construction_maintenance_zone,construction_maintenance_zone_location,fatal_case_number,officer_first_name,officer_last_name,weather_condition(s),manner_of_crash,pedestrian,bicycle,scooter,parking,hitrun,mou
103286605,METROPOLITAN NASHVILLE POLICE DEPT,20220207320,Davidson,Nashville,4/28/2022 6:04:00 PM,2,1,0,36.171020,-86.803560,I 40,,,,0.00,,,,,,,207.45,N,Not at Intersection,N,Non-Junction,None,,,         ,Lucas,Thomas,Clear,Angle,no,no,no,no,no,False
103286606,METROPOLITAN NASHVILLE POLICE DEPT,20220207243,Davidson,Nashville,4/28/2022 5:16:00 PM,2,0,0,36.202660,-86.820320,W TRINITY LN,,,,75.00,Feet,North,BUENA VISTA PKE,,,,0.00,N,Not at Intersection,N,Non-Junction,None,,,         ,Alec,Pellissier,Clear,Front to Rear,no,no,no,no,no,False
103286617,METROPOLITAN NASHVILLE POLICE DEPT,20220207356,Davidson,Nashville,4/28/2022 5:57:00 PM,1,0,0,36.165890,-86.774080,EAST BANK GRNWY,,,,0.00,,,,,,,0.00,,,N,Non-Junction,None,,,         ,Ralph,Gault,Clear,Not Collision with Motor Vehicle in Transport,no,no,no,yes,no,False
103286619,METROPOLITAN NASHVILLE POLICE DEPT,20220207321,Davidson,Nashville,4/28/2022 6:06:00 PM,2,1,0,36.148040,-86.760070,LAFAYETTE ST,,,,114.00,Feet,East,LINCOLN ST,,,,0.00,N,Not at Intersection,N,Non-Junction,None,,,         ,Joseph,Hurst,Clear,Front to Rear,no,no,no,no,yes,False
103286658,METROPOLITAN NASHVILLE POLICE DEPT,20220207451,Davidson,Nashville,4/28/2022 7:14:00 PM,2,1,0,36.070290,-86.684540,ANTIOCH PKE,,,,0.00,,,HAYWOOD LN,,,,0.00,Y,T-Intersection,N,Non-Junction,None,,,         ,Megan,Arnett,Clear,Front to Rear,no,no,no,no,no,False
103286659,METROPOLITAN NASHVILLE POLICE DEPT,20220207287,Davidson,Nashville,4/28/2022 5:51:00 PM,2,0,0,36.151270,-86.768990,I 40,,,,0.00,,,,,,,210.45,N,Not at Intersection, ,Non-Junction,None,,,         ,Douglas,Mann,Clear,Front to Rear,no,no,no,no,no,False
103286671,THP District 3 - Nashville,322033206,Davidson,Not in City Limit,4/28/2022 5:31:00 PM,2,0,0,36.339260,-86.916020,I 24,,,,0.00,,,,,,,32.10,N,Not at Intersection, ,Non-Junction,None,,,         ,Curtis,Davenport,Clear,Front to Rear,no,no,no,no,no,False
103286674,METROPOLITAN NASHVILLE POLICE DEPT,20220207413,Davidson,Nashville,4/28/2022 6:36:00 PM,2,0,0,36.043900,-86.780950,I 65,,,,0.00,,,,,,,75.00,N,Not at Intersection, ,Non-Junction,None,,,         ,Steven,Powers,Clear,"Sideswipe, Same Direction",no,no,no,no,no,False
103286755,METROPOLITAN NASHVILLE POLICE DEPT,20220207450,Davidson,Nashville,4/28/2022 7:12:00 PM,3,0,0,36.083700,-86.628520,BELL RD,,,,340.00,Feet,South,PRIVATE DR,,,,0.00,N,Not at Intersection,N,Non-Junction,None,,,         ,Zachary,Aldrich,Clear,Front to Rear,no,no,no,no,no,False
103286780,METROPOLITAN NASHVILLE POLICE DEPT,20220198277,Davidson,Nashville,4/24/2022 2:29:00 AM,1,0,0,36.062230,-86.736430,HILL CREEK DR,,,,359.00,Feet,South,BREWER DR,,,,0.00,N,Not at Intersection,N,Non-Junction,None,,,         ,Dillon,Deleacaes,Clear,Not Collision with Motor Vehicle in Transport,no,no,no,yes,no,False
103286789,METROPOLITAN NASHVILLE POLICE DEPT,20220207679,Davidson,Nashville,4/28/2022 9:00:00 PM,2,0,0,36.081090,-86.715470,HARDING PL,,,,106.00,Feet,West,HUMBER DR,,,,0.00,N,Not at Intersection,N,Non-Junction,None,,,         ,Taylor,Blackwelder,Clear,"Sideswipe, Same Direction",no,no,no,no,yes,False
103286796,METROPOLITAN NASHVILLE POLICE DEPT,20220207027,Davidson,Nashville,4/28/2022 3:20:00 PM,3,3,0,36.140670,-86.720910,I 40,,,,0.00,,,,,,,213.40,N,Not at Intersection,Y,Non-Junction,None,,,         ,Christian,Vanders,Clear,Front to Rear,no,no,no,no,no,False
103286807,METROPOLITAN NASHVILLE POLICE DEPT,20220207396,Davidson,Nashville,4/28/2022 3:13:00 PM,2,0,0,36.068050,-86.631950,MURFREESBORO PKE,,,,311.00,Feet,North,FOREST VIEW DR,,,,0.00,N,Not at Intersection, ,Non-Junction,None,,,         ,Adam,Kauffman,Clear,Angle,no,no,no,no,no,False
103286810,METROPOLITAN NASHVILLE POLICE DEPT,20220207003,Davidson,Nashville,4/28/2022 3:11:00 PM,1,1,0,36.231520,-86.795090,EWING DR,,,,158.00,Feet,East,VISTA LN,,,,0.00,N,Not at Intersection,N,Non-Junction,None,,,         ,Gabriel,Centeno,Clear,Not Collision with Motor Vehicle in Transport,no,no,no,no,no,False
103286833,METROPOLITAN NASHVILLE POLICE DEPT,20220207526,Davidson,Nashville,4/28/2022 7:45:00 PM,1,0,0,36.060220,-86.680130,I 24,,,,0.00,,,,,,,57.80,N,Not at Intersection, ,Non-Junction,None,,,         ,Nadine,Klemenz,Clear,Not Collision with Motor Vehicle in Transport,no,no,no,no,no,False
103286834,METROPOLITAN NASHVILLE POLICE DEPT,20220207549,Davidson,Nashville,4/28/2022 12:00:00 AM,3,2,0,36.248640,-86.719930,GALLATIN PKES,,,,245.00,Feet,North,DUE WEST AVE,,,,0.00,N,Not at Intersection,N,Non-Junction,None,,,         ,Amanda,Topping,Clear,Front to Rear,no,no,no,no,yes,False
103286838,BELLE MEADE POLICE DEPT,22-0087,Davidson,Nashville,4/28/2022 8:58:00 PM,1,0,0,36.074250,-86.870750,PAGE RD,,,,1286.00,Feet,North,CHICKERING RD,,,,0.00,N,Not at Intersection,N,Non-Junction,None,,,         ,Hayley,Doty,Clear,Not Collision with Motor Vehicle in Transport,no,no,no,no,no,False
103286851,METROPOLITAN NASHVILLE POLICE DEPT,20220206968,Davidson,Nashville,4/28/2022 2:00:00 PM,2,0,0,36.168090,-86.816470,I40 W ENT RAMP,,,,0.00,Feet,East,I 40,,,,0.00,N,Not at Intersection, ,Non-Junction,None,,,         ,Alec,Pellissier,Clear,Angle,no,no,no,no,no,False
103286867,METROPOLITAN NASHVILLE POLICE DEPT,20220207730,Davidson,Nashville,4/28/2022 9:40:00 PM,2,0,0,36.237220,-86.759700,I 65,,,,0.00,,,,,,,89.80,N,Not at Intersection,N,Non-Junction,None,,,         ,Matthew,Herod,Clear,Not Collision with Motor Vehicle in Transport,no,no,no,no,no,False
103286871,METROPOLITAN NASHVILLE POLICE DEPT,20220207756,Davidson,Nashville,4/28/2022 9:10:00 PM,2,0,0,36.193210,-86.745370,TREVECCA AV,,,,165.00,Feet,North,DOUGLAS AV,,,,0.00,N,Not at Intersection,N,Non-Junction,None,,,         ,Ty,Cummings,Clear,Angle,no,no,no,no,yes,False
103286886,METROPOLITAN NASHVILLE POLICE DEPT,20220207496,Davidson,Nashville,4/28/2022 7:16:00 PM,2,1,0,36.126880,-86.710200,THOMPSON PL,,,,271.00,Feet,East,MURFREESBORO PKE,,,,0.00,N,Not at Intersection,N,Non-Junction,None,,,         ,Forrest,Punke,Clear,Rear to Rear,no,no,no,no,yes,False
103286889,METROPOLITAN NASHVILLE POLICE DEPT,20220207904,Davidson,Nashville,4/28/2022 11:27:00 PM,2,1,0,36.198140,-86.741450,GALLATIN PKE,,,,52.00,Feet,North,FAIRWIN AV,,,,0.00,N,Not at Intersection,N,Non-Junction,None,,,         ,Ronald,Conner,Clear,Angle,no,no,no,no,no,False
103287010,BERRY HILL POLICE DEPT,22-1108,Davidson,Berry Hill,4/26/2022 1:25:00 PM,2,1,0,36.118860,-86.774590,FRANKLIN PKE,,,,0.00,,,BERRY RD,,,,0.00,Y,Four-Way,Y,Entrance/Exit Ramp Related,None,,,         ,Rick,Willliams,Clear,Front to Rear,no,no,no,no,no,False
103287011,METROPOLITAN NASHVILLE POLICE DEPT,20220207909,Davidson,Nashville,4/28/2022 11:39:00 PM,2,0,0,36.049830,-86.649270,MT VIEW RD,,,,86.00,Feet,East,BELL RD,,,,0.00,N,Not at Intersection,N,Non-Junction,None,,,         ,Holly,Davis,Clear,Front to Rear,no,no,no,no,yes,False
103287022,METROPOLITAN NASHVILLE POLICE DEPT,20220182542,Davidson,Nashville,4/15/2022 9:15:00 PM,2,6,0,36.115450,-86.773140,I 65,,,,0.00,,,,,,,80.20,N,Not at Intersection,N,Non-Junction,None,,,         ,Dillon,Deleacaes,Clear,"Sideswipe, Same Direction",no,no,no,no,yes,False
103287035,METROPOLITAN NASHVILLE POLICE DEPT,20220198328,Davidson,Nashville,4/24/2022 3:19:00 AM,2,1,0,36.047480,-86.656020,BELL RD,,,,35.00,Feet,West,HICKORY HOLLOW PKWY,,,,0.00,N,Not at Intersection,N,Non-Junction,None,,,         ,Dillon,Deleacaes,Clear,Angle,no,no,no,no,yes,False
103287049,METROPOLITAN NASHVILLE POLICE DEPT,20220206962,Davidson,Nashville,4/28/2022 2:11:00 PM,2,0,0,36.134670,-86.723500,MURFREESBORO PKE,,,,362.00,Feet,West,PLUS PARK BLVD,,,,0.00,N,Not at Intersection,N,Non-Junction,None,,,         ,Michael,Schlegel,Clear,Angle,no,no,no,no,no,False
103287100,METROPOLITAN NASHVILLE POLICE DEPT,20220208533,Davidson,Nashville,4/25/2022 12:00:00 AM,1,0,0,36.136500,-86.893480,CABOT DR,,,,419.00,Feet,South,UPTON LN,,,,0.00,N,Not at Intersection,N,Non-Junction,None,,,         ,Jackson,Smythe,Unknown,Not Collision with Motor Vehicle in Transport,no,no,no,yes,yes,False
103287633,VANDERBILT UNIVERSITY POLICE,20220200822,Davidson,Nashville,4/25/2022 5:30:00 PM,2,0,0,36.141380,-86.812680,VANDERBILT PL,,,,0.00,,,,,,,0.00,,, ,Non-Junction,None,,,         ,Yasemine,Lomax,,"Sideswipe, Same Direction",no,no,no,yes,no,Campus
103287653,METROPOLITAN NASHVILLE POLICE DEPT,20220207560,Davidson,Nashville,4/28/2022 8:18:00 PM,2,0,0,36.165480,-86.603940,ALTA LAKE GRNWY,,,,0.00,,,THE COVE APT PVTDR,,,,0.00,Y,OTHER,N,Non-Junction,None,,,         ,Forrest,Punke,Clear,Rear to Rear,no,no,no,yes,no,False
103288703,THP District 3 - Nashville,322033211,Davidson,Not in City Limit,4/28/2022 5:58:00 PM,2,0,0,36.337070,-86.912170,I 24,,,,0.00,,,,,,,32.35,N,Not at Intersection,N,Non-Junction,None,,,         ,Tiffanie,Williams,Clear,Front to Rear,no,no,no,no,no,False
103288768,METROPOLITAN NASHVILLE POLICE DEPT,20220194496,Davidson,Nashville,4/21/2022 12:00:00 AM,2,0,0,36.030820,-86.652490,CANE RIDGE RD,,,,1295.00,Feet,West,OLD FRANKLIN RD,,,,0.00,N,Not at Intersection,N,"Driveway, Alley Access, etc",None,,,         ,Justin,mathias,Clear,Angle,no,no,no,no,no,False
103289788,METROPOLITAN NASHVILLE POLICE DEPT,20220203707,Davidson,Nashville,4/27/2022 12:12:00 AM,4,1,0,36.045370,-86.713260,OLD HICKORY BLVD,,,,0.00,,,NOLENSVILLE PKE,,,,0.00,Y,Four-Way,N,Intersection,None,,,         ,Dillon,Gann,Clear,Angle,no,no,no,no,no,False
103289924,METROPOLITAN NASHVILLE POLICE DEPT,20220204642,Davidson,Nashville,4/27/2022 6:28:00 AM,2,0,0,36.118020,-86.701720,BRILEY PKWY S ENT RAMP,,,,0.00,Feet,East,BRILEY PKWYS,,,,0.00,N,Not at Intersection, ,Entrance/Exit Ramp Related,None,,,         ,Donald,Davidson,Clear,Front to Rear,no,no,no,no,no,False
103290454,METROPOLITAN NASHVILLE POLICE DEPT,20220214532,Davidson,Nashville,4/25/2022 10:45:00 AM,2,0,0,36.209090,-86.839410,CLARKSVILLE PKE,,,,284.00,Feet,North,W HAMILTON RD,,,,0.00,N,Not at Intersection,N,Non-Junction,None,,,         ,Scarlett,Collins,Unknown,Angle,no,no,no,yes,yes,False
103291338,METROPOLITAN NASHVILLE POLICE DEPT,20220207395,Davidson,Nashville,4/28/2022 6:49:00 PM,2,1,1,36.152820,-86.683410,ELM HILL PKE,,,,0.00,,,MCGAVOCK PKE,,,,0.00,Y,Four-Way,N,Intersection,None,,,         ,Christopher,Valdez,Clear,Angle,no,no,no,no,no,False
103294474,METROPOLITAN NASHVILLE POLICE DEPT,20220191626,Davidson,Nashville,4/20/2022 3:00:00 PM,2,1,0,36.206860,-86.792150,W TRINITY LN,,,,170.00,Feet,West,BAPTIST WORLD CENTER DR,,,,0.00,N,Not at Intersection,N,Non-Junction,None,,,         ,Anna,Clayton,Clear,Other,no,no,no,no,no,False
103294655,METROPOLITAN NASHVILLE POLICE DEPT,20220198350,Davidson,Nashville,4/24/2022 4:18:00 AM,1,0,0,36.051710,-86.712510,OCALA DR,,,,548.00,Feet,East,NOLENSVILLE PKE,,,,0.00,N,Not at Intersection,N,Non-Junction,None,,,         ,Phillip,Lovell,Clear,Not Collision with Motor Vehicle in Transport,no,no,no,no,no,False
103305257,METROPOLITAN NASHVILLE POLICE DEPT,2022-0186353,Davidson,Nashville,4/16/2022 11:00:00 PM,1,0,0,36.166390,-86.774200,EAST BANK GRNWY,,,,0.00,,,,,,,0.00,,, ,Non-Junction,None,,,         ,Jeremy,Arnold,Unknown,Not Collision with Motor Vehicle in Transport,no,no,no,yes,no,False
103306303,METROPOLITAN NASHVILLE POLICE DEPT,20220246602,Davidson,Nashville,4/11/2022 12:00:00 PM,2,0,0,36.183310,-86.750400,CLEO MILLER DR,,,,223.00,Feet,South,W EASTLAND AV,,,,0.00,N,Not at Intersection, ,Non-Junction,None,,,         ,Ryan,Papp,Clear,Angle,no,no,no,no,yes,False
103315159,METROPOLITAN NASHVILLE POLICE DEPT,20220168399,Davidson,Nashville,4/8/2022 4:41:00 PM,3,0,0,36.152280,-86.625070,STEWARTS FERRY PKE,,,,17.00,Feet,East,BELL RD,,,,0.00,N,Not at Intersection, ,Non-Junction,None,,,         ,Dylan,Colquhoun,Cloudy,Front to Rear,no,no,no,no,no,False
103323229,METROPOLITAN NASHVILLE POLICE DEPT,20220206916,Davidson,Nashville,4/28/2022 2:00:00 PM,2,0,0,36.058890,-86.920490,WILLOUGHBY WAY,,,,4.00,Feet,North,HIGHWAY 100,,,,0.00,N,Not at Intersection,N,Non-Junction,None,,,         ,Wesley,Tilley,Clear,Front to Rear,no,no,no,no,no,False
103286884,METROPOLITAN NASHVILLE POLICE DEPT,20220207965,Davidson,Not in City Limit,4/29/2022 12:11:00 AM,1,1,0,36.013990,-86.681600,CULBERTSON RD,,,,682.00,Feet,North,CALDERWOOD DR,,,,0.00,N,Not at Intersection,N,Non-Junction,None,,,         ,William,Williams,Clear,Not Collision with Motor Vehicle in Transport,no,no,no,no,no,False
103286887,METROPOLITAN NASHVILLE POLICE DEPT,20220207963,Davidson,Nashville,4/29/2022 12:12:00 AM,2,0,0,36.127680,-86.710910,MURFREESBORO PKE,,,,360.00,Feet,North,THOMPSON PL,,,,0.00,N,Not at Intersection,N,Non-Junction,None,,,         ,Corey,Ethridge,Clear,Rear to Side,no,no,no,yes,yes,False
103286929,METROPOLITAN NASHVILLE POLICE DEPT,20220208146,Davidson,Nashville,4/29/2022 3:20:00 AM,1,0,0,36.151720,-86.851640,CHARLOTTE AV,,,,143.00,Feet,East,MORROW RD,,,,0.00,N,Not at Intersection,N,Non-Junction,None,,,         ,John,Jones,Clear,Not Collision with Motor Vehicle in Transport,no,no,no,no,no,False
103286939,METROPOLITAN NASHVILLE POLICE DEPT,20220208193,Davidson,Nashville,4/29/2022 4:15:00 AM,2,1,0,36.015440,-86.620120,I24 W EXT RAMP,,,,0.00,,,I 24,,,,0.00,Y,Y-Intersection,Y,Entrance/Exit Ramp Related,None,,,         ,Jonathan,Handley,Clear,Front to Rear,no,no,no,no,no,False
103286946,METROPOLITAN NASHVILLE POLICE DEPT,20220208042,Davidson,Nashville,4/29/2022 1:10:00 AM,2,0,0,36.098650,-86.710300,I 24,,,,0.00,,,,,,,54.65,N,Not at Intersection,N,Non-Junction,None,,,         ,Douglas,Meringer,Clear,Front to Rear,no,no,no,no,no,False
103287012,METROPOLITAN NASHVILLE POLICE DEPT,20220208106,Davidson,Nashville,4/29/2022 2:17:00 AM,2,0,0,36.056460,-86.675920,I 24,,,,0.00,,,,,,,58.20,N,Not at Intersection,N,Non-Junction,Work Zone,Intermittent Moving Work,Activity Area,         ,Holly,Davis,Clear,Angle,no,no,no,no,no,False
103287018,METROPOLITAN NASHVILLE POLICE DEPT,20220208295,Davidson,Nashville,4/29/2022 6:21:00 AM,2,0,0,36.119820,-86.705830,WINTHORNE DR,,,,544.00,Feet,West,ROBERT BURNS DR,,,,0.00,N,Not at Intersection,N,Non-Junction,None,,,         ,Beri,Scott,Clear,Rear to Side,no,no,no,no,yes,False
103287025,METROPOLITAN NASHVILLE POLICE DEPT,20220208336,Davidson,Nashville,4/29/2022 12:00:00 AM,2,0,0,36.159850,-86.835270,40TH AVN,,,,271.00,Feet,North,MICHIGAN AV,,,,0.00,N,Not at Intersection,N,Non-Junction,None,,,         ,Michael,Pyle,Cloudy,Angle,no,no,no,yes,yes,False
103287046,METROPOLITAN NASHVILLE POLICE DEPT,20220208330,Davidson,Nashville,4/29/2022 6:10:00 AM,2,0,0,36.182090,-86.641220,LEBANON PKE,,,,150.00,Feet,East,JACKSON DOWNS BLVD,,,,0.00,N,Not at Intersection,N,Non-Junction,None,,,         ,Terry,Denton,Clear,Angle,no,no,no,no,no,False
103287048,METROPOLITAN NASHVILLE POLICE DEPT,20220208405,Davidson,Nashville,4/29/2022 7:53:00 AM,2,0,0,36.037470,-86.790980,OLD HICKORY BLVD,,,,0.00,,,S HILLVIEW DR,,,,0.00,Y,Four-Way,Y,Intersection,None,,,         ,Gary,Sneed,Cloudy,Angle,no,no,no,no,no,False
103287074,METROPOLITAN NASHVILLE POLICE DEPT,20220208453,Davidson,Nashville,4/29/2022 8:24:00 AM,2,0,0,36.042480,-86.653850,I 24,,,,0.00,,,,,,,59.75,N,Not at Intersection, ,Non-Junction,None,,,         ,Patrick,Martin,Cloudy,Front to Rear,no,no,no,no,no,False
103287083,METROPOLITAN NASHVILLE POLICE DEPT,20220208374,Davidson,Nashville,4/29/2022 7:45:00 AM,2,0,0,36.078850,-86.885210,HIGHWAY 100,,,,0.00,,,VAUGHNS GAP RD,,,,0.00,Y,T-Intersection, ,Intersection,None,,,         ,George,Spencer,Cloudy,Angle,no,no,no,no,no,False
103287085,METROPOLITAN NASHVILLE POLICE DEPT,20220208491,Davidson,Nashville,4/29/2022 8:44:00 AM,2,2,0,36.046700,-86.713420,NOLENSVILLE PKE,,,,489.00,Feet,North,OLD HICKORY BLVD,,,,0.00,N,Not at Intersection,N,Non-Junction,None,,,         ,Tavin,Emlund,Cloudy,Angle,no,no,no,no,no,False
103287090,METROPOLITAN NASHVILLE POLICE DEPT,20220208432,Davidson,Nashville,4/29/2022 8:13:00 AM,3,2,0,36.128130,-86.742070,FOSTER AV,,,,112.00,Feet,South,LYLE LN,,,,0.00,N,Not at Intersection,N,Non-Junction,None,,,         ,David,Rehm,Cloudy,Front to Rear,no,no,no,no,no,False
103287118,METROPOLITAN NASHVILLE POLICE DEPT,20220208599,Davidson,Not in City Limit,4/29/2022 7:50:00 AM,2,0,0,36.256620,-86.714200,GALLATIN PKES,,,,164.00,Feet,North,NEELYS BEND RD,,,,0.00,N,Not at Intersection, ,Non-Junction,None,,,         ,Nicholas,Carter,Cloudy,Angle,no,no,no,no,yes,False
103287142,METROPOLITAN NASHVILLE POLICE DEPT,20220208636,Davidson,Nashville,4/29/2022 12:00:00 AM,2,0,0,36.175720,-86.744580,HOLLY ST,,,,119.00,Feet,West,S 15TH ST,,,,0.00,N,Not at Intersection, ,Non-Junction,None,,,         ,Miranda,Vaughn,Clear,Angle,no,no,no,no,yes,False
103287147,METROPOLITAN NASHVILLE POLICE DEPT,20220208595,Davidson,Nashville,4/29/2022 10:02:00 AM,2,0,0,36.128900,-86.713950,MURFREESBORO PKE,,,,64.00,Feet,West,MILL CREEK RD,,,,0.00,N,Not at Intersection,N,Non-Junction,None,,,         ,Michael,Brooks,Cloudy,"Sideswipe, Same Direction",no,no,no,no,no,False
103287182,METROPOLITAN NASHVILLE POLICE DEPT,20220208428,Davidson,Nashville,4/29/2022 7:30:00 AM,2,0,0,36.079600,-86.726320,HARDING PL,,,,0.00,,,NOLENSVILLE PKE,,,,0.00,Y,Four-Way, ,,None,,,         ,Eric,Ziegler,,,no,no,no,no,no,False
103287192,METROPOLITAN NASHVILLE POLICE DEPT,20220208676,Davidson,Nashville,4/29/2022 10:47:00 AM,2,1,0,36.185520,-86.817180,CLARKSVILLE PKE,,,,0.00,,,25TH AVN,,,,0.00,Y,Four-Way,Y,Intersection-Related,None,,,         ,Michael,Richardson,Clear,"Sideswipe, Same Direction",no,no,no,no,no,False
103287232,VANDERBILT UNIVERSITY POLICE,22-0208782,Davidson,Nashville,4/29/2022 11:27:00 AM,2,0,0,36.140840,-86.801480,MEDICAL CENTER DR,,,,0.00,,,DIXIE PL,,,,0.00,Y,T-Intersection, ,Intersection,None,,,         ,Donald,McCormick,Clear,Angle,no,no,no,no,no,Campus
103287253,METROPOLITAN NASHVILLE POLICE DEPT,20220208779,Davidson,Nashville,4/29/2022 11:52:00 AM,2,0,0,36.056140,-86.715700,NOLENSVILLE PKE,,,,62.00,Feet,North,APRIL LN,,,,0.00,N,Not at Intersection, ,Non-Junction,None,,,         ,Gary,Sneed,Cloudy,Front to Rear,no,no,no,no,no,False
103287271,METROPOLITAN NASHVILLE POLICE DEPT,20220208823,Davidson,Nashville,4/29/2022 12:10:00 PM,2,0,0,36.158420,-86.760440,I 24,,,,0.00,,,,,,,49.70,N,Not at Intersection, ,Non-Junction,None,,,         ,Rachael,Robinson,Clear,Front to Rear,no,no,no,no,no,False
103287272,METROPOLITAN NASHVILLE POLICE DEPT,20220208705,Davidson,Nashville,4/29/2022 11:00:00 AM,2,0,0,36.148840,-86.762470,WHARF AV,,,,0.00,,,CHARLES E DAVIS BLVD,,,,0.00,Y,Four-Way, ,Intersection,None,,,         ,David,Rehm,Clear,Angle,no,no,no,no,no,False
103287283,METROPOLITAN NASHVILLE POLICE DEPT,20220208865,Davidson,Nashville,4/29/2022 12:39:00 PM,2,0,0,36.139070,-86.880560,HILLWOOD BLVD,,,,0.00,,,CHARLOTTE PKE,,,,0.00,Y,Four-Way, ,Intersection,None,,,         ,Jackson,Smythe,Clear,Angle,no,no,no,no,no,False
103287309,METROPOLITAN NASHVILLE POLICE DEPT,20220208920,Davidson,Nashville,4/29/2022 12:20:00 PM,2,0,0,36.109710,-86.767550,POWELL AV,,,,0.00,,,,,,,0.00,,,N,OtherLocation,None,,,         ,Justin,Pinkelton,Clear,"Sideswipe, Same Direction",no,no,no,yes,yes,False
103287325,METROPOLITAN NASHVILLE POLICE DEPT,20220208829,Davidson,Nashville,4/29/2022 12:00:00 AM,2,0,0,36.174700,-86.771210,I 24,,,,0.00,,,,,,,48.10,N,Not at Intersection, ,Non-Junction,None,,,         ,James,Thornton,Clear,"Sideswipe, Same Direction",no,no,no,no,no,False
103287329,METROPOLITAN NASHVILLE POLICE DEPT,20220208332,Davidson,Nashville,4/29/2022 7:01:00 AM,1,1,0,36.193490,-86.726250,PORTER RD,,,,136.00,Feet,North,MCKENNELL DR,,,,0.00,N,Not at Intersection,N,Non-Junction,None,,,         ,Rico,Hunt,Clear,Not Collision with Motor Vehicle in Transport,yes,no,no,no,no,False
103287382,METROPOLITAN NASHVILLE POLICE DEPT,20220208947,Davidson,Nashville,4/29/2022 1:35:00 PM,2,0,0,36.191120,-86.797200,VANTAGE WAY,,,,0.00,,,FRENCH LANDING DR,,,,0.00,Y,Four-Way, ,Intersection-Related,None,,,         ,Zachary,Akers,Clear,Front to Rear,no,no,no,no,no,False
103287385,METROPOLITAN NASHVILLE POLICE DEPT,20220208987,Davidson,Nashville,4/29/2022 2:00:00 PM,2,0,0,36.105890,-86.922200,OLD HICKORY BLVD,,,,0.00,,,BELLE VALLEY DR,,,,0.00,Y,T-Intersection,N,Intersection,None,,,         ,Jackson,Smythe,Clear,Angle,no,no,no,no,no,False
103287390,METROPOLITAN NASHVILLE POLICE DEPT,20220208751,Davidson,Goodlettsville,4/29/2022 11:30:00 AM,1,1,0,36.304200,-86.690780,THE SHOPPES AT RIVERGATE PVTDR,,,,0.00,Feet,East,GALLATIN PKEN,,,,0.00,N,Not at Intersection,Y,OtherLocation,None,,,         ,Justan,Vance,Clear,Not Collision with Motor Vehicle in Transport,no,yes,no,yes,no,False
103287403,METROPOLITAN NASHVILLE POLICE DEPT,20220208977,Davidson,Nashville,4/29/2022 1:52:00 PM,1,0,0,36.256160,-86.714400,GALLATIN PKES,,,,10.00,Feet,South,NEELYS BEND RD,,,,0.00,N,Not at Intersection,N,OtherLocation,None,,,         ,Brian,Otto,Cloudy,Not Collision with Motor Vehicle in Transport,no,no,no,yes,no,False
103287445,METROPOLITAN NASHVILLE POLICE DEPT,20220208983,Davidson,Nashville,4/29/2022 1:55:00 PM,2,0,0,36.193380,-86.753290,DOUGLAS AV,,,,0.00,Feet,,ELLINGTON PKWY S EXT RAMP,,,,0.00,Y,Four-Way,N,Intersection-Related,None,,,         ,Ryan,Papp,Clear,Angle,no,no,no,no,no,False
103287451,METROPOLITAN NASHVILLE POLICE DEPT,20220209012,Davidson,Nashville,4/29/2022 12:30:00 PM,2,0,0,36.107870,-86.743010,TIMMONS ST,,,,184.00,Feet,East,NOLENSVILLE PKE,,,,0.00,N,Not at Intersection,N,OtherLocation,None,,,         ,Beri,Scott,Clear,Front to Rear,no,no,no,yes,yes,False
103287489,METROPOLITAN NASHVILLE POLICE DEPT,20220209056,Davidson,Nashville,4/29/2022 2:18:00 PM,2,0,0,36.046990,-86.673750,BLUE HOLE RD,,,,489.00,Feet,North,BELL RD,,,,0.00,N,Not at Intersection,N,Non-Junction,None,,,         ,Tavin,Emlund,Clear,Other,no,no,no,yes,yes,False
103287493,METROPOLITAN NASHVILLE POLICE DEPT,20220209025,Davidson,Nashville,4/29/2022 12:00:00 PM,2,0,0,36.037850,-86.649360,I24 E EXT RAMP,,,,0.00,,East,I 24,,,,0.00,N,Not at Intersection,Y,Non-Junction,None,,,         ,Eric,Ziegler,Clear,Front to Rear,no,no,no,no,yes,False
103287497,METROPOLITAN NASHVILLE POLICE DEPT,20220209049,Davidson,Nashville,4/29/2022 2:20:00 PM,2,0,0,36.140650,-86.721070,I 40,,,,0.00,,,,,,,213.40,N,Not at Intersection, ,Non-Junction,None,,,         ,Zachariah,Souza,Clear,Front to Rear,no,no,no,no,no,False