master_record_number,agency,agency_tracking_number,county,city,collision_date,vehicles_involved,number_injured,number_dead,latitude,longitude,roadway_name,roadway_suffix,roadway_number,roadway_local_id,distance_from_reference,miles-feet_indicator,direction_from_reference,intersection_road_name,intersection_road_name_suffix,intersection_road_number,intersection_local_id,mile_marker,intersection_indicator,intersect_type,interchange_related_indicator,relation_to_junction,work_zone_type,construction_maintenance_zone,construction_maintenance_zone_location,fatal_case_number,officer_first_name,officer_last_name,weather_condition(s),manner_of_crash,pedestrian,bicycle,scooter,parking,hitrun,mou
103288428,METROPOLITAN NASHVILLE POLICE DEPT,20220210692,Davidson,Nashville,4/30/2022 12:08:00 PM,3,0,0,36.158830,-86.789780,CHURCH ST,,,,291.00,Feet,East,12TH AVN,,,,0.00,N,Not at Intersection,N,Non-Junction,None,,,         ,Henry,Perez,Clear,Front to Rear,no,no,no,no,no,False
103288429,METROPOLITAN NASHVILLE POLICE DEPT,20220210741,Davidson,Madison,4/30/2022 1:47:00 PM,2,2,0,36.264280,-86.711490,GALLATIN PKEN,,,,0.00,,,OLD TIME VILLAGE PVTDR,,,,0.00,Y,T-Intersection,N,Intersection,None,,,         ,William,Coy,Clear,Angle,no,no,no,no,no,False
103288444,METROPOLITAN NASHVILLE POLICE DEPT,20220210757,Davidson,Nashville,4/30/2022 12:00:00 AM,2,0,0,36.151140,-86.783110,MAGAZINE ST,,,,76.00,Feet,North,DIVISION ST,,,,0.00,N,Not at Intersection, ,Non-Junction,None,,,         ,Maria,Reynolds,Clear,Angle,no,no,no,no,no,False
103288462,METROPOLITAN NASHVILLE POLICE DEPT,20220210626,Davidson,Nashville,4/30/2022 11:35:00 AM,3,3,0,36.165540,-86.696980,LEBANON PKE,,,,0.00,,,DONELSON HILLS DR,,,,0.00,Y,T-Intersection,N,Intersection-Related,None,,,         ,Zachariah,Souza,Cloudy,Angle,no,no,no,no,no,False
103288468,METROPOLITAN NASHVILLE POLICE DEPT,20220210733,Davidson,Not in City Limit,4/30/2022 1:31:00 PM,1,1,0,36.139630,-86.955290,RIVER ROAD PKE,,,,47.00,Feet,South,INDIAN CREEK RD,,,,0.00,N,Not at Intersection,N,Non-Junction,None,,,         ,Terence,Mitchell,Clear,Not Collision with Motor Vehicle in Transport,no,no,no,no,no,False
103288475,METROPOLITAN NASHVILLE POLICE DEPT,20220210754,Davidson,Nashville,4/30/2022 1:52:00 PM,3,1,0,36.150550,-86.770700,I 40,,,,0.00,,,,,,,210.35,N,Not at Intersection,N,Non-Junction,None,,,         ,William,McDaniel,Clear,Front to Rear,no,no,no,no,no,False
103288479,METROPOLITAN NASHVILLE POLICE DEPT,20220210777,Davidson,Nashville,4/30/2022 12:00:00 AM,2,0,0,36.225300,-86.695140,BRILEY PKWYS,,,,386.00,Feet,North,MUSIC VALLEY DR,,,,0.00,N,Not at Intersection, ,,None,,,         ,Darci,Stechman,,,no,no,no,no,no,False
103288505,METROPOLITAN NASHVILLE POLICE DEPT,20220210761,Davidson,Nashville,4/30/2022 1:30:00 PM,2,0,0,36.140890,-86.719230,I 40,,,,0.00,,,,,,,213.30,N,Not at Intersection,N,Non-Junction,None,,,         ,Kaitlyn,Qualls,Clear,Front to Rear,no,no,no,no,no,False
103288509,METROPOLITAN NASHVILLE POLICE DEPT,20220210785,Davidson,Nashville,4/30/2022 12:00:00 AM,2,4,0,36.044850,-86.668370,BELL RD,,,,0.00,,,ARBOR COMMON,,,,0.00,Y,OTHER,Y,Intersection-Related,None,,,         ,James,Gilliam,Clear,Angle,no,no,no,no,no,False
103288522,METROPOLITAN NASHVILLE POLICE DEPT,20220210830,Davidson,Nashville,4/30/2022 2:00:00 PM,2,0,0,36.057340,-86.639040,CAMBRIDGE APTS PVTDR,,,,0.00,Feet,East,BELL RD,,,,0.00,N,Not at Intersection, ,Non-Junction,None,,,         ,Nadine,Klemenz,Cloudy,"Sideswipe, Opposite Direction",no,no,no,yes,no,False
103288523,METROPOLITAN NASHVILLE POLICE DEPT,20220210816,Davidson,Not in City Limit,4/30/2022 3:20:00 PM,1,0,0,36.256940,-86.710180,HARRINGTON AV,,,,447.00,Feet,North,IDLEWILD AV,,,,0.00,N,Not at Intersection,N,Non-Junction,None,,,         ,Dylan,Bradley,Clear,Not Collision with Motor Vehicle in Transport,no,no,no,no,yes,False
103288524,METROPOLITAN NASHVILLE POLICE DEPT,20220210783,Davidson,Nashville,4/30/2022 2:32:00 PM,2,0,0,36.080980,-86.645980,MURFREESBORO PKE,,,,227.00,Feet,South,SCOTT VALLEY DR,,,,0.00,N,Not at Intersection, ,Non-Junction,None,,,         ,Zachary,Wilbanks,Clear,Front to Rear,no,no,no,no,no,False
103288549,METROPOLITAN NASHVILLE POLICE DEPT,20220210676,Davidson,Nashville,4/30/2022 12:33:00 PM,3,0,0,36.044960,-86.666450,BELL RD,,,,195.00,Feet,East,CEDAR POINTE PKWY,,,,0.00,N,Not at Intersection,N,Non-Junction,None,,,         ,Darrin,Hardin,Cloudy,Angle,no,no,no,no,no,False
103288551,METROPOLITAN NASHVILLE POLICE DEPT,20220210895,Davidson,Nashville,4/30/2022 2:34:00 PM,2,0,0,36.154270,-86.792890,16TH AVS,,,,0.00,,,BROADWAY,,,,0.00,Y,Four-Way, ,Intersection,None,,,         ,Garrett,Latham,Clear,"Sideswipe, Same Direction",no,no,no,no,no,False
103288570,METROPOLITAN NASHVILLE POLICE DEPT,20220210856,Davidson,Not in City Limit,4/30/2022 3:50:00 PM,1,1,0,36.311970,-86.860180,WHITES CREEK PKE,,,,1442.00,Feet,East,OLD CLARKSVILLE PKE,,,,0.00,N,Not at Intersection,N,Non-Junction,None,,,         ,Tyler,Jordan,Clear,Not Collision with Motor Vehicle in Transport,no,no,no,no,yes,False
103288571,METROPOLITAN NASHVILLE POLICE DEPT,20220210912,Davidson,Nashville,4/30/2022 8:00:00 AM,2,0,0,36.175490,-86.807410,17TH AVN,,,,404.00,Feet,North,COCKRILL ST,,,,0.00,N,Not at Intersection, ,Non-Junction,None,,,         ,Dylan,Ramos,Clear,Other,no,no,no,no,yes,False
103288574,METROPOLITAN NASHVILLE POLICE DEPT,20220210798,Davidson,Nashville,4/30/2022 3:11:00 PM,2,0,0,36.143350,-86.703480,I 40,,,,0.00,,,,,,,214.50,N,Not at Intersection,N,Non-Junction,None,,,         ,Robert,Marquez,Clear,Front to Rear,no,no,no,no,no,False
103288575,METROPOLITAN NASHVILLE POLICE DEPT,20220210850,Davidson,Nashville,4/30/2022 12:00:00 AM,1,0,0,36.150980,-86.772240,5TH AVS,,,,183.00,Feet,North,MULBERRY ST,,,,0.00,N,Not at Intersection, ,OtherLocation,None,,,         ,Douglas,Hart,Clear,Unknown,no,no,no,yes,no,False
103288576,METROPOLITAN NASHVILLE POLICE DEPT,20220210863,Davidson,Nashville,4/30/2022 3:47:00 PM,2,0,0,36.062450,-86.682450,I 24,,,,0.00,,,,,,,57.60,N,Not at Intersection,N,Non-Junction,None,,,         ,Adam,Kauffman,Clear,Front to Rear,no,no,no,no,no,False
103288578,METROPOLITAN NASHVILLE POLICE DEPT,20220210840,Davidson,Nashville,4/30/2022 2:10:00 PM,2,0,0,36.059070,-86.716220,TUSCULUM RD,,,,0.00,,,NOLENSVILLE PKE,,,,0.00,Y,Four-Way,N,Intersection,None,,,         ,John,Braun,Clear,Angle,no,no,no,no,no,False
103288585,METROPOLITAN NASHVILLE POLICE DEPT,20220210813,Davidson,Nashville,4/30/2022 3:25:00 PM,2,2,0,36.256310,-86.674830,RIVER RETREAT PVTDR,,,,60.00,Feet,South,CHEYENNE BLVD,,,,0.00,N,Not at Intersection,N,Non-Junction,None,,,         ,Wesley,Carver,Cloudy,Angle,no,no,no,no,no,False
103288587,METROPOLITAN NASHVILLE POLICE DEPT,20220210012,Davidson,Nashville,4/30/2022 12:07:00 AM,1,1,0,36.112850,-86.637950,COUCHVILLE PKE,,,,492.00,Feet,West,PLEASANT HILL RD,,,,0.00,N,Not at Intersection,N,Non-Junction,None,,,         ,Jessie,Loy,Clear,Not Collision with Motor Vehicle in Transport,no,no,no,yes,yes,False
103288627,METROPOLITAN NASHVILLE POLICE DEPT,20220211029,Davidson,Antioch,4/30/2022 4:56:00 PM,2,0,0,36.030100,-86.592450,MURFREESBORO PKE,,,,75.00,Feet,North,HURRICANE CREEK BLVD,,,,0.00,N,Not at Intersection, ,Non-Junction,None,,,         ,Nadine,Klemenz,Clear,Angle,no,no,no,no,no,False
103288655,METROPOLITAN NASHVILLE POLICE DEPT,20220211056,Davidson,Nashville,4/30/2022 6:43:00 PM,2,1,0,36.179950,-86.811810,21ST AVN,,,,59.00,Feet,South,BUCHANAN ST,,,,0.00,N,Not at Intersection,N,Non-Junction,None,,,         ,Austin,Bowles,Clear,Front to Rear,no,no,no,no,yes,False
103288657,VANDERBILT UNIVERSITY POLICE,20220210838,Davidson,Nashville,4/30/2022 3:00:00 PM,2,0,0,36.142780,-86.800020,21ST AVS,,,,0.00,,,MEDICAL CENTER DR,,,,0.00,Y,OTHER, ,Non-Junction,None,,,         ,Joseph,Bishop,,"Sideswipe, Opposite Direction",no,no,no,yes,no,Campus
103288658,METROPOLITAN NASHVILLE POLICE DEPT,20220210894,Davidson,Goodlettsville,4/30/2022 4:25:00 PM,2,2,0,36.299790,-86.696600,CUDE LN,,,,0.00,,,GALLATIN PKEN,,,,0.00,Y,Four-Way,N,Non-Junction,None,,,         ,Miles,Posey,Clear,HeadOn,no,no,no,no,no,False
103288661,METROPOLITAN NASHVILLE POLICE DEPT,20220211070,Davidson,Nashville,4/30/2022 6:52:00 PM,2,1,0,36.054050,-86.683130,SHIHMEN DR,,,,57.00,Feet,West,JENNY MURFF DR,,,,0.00,N,Not at Intersection,N,Non-Junction,None,,,         ,Parker,Vegas,Clear,"Sideswipe, Opposite Direction",no,no,no,no,yes,False
103288666,METROPOLITAN NASHVILLE POLICE DEPT,20220211108,Davidson,Nashville,4/30/2022 7:16:00 PM,2,0,0,36.047820,-86.713560,NOLENSVILLE PKE,,,,357.00,Feet,South,HICKORYVIEW DR,,,,0.00,N,Not at Intersection,N,Non-Junction,None,,,         ,David,Harms,Cloudy,Angle,no,no,no,no,no,False
103288671,METROPOLITAN NASHVILLE POLICE DEPT,20220209441,Davidson,Nashville,4/29/2022 6:10:00 PM,2,0,0,36.133380,-86.769790,WEDGEWOOD AV,,,,162.00,Feet,West,ALLISON PL,,,,0.00,N,Not at Intersection,N,Non-Junction,None,,,         ,Cory,Stratton,Clear,Rear to Side,no,no,no,yes,yes,False
103288680,METROPOLITAN NASHVILLE POLICE DEPT,20220211028,Davidson,Nashville,4/30/2022 5:30:00 PM,2,0,0,36.135490,-86.823230,WEST END AV,,,,116.00,Feet,East,I440 WEST END AV ENT RAMP,,,,0.00,N,Not at Intersection,N,Non-Junction,None,,,         ,Heather,Fox,Clear,"Sideswipe, Same Direction",no,no,no,no,yes,False
103288727,METROPOLITAN NASHVILLE POLICE DEPT,20220211137,Davidson,Not in City Limit,4/30/2022 7:42:00 PM,2,0,0,36.263660,-86.687150,STATE RT 45,,,,0.00,,,ARCHWOOD DR,,,,0.00,Y,Four-Way,N,Non-Junction,None,,,         ,Miles,Posey,Clear,Front to Rear,no,no,no,no,yes,False
103288737,METROPOLITAN NASHVILLE POLICE DEPT,20220211143,Davidson,Nashville,4/30/2022 7:51:00 PM,2,1,0,36.163380,-86.787800,10TH AVN,,,,0.00,,,10TH CIRN,,,,0.00,Y,Four-Way,Y,Intersection,None,,,         ,Daniel,Tomlinson,Clear,Angle,no,no,no,no,no,False
103288742,METROPOLITAN NASHVILLE POLICE DEPT,20220210904,Davidson,Nashville,4/30/2022 4:33:00 PM,2,3,0,36.152240,-86.625070,BLACKWOOD DR,,,,0.00,,,STEWARTS FERRY PKE,,,,0.00,Y,Four-Way,N,Intersection,None,,,         ,Zachary,Aldrich,Clear,Front to Rear,no,no,no,no,no,False
103288756,METROPOLITAN NASHVILLE POLICE DEPT,20220211115,Davidson,Nashville,4/30/2022 7:15:00 PM,2,1,0,36.241960,-86.757080,DICKERSON PKE,,,,0.00,,,DICKERSON PKE ENT RAMP,,,,0.00,Y,Four-Way,Y,Intersection,None,,,         ,Philip,Claibourne,Clear,Angle,no,no,no,no,no,False
103288792,METROPOLITAN NASHVILLE POLICE DEPT,20220211170,Davidson,Nashville,4/30/2022 8:24:00 PM,2,0,0,36.247880,-86.720430,GALLATIN PKES,,,,51.00,Feet,South,DUE WEST AVW,,,,0.00,N,Not at Intersection,N,Non-Junction,None,,,         ,YUNUS,ADAK,Clear,Front to Rear,no,no,no,no,yes,False
103288794,METROPOLITAN NASHVILLE POLICE DEPT,20220210990,Davidson,Nashville,4/30/2022 5:29:00 PM,2,1,0,36.143290,-86.703860,I 40,,,,0.00,,,,,,,214.50,N,Not at Intersection,N,Non-Junction,None,,,         ,Robert,Marquez,Clear,Front to Rear,no,no,no,no,no,False
103288799,METROPOLITAN NASHVILLE POLICE DEPT,20220211009,Davidson,Nashville,4/30/2022 5:44:00 PM,3,1,0,36.152960,-86.765490,I 40,,,,0.00,,,,,,,210.65,N,Not at Intersection,N,Non-Junction,None,,,         ,Zachary,Cooper,Clear,Front to Rear,no,no,no,no,yes,False
103288802,METROPOLITAN NASHVILLE POLICE DEPT,20220211239,Davidson,Nashville,4/30/2022 9:15:00 PM,2,0,0,36.170070,-86.817450,W HEIMAN ST,,,,0.00,Feet,,W H DAVIS DR,,,,0.00,Y,T-Intersection, ,Intersection,None,,,         ,James,Harben,Clear,Angle,no,no,no,no,yes,False
103288806,METROPOLITAN NASHVILLE POLICE DEPT,20220211258,Davidson,Nashville,4/30/2022 7:28:00 PM,2,1,0,36.073200,-86.663960,UNA ANTIOCH PKE,,,,400.00,Feet,South,PEBBLE CREEK DR,,,,0.00,N,Not at Intersection,N,Non-Junction,None,,,         ,Adam,Kauffman,Clear,Front to Rear,no,no,no,no,no,False
103288813,METROPOLITAN NASHVILLE POLICE DEPT,20220210797,Davidson,Nashville,4/30/2022 3:10:00 PM,1,0,0,36.199730,-86.825550,BUENA VISTA PKE,,,,293.00,Feet,East,MATTIE ST,,,,0.00,N,Not at Intersection,N,Non-Junction,None,,,         ,Michael,Intrieri,Clear,Not Collision with Motor Vehicle in Transport,no,no,no,no,no,False
103288814,METROPOLITAN NASHVILLE POLICE DEPT,20220211285,Davidson,Not in City Limit,4/30/2022 8:45:00 PM,2,0,0,36.272100,-86.688690,ANDERSON,LN,,,0.00,,,,,,,0.00,,Not at Intersection,N,Non-Junction,None,,,         ,Kaleigh,Pearce,Clear,Angle,no,no,no,no,no,False
103288821,METROPOLITAN NASHVILLE POLICE DEPT,20220211180,Davidson,Nashville,4/30/2022 8:32:00 PM,1,1,0,36.153320,-86.785370,12TH AVS,,,,111.00,Feet,South,LAUREL ST,,,,0.00,N,Not at Intersection,N,Non-Junction,None,,,         ,Zachary,Cooper,Clear,Not Collision with Motor Vehicle in Transport,yes,no,no,no,no,False
103288840,METROPOLITAN NASHVILLE POLICE DEPT,20220211278,Davidson,Nashville,4/30/2022 9:43:00 PM,2,0,0,36.167870,-86.821000,JOHN A MERRITT BLVD,,,,80.00,Feet,West,JEFFERSON ST,,,,0.00,N,Not at Intersection, ,Non-Junction,None,,,         ,Scott,St. John,Clear,Angle,no,no,no,no,no,False
103288849,METROPOLITAN NASHVILLE POLICE DEPT,20220211045,Davidson,Nashville,4/30/2022 6:31:00 PM,1,0,1,36.282780,-86.747740,DICKERSON PKE,,,,114.00,Feet,South,DICKERSON PKES,,,,0.00,N,Not at Intersection,N,Non-Junction,None,,,         ,Kevin,Coleman,Clear,Not Collision with Motor Vehicle in Transport,no,no,no,no,no,False
103288850,METROPOLITAN NASHVILLE POLICE DEPT,20220210846,Davidson,Nashville,4/30/2022 3:47:00 PM,1,1,0,36.166940,-86.760470,SYLVAN ST,,,,249.00,Feet,West,S 6TH ST,,,,0.00,N,Not at Intersection,N,Non-Junction,None,,,         ,Joseph,Gonzales,Clear,Not Collision with Motor Vehicle in Transport,yes,no,no,no,no,False
103288860,METROPOLITAN NASHVILLE POLICE DEPT,20220211240,Davidson,Nashville,4/30/2022 9:30:00 PM,3,2,0,36.096220,-86.655710,MURFREESBORO PKE,,,,33.00,Feet,West,SMITH SPRINGS RD,,,,0.00,N,Not at Intersection,N,Non-Junction,None,,,         ,Jerrod,Kalinsky,Clear,Front to Rear,no,no,no,no,no,False
103288870,METROPOLITAN NASHVILLE POLICE DEPT,20220210231,Davidson,Nashville,4/30/2022 3:00:00 AM,2,0,0,36.162320,-86.774390,US HWY 70,,,,0.00,,,1ST AVE N,,,,0.00,Y,T-Intersection,N,Non-Junction,None,,,         ,William,Hudson,Clear,Front to Rear,no,no,no,no,yes,False
103288878,METROPOLITAN NASHVILLE POLICE DEPT,20220210975,Davidson,Nashville,4/30/2022 5:36:00 PM,2,4,0,36.165470,-86.761050,S 5TH ST,,,,0.00,Feet,,SUMMER PL,,,,0.00,Y,T-Intersection,N,Intersection-Related,None,,,         ,Joseph,Gonzales,Clear,Angle,no,no,no,no,no,False
103288881,METROPOLITAN NASHVILLE POLICE DEPT,20220211473,Davidson,Nashville,4/30/2022 11:40:00 PM,1,0,0,36.207690,-86.716850,STRATFORD AV,,,,104.00,Feet,South,MCGAVOCK PKE,,,,0.00,N,Not at Intersection,N,Non-Junction,None,,,         ,Nicholas,Cochran,Clear,Not Collision with Motor Vehicle in Transport,no,no,no,no,no,False
103288883,METROPOLITAN NASHVILLE POLICE DEPT,20220211242,Davidson,Nashville,4/30/2022 8:31:00 PM,4,0,0,36.072120,-86.636420,MURFREESBORO PKE,,,,116.00,Feet,North,BELL RD,,,,0.00,N,Not at Intersection,N,Non-Junction,None,,,         ,Jeffrey,Palomino-Gonzalez,Clear,Front to Rear,no,no,no,no,yes,False
103288884,METROPOLITAN NASHVILLE POLICE DEPT,20220211372,Davidson,Nashville,4/30/2022 10:43:00 PM,2,4,0,36.158490,-86.774760,MOLLOY ST,,,,9.00,Feet,East,ALMOND ST,,,,0.00,N,Not at Intersection,N,Non-Junction,None,,,         ,Zachary,Cooper,Clear,Angle,no,no,no,no,no,False
103288887,METROPOLITAN NASHVILLE POLICE DEPT,20220211560,Davidson,Nashville,5/1/2022 12:33:00 AM,2,2,0,36.046020,-86.657930,BELL RD,,,,1.00,Feet,East,COLLINS PARK DR,,,,0.00,N,Not at Intersection,N,Non-Junction,None,,,         ,Garrett,Reingardt,Clear,HeadOn,no,no,no,no,yes,False
103288891,METROPOLITAN NASHVILLE POLICE DEPT,20220211273,Davidson,Nashville,4/30/2022 9:55:00 PM,2,1,0,36.227560,-86.759660,DICKERSON PKE,,,,636.00,Feet,North,HILLHURST DR,,,,0.00,N,Not at Intersection,N,Non-Junction,None,,,         ,Joseph,Gonzales,Clear,Angle,no,no,no,no,no,False
103288895,METROPOLITAN NASHVILLE POLICE DEPT,20220210939,Davidson,Nashville,4/30/2022 4:55:00 PM,2,1,0,36.092750,-86.760200,SIDCO DR,,,,634.00,Feet,North,KENILWOOD DR,,,,0.00,N,Not at Intersection,N,Non-Junction,None,,,         ,Nicholas,Hoffmann,Clear,Angle,no,no,no,no,no,False
103288896,METROPOLITAN NASHVILLE POLICE DEPT,20220211205,Davidson,Nashville,4/30/2022 9:04:00 PM,2,2,0,36.038530,-86.784110,I65 S EXT RAMP,,,,0.00,Feet,East,I 65,,,,0.00,N,Not at Intersection,N,Non-Junction,None,,,         ,Nicholas,Hoffmann,Clear,Front to Rear,no,no,no,no,no,False
103288897,METROPOLITAN NASHVILLE POLICE DEPT,20220211291,Davidson,Nashville,4/30/2022 12:00:00 AM,2,0,0,36.043930,-86.693300,BELL RD,,,,0.00,,,BROOK VIEW ESTATES DR,,,,0.00,Y,T-Intersection,N,Intersection,None,,,         ,Justin,mathias,Clear,Angle,no,no,no,no,yes,False
103288898,METROPOLITAN NASHVILLE POLICE DEPT,20220211609,Davidson,Nashville,5/1/2022 12:00:00 AM,2,0,0,36.167250,-86.779390,JAMES ROBERTSON PKWY,,,,74.00,Feet,East,3RD AVN,,,,0.00,N,Not at Intersection,N,Non-Junction,None,,,         ,Tre,Marlowe,Clear,"Sideswipe, Opposite Direction",no,no,no,no,no,False
103288899,METROPOLITAN NASHVILLE POLICE DEPT,20220211530,Davidson,Nashville,5/1/2022 12:16:00 AM,1,0,0,36.149640,-86.876490,AMERICAN RD,,,,0.00,,,THUNDERBIRD DR,,,,0.00,Y,Four-Way,N,Intersection,None,,,         ,John,Jones,Clear,Not Collision with Motor Vehicle in Transport,no,no,no,no,no,False
103288910,METROPOLITAN NASHVILLE POLICE DEPT,20220208173,Davidson,Nashville,4/29/2022 3:40:00 AM,1,0,0,36.039000,-86.649300,I24 E ENT RAMP,,,,0.00,Feet,East,I 24,,,,0.00,N,Not at Intersection,N,Non-Junction,None,,,         ,Phillip,Lovell,Clear,Not Collision with Motor Vehicle in Transport,no,no,no,no,no,False
103288914,METROPOLITAN NASHVILLE POLICE DEPT,20220211055,Davidson,Nashville,4/30/2022 6:43:00 PM,2,0,0,36.163360,-86.863770,TERRY DR,,,,153.00,Feet,South,MORROW RD,,,,0.00,N,Not at Intersection, ,Non-Junction,None,,,         ,Bryant,Howland,Clear,"Sideswipe, Same Direction",no,no,no,yes,no,False
103288928,METROPOLITAN NASHVILLE POLICE DEPT,20220211685,Davidson,Nashville,5/1/2022 12:00:00 AM,2,1,0,36.248010,-86.720360,GALLATIN PKES,,,,0.00,,,DUE WEST AVW,,,,0.00,Y,Four-Way,N,Intersection,None,,,         ,Chase,Carter,Rain,HeadOn,no,no,no,no,yes,False
103288933,METROPOLITAN NASHVILLE POLICE DEPT,20220211687,Davidson,Nashville,5/1/2022 2:50:00 AM,1,0,0,36.151510,-86.768470,2ND AVS,,,,11.00,Feet,West,I40 E ENT RAMP,,,,0.00,N,Not at Intersection,N,Non-Junction,None,,,         ,Bryson,Wilkins,Rain,Not Collision with Motor Vehicle in Transport,no,no,no,no,no,False
103288935,METROPOLITAN NASHVILLE POLICE DEPT,20220211630,Davidson,Nashville,5/1/2022 1:30:00 AM,2,1,0,36.050710,-86.625190,MT VIEW RD,,,,604.00,Feet,North,SANTI LN,,,,0.00,N,Not at Intersection,N,Non-Junction,None,,,         ,Phillip,Lovell,Clear,HeadOn,no,no,no,no,yes,False
103288955,METROPOLITAN NASHVILLE POLICE DEPT,20220211733,Davidson,Nashville,5/1/2022 12:00:00 AM,2,1,0,36.144380,-86.694880,I 40,,,,0.00,,,,,,,215.00,N,Not at Intersection,N,Non-Junction,None,,,         ,Ashley,Kappenmacher,"Cloudy, Rain",Other,no,no,no,no,no,False
103289001,METROPOLITAN NASHVILLE POLICE DEPT,20220211765,Davidson,Not in City Limit,5/1/2022 4:29:00 AM,2,0,0,36.014330,-86.678970,OLD HICKORY BLVD,,,,61.00,Feet,East,BROKEN BOW DR,,,,0.00,N,Not at Intersection,N,Non-Junction,None,,,         ,Michael,Overberg,Cloudy,Not Collision with Motor Vehicle in Transport,no,no,no,no,yes,False
103289002,METROPOLITAN NASHVILLE POLICE DEPT,20220211655,Davidson,Nashville,5/1/2022 12:00:00 AM,2,2,0,36.049980,-86.649500,BELL RD,,,,0.00,,,MT VIEW RD,,,,0.00,Y,Four-Way,N,Intersection-Related,None,,,         ,Justin,mathias,Cloudy,Front to Rear,no,no,no,no,no,False
103289011,METROPOLITAN NASHVILLE POLICE DEPT,20220211705,Davidson,Nashville,5/1/2022 3:07:00 AM,2,0,0,36.083440,-86.647130,MURFREESBORO PKE,,,,82.00,Feet,South,BROOKSBORO PL,,,,0.00,N,Not at Intersection,N,Non-Junction,None,,,         ,Jeffrey,Palomino-Gonzalez,Rain,Front to Rear,no,no,no,no,yes,False
103289012,METROPOLITAN NASHVILLE POLICE DEPT,20220211847,Davidson,Nashville,5/1/2022 5:49:00 AM,2,0,0,36.141900,-86.676780,I 40,,,,0.00,,,,,,,216.00,N,Not at Intersection, ,Entrance/Exit Ramp Related,None,,,         ,Jeffrey,Palomino-Gonzalez,Rain,"Sideswipe, Same Direction",no,no,no,no,no,False
103289035,METROPOLITAN NASHVILLE POLICE DEPT,20220211900,Davidson,Nashville,5/1/2022 6:54:00 AM,1,0,0,36.229680,-86.757210,BROADMOOR DR,,,,268.00,Feet,West,HILLSIDE RD,,,,0.00,N,Not at Intersection,N,Non-Junction,None,,,         ,Ryan,Papp,Clear,Not Collision with Motor Vehicle in Transport,no,no,no,no,no,False
103289053,METROPOLITAN NASHVILLE POLICE DEPT,20220211711,Davidson,Nashville,5/1/2022 3:15:00 AM,2,1,0,36.167150,-86.779610,3RD AVN,,,,0.00,,,JAMES ROBERTSON PKWY,,,,0.00,Y,Four-Way,N,Intersection,None,,,         ,Mena,Mahros,Rain,Angle,no,no,no,no,no,False
103289057,METROPOLITAN NASHVILLE POLICE DEPT,20220211864,Davidson,Nashville,5/1/2022 12:00:00 AM,2,0,0,36.197020,-86.629930,BONNAMEADE DR,,,,230.00,Feet,West,JACKSONIAN DR,,,,0.00,N,Not at Intersection,N,Non-Junction,None,,,         ,Zachariah,Souza,Clear,"Sideswipe, Same Direction",no,no,no,no,yes,False
103289061,METROPOLITAN NASHVILLE POLICE DEPT,20220211782,Davidson,Nashville,5/1/2022 4:29:00 AM,2,1,0,36.147890,-86.882370,RIVER ROUGE DR,,,,353.00,Feet,East,STARLINER DR,,,,0.00,N,Not at Intersection,N,Non-Junction,None,,,         ,Nicholas,Smith,Clear,Front to Rear,no,no,no,no,no,False
103289072,METROPOLITAN NASHVILLE POLICE DEPT,20220211943,Davidson,Nashville,5/1/2022 12:00:00 AM,2,0,0,36.160250,-86.782960,COMMERCE ST,,,,0.00,,,ROSA L PARKS BLVD,,,,0.00,Y,Four-Way, ,Intersection,None,,,         ,Maria,Reynolds,Clear,Angle,no,no,no,no,no,False
103289079,METROPOLITAN NASHVILLE POLICE DEPT,20220211916,Davidson,Nashville,5/1/2022 7:06:00 AM,1,0,0,36.128760,-86.760370,SEMINOLE AV,,,,0.00,,,CRAIGHEAD ST,,,,0.00,Y,T-Intersection,N,Intersection,None,,,         ,Lee,Davis,Clear,Not Collision with Motor Vehicle in Transport,no,no,no,no,yes,False
103289088,METROPOLITAN NASHVILLE POLICE DEPT,20220211980,Davidson,Nashville,5/1/2022 8:06:00 AM,2,0,0,36.195310,-86.833900,CLARKSVILLE PKE,,,,33.00,Feet,East,MANCHESTER AV,,,,0.00,N,Not at Intersection,N,Non-Junction,None,,,         ,Zachary,Akers,Clear,Front to Rear,no,no,no,no,yes,False
103289143,METROPOLITAN NASHVILLE POLICE DEPT,20220212079,Davidson,Nashville,4/30/2022 11:08:00 PM,2,0,0,36.192570,-86.616920,OLD HICKORY BLVD,,,,86.00,Feet,South,HERMITAGE MARKETPLACE PVTDR,,,,0.00,,Not at Intersection,N,Non-Junction,None,,,         ,Zachariah,Souza,Rain,Angle,no,no,no,yes,yes,False
103289156,METROPOLITAN NASHVILLE POLICE DEPT,20220212042,Davidson,Goodlettsville,5/1/2022 8:55:00 AM,2,0,0,36.310700,-86.702550,I 65,,,,0.00,,,,,,,96.00,N,Not at Intersection, ,Non-Junction,None,,,         ,Melina,Tamborella,Clear,Front to Rear,no,no,no,no,no,False
103289166,METROPOLITAN NASHVILLE POLICE DEPT,20220212110,Davidson,Not in City Limit,5/1/2022 10:35:00 AM,2,5,0,36.074900,-86.978470,I 40,,,,0.00,,,,,,,194.90,N,Not at Intersection,N,Non-Junction,None,,,         ,Jackson,Smythe,Clear,"Sideswipe, Same Direction",no,no,no,no,no,False