master_record_number,agency,agency_tracking_number,county,city,collision_date,vehicles_involved,number_injured,number_dead,latitude,longitude,roadway_name,roadway_suffix,roadway_number,roadway_local_id,distance_from_reference,miles-feet_indicator,direction_from_reference,intersection_road_name,intersection_road_name_suffix,intersection_road_number,intersection_local_id,mile_marker,intersection_indicator,intersect_type,interchange_related_indicator,relation_to_junction,work_zone_type,construction_maintenance_zone,construction_maintenance_zone_location,fatal_case_number,officer_first_name,officer_last_name,weather_condition(s),manner_of_crash,pedestrian,bicycle,scooter,parking,hitrun,mou
103290033,METROPOLITAN NASHVILLE POLICE DEPT,20220213760,Davidson,Nashville,5/1/2022 10:30:00 PM,2,0,0,36.079900,-86.696400,I 24,,,,0.00,,,,,,,56.20,N,Not at Intersection,N,Non-Junction,None,,,         ,Eric,Burford,Clear,Front to Rear,no,no,no,no,yes,False
103290053,METROPOLITAN NASHVILLE POLICE DEPT,20220213769,Davidson,Nashville,5/2/2022 10:43:00 AM,2,2,0,36.192710,-86.744370,DOUGLAS AV,,,,0.00,,,GALLATIN AV,,,,0.00,Y,Four-Way,N,Intersection,None,,,         ,Michael,Agee,Clear,Front to Rear,no,no,no,no,no,False
103290056,METROPOLITAN NASHVILLE POLICE DEPT,20220213676,Davidson,Nashville,5/2/2022 9:42:00 AM,3,1,0,36.055150,-86.674570,I 24,,,,0.00,,,,,,,58.30,N,Not at Intersection,N,Non-Junction,None,,,         ,Beri,Scott,Clear,Front to Rear,no,no,no,no,no,False
103290058,METROPOLITAN NASHVILLE POLICE DEPT,20220213646,Davidson,Nashville,5/2/2022 8:59:00 AM,2,0,0,36.158420,-86.760440,I 24,,,,0.00,,,,,,,49.70,N,Not at Intersection, ,Non-Junction,None,,,         ,Rachael,Robinson,Clear,Front to Rear,no,no,no,no,no,False
103290078,METROPOLITAN NASHVILLE POLICE DEPT,20220213942,Davidson,Nashville,4/30/2022 9:54:00 AM,1,0,0,36.184030,-86.796770,7TH AVN,,,,0.00,,,,,,,0.00,,,N,Non-Junction,None,,,         ,Jordan,Vrbas,Clear,Not Collision with Motor Vehicle in Transport,no,no,no,yes,yes,False
103290115,METROPOLITAN NASHVILLE POLICE DEPT,20220213937,Davidson,Nashville,5/2/2022 12:33:00 PM,2,1,0,36.182690,-86.748800,STRATTON AV,,,,11.00,Feet,East,GALLATIN AV,,,,0.00,N,Not at Intersection,Y,Non-Junction,None,,,         ,Jarret,Sonnenberg,Clear,Angle,no,no,no,no,no,False
103290125,METROPOLITAN NASHVILLE POLICE DEPT,20220213992,Davidson,Nashville,5/2/2022 1:07:00 PM,2,0,0,36.153250,-86.794010,BROADWAY,,,,0.00,,,17TH AVS,,,,0.00,Y,Four-Way,N,Intersection,None,,,         ,Earl,Davis,Clear,Angle,no,no,no,no,no,False
103290195,METROPOLITAN NASHVILLE POLICE DEPT,20220214016,Davidson,Nashville,5/2/2022 1:15:00 PM,1,1,0,36.182590,-86.637160,JACKSON DOWNS BLVD,,,,703.00,Feet,South,KOHLS SHOPPING CTR PVTDR,,,,0.00,N,Not at Intersection,N,Non-Junction,None,,,         ,Zachariah,Souza,Clear,Not Collision with Motor Vehicle in Transport,yes,no,no,yes,no,False
103290197,METROPOLITAN NASHVILLE POLICE DEPT,20220213725,Davidson,Nashville,5/2/2022 10:20:00 AM,2,0,0,36.137470,-86.778740,ALLOWAY ST,,,,0.00,,,8TH AVS,,,,0.00,Y,T-Intersection, ,,None,,,         ,Jacob,Yore,,,no,no,no,no,no,False
103290243,METROPOLITAN NASHVILLE POLICE DEPT,20220214061,Davidson,Nashville,5/2/2022 12:38:00 PM,2,0,0,36.111330,-86.745420,NOLENSVILLE PKE,,,,154.00,Feet,North,THOMPSON LN,,,,0.00,N,Not at Intersection, ,,None,,,         ,John,Walden,,,no,no,no,no,no,False
103290249,METROPOLITAN NASHVILLE POLICE DEPT,20220213952,Davidson,Nashville,5/2/2022 12:29:00 PM,2,0,0,36.085730,-86.701640,I24 E EXT RAMP,,,,0.00,Feet,East,I 24,,,,0.00,N,Not at Intersection, ,Entrance/Exit Ramp Related,None,,,         ,Benjamin,Tasto,Clear,Front to Rear,no,no,no,no,no,False
103290275,GOODLETTSVILLE POLICE DEPT,22-13262,Davidson,Goodlettsville,5/2/2022 1:55:00 PM,2,1,0,36.322250,-86.701610,CONFERENCE DR,,,,486.00,Feet,South,NORTHGATE CIR,,,,0.00,N,Not at Intersection,N,Non-Junction,None,,,         ,Daniel,Knalls,Clear,"Sideswipe, Same Direction",no,no,no,no,no,False
103290284,METROPOLITAN NASHVILLE POLICE DEPT,20220214089,Davidson,Nashville,5/2/2022 2:10:00 PM,2,1,0,36.153000,-86.857610,BRILEY PKWY,,,,0.00,,,I40 W EXT RAMP,,,,0.00,Y,OTHER,Y,OtherLocation,None,,,         ,Darren,Key,Clear,Angle,no,no,no,no,no,False
103290314,METROPOLITAN NASHVILLE POLICE DEPT,20220214156,Davidson,Nashville,5/2/2022 12:00:00 AM,2,4,0,36.176200,-86.793420,ROSA L PARKS BLVD,,,,274.00,Feet,South,TAYLOR ST,,,,0.00,N,Not at Intersection,N,Non-Junction,None,,,         ,Kiana,Perry,,Front to Rear,no,no,no,no,no,False
103290326,Long Hunter State Park,043022LA,Davidson,Not in City Limit,4/30/2022 12:30:00 PM,2,0,0,36.094150,-86.557610,LONG HUNTER STATE PARK,,,,0.00,,,STATE HWY 171,,,,0.00,Y,OTHER, ,Unknown,None,,,         ,Leslie,Rawlings,Clear,Rear to Side,no,no,no,yes,no,False
103290331,METROPOLITAN NASHVILLE POLICE DEPT,20220214290,Davidson,Nashville,5/2/2022 4:25:00 PM,3,1,0,36.202020,-86.677470,MCGAVOCK PKE,,,,400.00,Feet,North,RIDGELAND DR,,,,0.00,N,Not at Intersection,N,Non-Junction,None,,,         ,Reagan,Heath,Clear,Front to Rear,no,no,no,no,no,False
103290332,METROPOLITAN NASHVILLE POLICE DEPT,20220214261,Davidson,Nashville,5/2/2022 4:08:00 PM,2,1,0,36.114580,-86.817200,WOODMONT BLVD,,,,340.00,Feet,West,23RD AVS,,,,0.00,N,Not at Intersection,N,Non-Junction,None,,,         ,Cameron,Van Der Merwe,Clear,Front to Rear,no,no,no,no,no,False
103290333,METROPOLITAN NASHVILLE POLICE DEPT,20220214243,Davidson,Nashville,5/2/2022 3:56:00 PM,4,0,0,36.179590,-86.774090,I 24,,,,0.00,,,,,,,47.70,N,Not at Intersection,N,Non-Junction,None,,,         ,Zachary,Cooper,Clear,Front to Rear,no,no,no,no,yes,False
103290338,METROPOLITAN NASHVILLE POLICE DEPT,20220214250,Davidson,Not in City Limit,5/2/2022 3:55:00 PM,2,1,0,36.263660,-86.687150,STATE RT 45,,,,0.00,Feet,,ARCHWOOD DR,,,,0.00,Y,Four-Way,N,Intersection,None,,,         ,Nicholas,Carter,Clear,Angle,no,no,no,no,yes,False
103290357,METROPOLITAN NASHVILLE POLICE DEPT,20220214316,Davidson,Nashville,5/2/2022 4:40:00 PM,2,1,0,36.109720,-86.730700,THOMPSON LN,,,,115.00,Feet,East,MASHBURN RD,,,,0.00,N,Not at Intersection,N,Non-Junction,None,,,         ,Dalton,Crum,Clear,Front to Rear,no,no,no,no,no,False
103290359,METROPOLITAN NASHVILLE POLICE DEPT,20220214369,Davidson,Nashville,5/2/2022 4:53:00 PM,2,0,0,36.171250,-86.871280,CENTENNIAL BLVD,,,,44.00,Feet,West,BRILEY PKWY S ENT RAMP,,,,0.00,N,Not at Intersection, ,Non-Junction,None,,,         ,Jared,Dick,Clear,Angle,no,no,no,no,no,False
103290364,METROPOLITAN NASHVILLE POLICE DEPT,20220214303,Davidson,Nashville,5/2/2022 4:31:00 PM,2,1,0,36.215370,-86.588540,TULIP GROVE RD,,,,0.00,Feet,,US HWY 70,,,,0.00,Y,Four-Way,N,Intersection,None,,,         ,Robert,Marquez,Clear,Angle,no,no,no,no,no,False
103290369,METROPOLITAN NASHVILLE POLICE DEPT,20220214397,Davidson,Not in City Limit,5/2/2022 5:37:00 PM,1,0,0,36.221590,-86.970530,ASHLAND CITY HWY,,,,2228.00,Feet,East,BULL RUN RD,,,,0.00,N,Not at Intersection,N,Non-Junction,None,,,         ,Justin,Wells,Clear,Not Collision with Motor Vehicle in Transport,no,no,no,no,no,False
103290370,METROPOLITAN NASHVILLE POLICE DEPT,20220214312,Davidson,Nashville,5/2/2022 4:00:00 PM,2,0,0,36.158560,-86.759950,I 24,,,,0.00,,,,,,,49.70,N,Not at Intersection, ,Non-Junction,None,,,         ,Kevin,Clausius,Clear,Front to Rear,no,no,no,no,no,False
103290376,METROPOLITAN NASHVILLE POLICE DEPT,20220214313,Davidson,Not in City Limit,5/2/2022 4:41:00 PM,1,0,0,36.312080,-86.890840,RAWLINGS RD,,,,2221.00,Feet,West,CLARKSVILLE PKE,,,,0.00,N,Not at Intersection, ,Non-Junction,None,,,         ,Ky,Luu,Clear,Not Collision with Motor Vehicle in Transport,no,no,no,yes,no,False
103290382,METROPOLITAN NASHVILLE POLICE DEPT,20220214241,Davidson,Nashville,5/2/2022 3:57:00 PM,2,0,0,36.240990,-86.757320,DICKERSON PKE,,,,91.00,Feet,North,BRILEY PKWY E EXT RAMP,,,,0.00,N,Not at Intersection,N,Non-Junction,None,,,         ,DuJuan,Kendrick,Clear,"Sideswipe, Same Direction",no,no,no,no,no,False
103290397,METROPOLITAN NASHVILLE POLICE DEPT,20220214380,Davidson,Nashville,5/2/2022 5:11:00 PM,1,0,0,36.086550,-86.627960,BELL RD,,,,461.00,Feet,West,PRIVATE DR,,,,0.00,N,Not at Intersection,N,Non-Junction,None,,,         ,Douglas,Mann,Clear,Not Collision with Motor Vehicle in Transport,no,no,no,no,no,False
103290413,METROPOLITAN NASHVILLE POLICE DEPT,20220214449,Davidson,Nashville,5/2/2022 6:17:00 PM,2,0,0,36.171840,-86.764770,S 5TH ST,,,,0.00,,,WOODLAND ST,,,,0.00,Y,Four-Way, ,Non-Junction,None,,,         ,Chad,Connors,Clear,Angle,no,no,no,no,no,False
103290418,METROPOLITAN NASHVILLE POLICE DEPT,20220214342,Davidson,Nashville,5/2/2022 4:50:00 PM,2,1,0,36.136020,-86.792140,WEDGEWOOD AV,,,,59.00,Feet,West,15TH AVS,,,,0.00,N,Not at Intersection,N,Non-Junction,None,,,         ,Dylan,Chambers,Clear,Angle,no,no,no,no,no,False
103290420,METROPOLITAN NASHVILLE POLICE DEPT,20220214516,Davidson,Nashville,5/2/2022 4:49:00 PM,2,0,0,36.142240,-86.680030,I 40,,,,0.00,,,,,,,215.85,N,Not at Intersection, ,Non-Junction,None,,,         ,Robert,Marquez,Clear,"Sideswipe, Same Direction",no,no,no,no,no,False
103290444,METROPOLITAN NASHVILLE POLICE DEPT,20220214533,Davidson,Nashville,5/2/2022 6:02:00 PM,2,0,0,36.120440,-86.749970,NOLENSVILLE PKE,,,,36.00,Feet,South,I440 E ENT RAMP,,,,0.00,N,Not at Intersection,N,Non-Junction,None,,,         ,Andrew,Brazee,Cloudy,"Sideswipe, Same Direction",no,no,no,no,yes,False
103290453,METROPOLITAN NASHVILLE POLICE DEPT,20220214602,Davidson,Nashville,5/1/2022 4:20:00 PM,2,0,0,36.061730,-86.638520,BELL RD,,,,603.00,Feet,East,HICKORY HIGHLANDS DR,,,,0.00,N,Not at Intersection, ,Non-Junction,None,,,         ,Gary,Anderson,Clear,Angle,no,no,no,no,no,False
103290475,VANDERBILT UNIVERSITY POLICE,20220214143,Davidson,Nashville,5/2/2022 1:15:00 PM,2,0,0,36.141240,-86.814470,31ST AVS,,,,0.00,,,VANDERBILT PL,,,,0.00,Y,Four-Way, ,Non-Junction,None,,,         ,Yasemine,Lomax,,"Sideswipe, Same Direction",no,no,no,no,no,Campus
103290477,METROPOLITAN NASHVILLE POLICE DEPT,20220214687,Davidson,Nashville,5/2/2022 8:20:00 PM,2,1,0,36.025170,-86.742510,EDMONDSON PKE,,,,316.00,Feet,North,BANBURY STA,,,,0.00,N,Not at Intersection,N,Non-Junction,None,,,         ,Tyler,Shanks,Rain,Angle,no,no,no,no,no,False
103290478,METROPOLITAN NASHVILLE POLICE DEPT,20220214162,Davidson,Nashville,5/2/2022 2:47:00 PM,2,1,0,36.077040,-87.027170,I 40,,,,0.00,,,,,,,192.15,N,Not at Intersection,N,Non-Junction,None,,,         ,Steven,Begley,Clear,Front to Rear,no,no,no,no,no,False
103290480,GOODLETTSVILLE POLICE DEPT,22-13306,Davidson,Goodlettsville,5/2/2022 8:12:00 PM,2,0,0,36.315040,-86.713620,RIVERGATE PKWY,,,,0.00,Feet,,S MAIN ST,,,,0.00,Y,T-Intersection,N,Intersection,None,,,         ,Thomas,Eisenbraun,Rain,HeadOn,no,no,no,no,no,False
103290486,METROPOLITAN NASHVILLE POLICE DEPT,20220214713,Davidson,Nashville,5/2/2022 8:31:00 PM,2,1,0,36.181560,-86.749320,GALLATIN AV,,,,52.00,Feet,South,CALVIN AV,,,,0.00,N,Not at Intersection,N,Non-Junction,None,,,         ,Chad,Connors,Rain,Angle,no,no,no,no,no,False
103290503,METROPOLITAN NASHVILLE POLICE DEPT,20220214752,Davidson,Nashville,5/2/2022 8:45:00 PM,2,4,0,36.217280,-86.763260,DICKERSON PKE,,,,31.00,Feet,South,LORRAINE AV,,,,0.00,N,Not at Intersection,N,Non-Junction,None,,,         ,Justen,Ogle,Rain,Front to Rear,no,no,no,no,no,False
103290525,METROPOLITAN NASHVILLE POLICE DEPT,20220214692,Davidson,Nashville,5/2/2022 8:24:00 PM,2,0,0,36.053920,-86.898690,OLD HICKORY BLVD,,,,0.00,Feet,,GAUCHO ROAD PVTDR,,,,0.00,Y,Four-Way,Y,Intersection-Related,None,,,         ,Cameron,Van Der Merwe,Rain,Angle,no,no,no,no,no,False
103290532,METROPOLITAN NASHVILLE POLICE DEPT,20220214320,Davidson,Nashville,5/2/2022 4:55:00 PM,2,0,0,36.193180,-86.726500,MCKENNELL DR,,,,0.00,Feet,West,PORTER RD,,,,0.00,N,Not at Intersection, ,Non-Junction,None,,,         ,McKenzie,Harper,Clear,Other,no,no,no,no,no,False
103290540,METROPOLITAN NASHVILLE POLICE DEPT,20220214300,Davidson,Nashville,5/2/2022 4:34:00 PM,3,4,0,36.359770,-86.726600,SPRINGFIELD HWY,,,,727.00,Feet,South,WILLIAMSON RD,,,,0.00,N,Not at Intersection,N,Non-Junction,None,,,         ,Kyle,Eicholtz,Clear,"Sideswipe, Same Direction",no,no,no,no,no,False
103290549,METROPOLITAN NASHVILLE POLICE DEPT,20220214682,Davidson,Nashville,5/2/2022 8:15:00 PM,2,0,0,36.074480,-86.920940,OLD HICKORY BLVD,,,,0.00,,,HIGHWAY 70S,,,,0.00,Y,Four-Way,N,Intersection,None,,,         ,Steven,Begley,Rain,Angle,no,no,no,no,yes,False
103290558,METROPOLITAN NASHVILLE POLICE DEPT,20220214497,Davidson,Nashville,5/2/2022 4:09:00 PM,1,1,0,36.051290,-86.647230,HICKORY HOLLOW TER,,,,133.00,Feet,South,BENT TREE  PVTDR,,,,0.00,N,Not at Intersection,N,Non-Junction,None,,,         ,Steven,Bowler,Unknown,Not Collision with Motor Vehicle in Transport,yes,no,no,no,no,False
103290583,METROPOLITAN NASHVILLE POLICE DEPT,20220214768,Davidson,Nashville,5/2/2022 8:35:00 PM,2,4,0,36.187240,-86.746860,GALLATIN AV,,,,253.00,Feet,North,PETWAY AV,,,,0.00,N,Not at Intersection,N,Non-Junction,None,,,         ,Daniel,Carney,Rain,"Sideswipe, Same Direction",no,no,no,no,no,False
103290584,THP District 3 - Nashville,322034500,Davidson,Nashville,5/2/2022 4:41:00 PM,3,0,0,36.028780,-86.784070,I 65,,,,0.00,,,,,,,73.85,N,Not at Intersection,N,Non-Junction,None,,,         ,Walter,Roth,Cloudy,Front to Rear,no,no,no,no,no,False
103290596,METROPOLITAN NASHVILLE POLICE DEPT,20220214664,Davidson,Nashville,5/2/2022 6:10:00 PM,2,0,0,36.149440,-86.762390,CHARLES E DAVIS BLVD,,,,103.00,Feet,North,J C NAPIER CT,,,,0.00,N,Not at Intersection, ,Non-Junction,None,,,         ,Connor,Hosey,Clear,Angle,no,no,no,yes,yes,False
103290611,METROPOLITAN NASHVILLE POLICE DEPT,20220214349,Davidson,Nashville,5/2/2022 12:00:00 AM,2,0,0,36.205170,-86.771210,LUCAS LN,,,,334.00,Feet,South,W TRINITY LN,,,,0.00,N,Not at Intersection, ,Non-Junction,None,,,         ,Joseph,Gonzales,Unknown,Unknown,no,no,no,yes,yes,False
103290614,METROPOLITAN NASHVILLE POLICE DEPT,20220214901,Davidson,Nashville,5/2/2022 2:55:00 PM,2,0,0,36.194000,-86.831770,CLARKSVILLE PKE,,,,206.00,Feet,West,BUENA VISTA PKE,,,,0.00,N,Not at Intersection,N,Non-Junction,None,,,         ,Kaitlyn,Powell,Clear,"Sideswipe, Opposite Direction",no,no,no,yes,no,False
103290621,METROPOLITAN NASHVILLE POLICE DEPT,20220214597,Davidson,Nashville,5/2/2022 7:20:00 PM,2,1,0,36.065080,-86.673990,REEVES RD,,,,153.00,Feet,East,PAYNE RD,,,,0.00,N,Not at Intersection,N,Non-Junction,None,,,         ,Megan,Arnett,Clear,HeadOn,no,no,no,no,no,False
103290631,METROPOLITAN NASHVILLE POLICE DEPT,20220215239,Davidson,Nashville,5/3/2022 1:10:00 AM,2,1,0,36.187920,-86.798480,ROSA L PARKS BLVD,,,,0.00,,,DOMINICAN DR,,,,0.00,Y,Four-Way,N,Non-Junction,None,,,         ,Ian,Pearce,Clear,Front to Rear,no,no,no,no,no,False
103290646,METROPOLITAN NASHVILLE POLICE DEPT,20220215321,Davidson,Nashville,5/2/2022 5:00:00 PM,2,0,0,36.243650,-86.771720,BARBARA LYNN WAY,,,,70.00,Feet,North,RAINWOOD DR,,,,0.00,N,Not at Intersection,N,Non-Junction,None,,,         ,John,Robish,Clear,Unknown,no,no,no,no,yes,False
103290672,METROPOLITAN NASHVILLE POLICE DEPT,20220215087,Davidson,Not in City Limit,5/2/2022 10:13:00 PM,1,0,0,36.322040,-86.856780,I 24,,,,0.00,,,,,,,35.65,N,Not at Intersection, ,Non-Junction,None,,,         ,Emelie,Skye,Clear,Not Collision with Motor Vehicle in Transport,no,no,no,no,no,False
103290694,METROPOLITAN NASHVILLE POLICE DEPT,20220215477,Davidson,Nashville,5/3/2022 5:50:00 AM,1,1,0,36.222790,-86.695510,MUSIC CITY CIR,,,,364.00,Feet,West,MUSIC VALLEY DR,,,,0.00,N,Not at Intersection,N,Non-Junction,None,,,         ,Connor,Hosey,Cloudy,Not Collision with Motor Vehicle in Transport,no,no,no,yes,no,False
103290723,METROPOLITAN NASHVILLE POLICE DEPT,2022-0215544,Davidson,Nashville,5/3/2022 6:53:00 AM,2,1,0,36.218010,-86.623930,OLD HICKORY BLVD,,,,465.00,Feet,North,2ND ST,,,,0.00,N,Not at Intersection,N,Non-Junction,None,,,         ,Calvin,Graham,Cloudy,Angle,no,no,no,no,no,False
103290731,METROPOLITAN NASHVILLE POLICE DEPT,20220215597,Davidson,Nashville,5/3/2022 7:16:00 AM,1,0,0,36.246230,-86.721440,GALLATIN PKES,,,,183.00,Feet,South,BERKLEY DR,,,,0.00,N,Not at Intersection, ,Non-Junction,None,,,         ,Christopher,Littles,Cloudy,Not Collision with Motor Vehicle in Transport,no,no,no,no,no,False
103290765,METROPOLITAN NASHVILLE POLICE DEPT,20220215577,Davidson,Nashville,5/3/2022 7:04:00 AM,2,0,0,36.176690,-86.785040,MADISON ST,,,,0.00,Feet,East,MADISON ST RAMP,,,,0.00,N,Not at Intersection, ,Non-Junction,None,,,         ,Matthew,Jorgensen,Clear,Other,no,no,no,yes,no,False
103290771,THP District 3 - Nashville,322033564,Davidson,Nashville,4/29/2022 4:06:00 PM,1,0,0,36.030660,-86.783580,I 65,,,,0.00,,,,,,,74.00,N,Not at Intersection,N,Non-Junction,None,,,         ,Reggie,Edge Jr,Clear,Not Collision with Motor Vehicle in Transport,no,no,no,no,no,False
103290787,METROPOLITAN NASHVILLE POLICE DEPT,20220215624,Davidson,Nashville,5/3/2022 7:09:00 AM,2,0,0,36.154200,-86.757850,I24 W ENT RAMP,,,,0.00,,,I 40,,,,0.00,Y,Y-Intersection,N,Entrance/Exit Ramp Related,None,,,         ,David,Collins,Clear,"Sideswipe, Same Direction",no,no,no,no,yes,False
103290792,METROPOLITAN NASHVILLE POLICE DEPT,20220215546,Davidson,Not in City Limit,5/3/2022 12:32:00 AM,1,0,0,36.255890,-86.830140,WHITES CREEK PKE,,,,26.00,Feet,North,WHITES CREEK FONTANEL GRNWY,,,,0.00,N,Not at Intersection,N,Non-Junction,None,,,         ,James,Wray,Clear,Not Collision with Motor Vehicle in Transport,no,no,no,no,yes,False
103290817,METROPOLITAN NASHVILLE POLICE DEPT,20220215511,Davidson,Nashville,5/3/2022 6:15:00 AM,3,0,0,36.096440,-86.656060,MURFREESBORO PKE,,,,0.00,Feet,,SMITH SPRINGS RD,,,,0.00,Y,T-Intersection,N,Intersection,None,,,         ,Todd,Watson,Clear,Angle,no,no,no,no,no,False
103290820,GOODLETTSVILLE POLICE DEPT,22-13369,Davidson,Goodlettsville,5/3/2022 9:15:00 AM,1,0,0,36.287730,-86.710340,MONTICELLO AVE,,,,220.00,Feet,North,MELISSA CT,,,,0.00,N,Not at Intersection,N,Non-Junction,None,,,         ,Zachary,Scannell,Clear,Not Collision with Motor Vehicle in Transport,no,no,no,no,yes,False
103290854,METROPOLITAN NASHVILLE POLICE DEPT,20220215625,Davidson,Nashville,5/3/2022 7:30:00 AM,1,3,0,36.231180,-86.729930,GRINSTEAD PL,,,,112.00,Feet,South,SOLLEY DR,,,,0.00,N,Not at Intersection,N,Non-Junction,None,,,         ,Jeffery,Leiser,Clear,Not Collision with Motor Vehicle in Transport,yes,no,no,yes,no,False
103290865,METROPOLITAN NASHVILLE POLICE DEPT,20220215736,Davidson,Nashville,5/3/2022 9:00:00 AM,2,1,0,36.150280,-86.748750,I 40,,,,0.00,,,,,,,211.70,N,Not at Intersection,N,Non-Junction,None,,,         ,Larry,Benz,Cloudy,Angle,no,no,no,no,no,False
103290880,METROPOLITAN NASHVILLE POLICE DEPT,2022215896,Davidson,Nashville,5/3/2022 10:25:00 AM,2,1,0,36.168340,-86.770620,S 2ND ST,,,,0.00,,,RUSSELL ST,,,,0.00,Y,T-Intersection,N,Intersection-Related,None,,,         ,Wesley,Young,Clear,Angle,no,no,no,no,no,False
103290881,METROPOLITAN NASHVILLE POLICE DEPT,20220215861,Davidson,Nashville,5/3/2022 10:09:00 AM,2,1,0,36.152660,-86.625600,STEWARTS FERRY PKE,,,,0.00,,,,,,,0.00,,,N,Non-Junction,None,,,         ,Michael,Brooks,Cloudy,Angle,no,no,no,yes,no,False
103290900,METROPOLITAN NASHVILLE POLICE DEPT,2022-0215881,Davidson,Nashville,5/3/2022 10:30:00 AM,2,1,0,36.135770,-86.699170,ARBOR CREEK BLVD,,,,133.00,Feet,West,BRILEY PKWY,,,,0.00,N,Not at Intersection,N,Non-Junction,None,,,         ,Calvin,Graham,Cloudy,Front to Rear,no,no,no,no,no,False
103290902,METROPOLITAN NASHVILLE POLICE DEPT,20220216017,Davidson,Goodlettsville,5/3/2022 11:48:00 AM,3,2,0,36.296910,-86.699160,MYATT DR,,,,0.00,,,GALLATIN PKEN,,,,0.00,Y,Four-Way,N,Intersection,None,,,         ,Christopher,Littles,Cloudy,Front to Rear,no,no,no,no,no,False
103290919,METROPOLITAN NASHVILLE POLICE DEPT,20220215998,Davidson,Antioch,5/3/2022 11:33:00 AM,2,0,0,36.013440,-86.620690,I24 E ENT RAMP,,,,0.00,Feet,,I 24,,,,0.00,Y,Four-Way,N,Intersection,None,,,         ,Patrick,Martin,Cloudy,Angle,no,no,no,no,no,False
103290932,METROPOLITAN NASHVILLE POLICE DEPT,20220216031,Davidson,Nashville,5/3/2022 11:34:00 AM,2,0,0,36.163240,-86.819670,28TH AVN,,,,51.00,Feet,North,I40 E ENT RAMP,,,,0.00,N,Not at Intersection,N,Non-Junction,None,,,         ,Sean,Herman,Clear,"Sideswipe, Same Direction",no,no,no,no,yes,False
103290943,METROPOLITAN NASHVILLE POLICE DEPT,20220216056,Davidson,Nashville,5/3/2022 9:48:00 AM,2,0,0,36.184150,-86.610340,ANDREW JACKSON PKWY,,,,205.00,Feet,North,OLD HICKORY BLVD,,,,0.00,N,Not at Intersection,N,Non-Junction,None,,,         ,Zachariah,Souza,Cloudy,Angle,no,no,no,no,yes,False
103290974,GOODLETTSVILLE POLICE DEPT,22-13370,Davidson,Goodlettsville,5/3/2022 9:26:00 AM,2,0,0,36.313900,-86.708560,RIVERGATE PKWY,,,,474.00,Feet,East,EAST AV,,,,0.00,N,Not at Intersection, ,"Driveway, Alley Access, etc",None,,,         ,Daniel,Knalls,Clear,Angle,no,no,no,no,no,False
103290979,METROPOLITAN NASHVILLE POLICE DEPT,20220216037,Davidson,Nashville,5/3/2022 12:00:00 PM,2,1,0,36.140100,-86.879180,RUSSLEO DR,,,,20.00,Feet,South,CHARLOTTE PKE,,,,0.00,N,Not at Intersection,N,Non-Junction,None,,,         ,Wesley,Tilley,Cloudy,Angle,no,no,no,no,no,False
103290987,METROPOLITAN NASHVILLE POLICE DEPT,20220216115,Davidson,Goodlettsville,5/3/2022 12:48:00 PM,2,0,0,36.292040,-86.720690,I 65,,,,0.00,,,,,,,94.40,N,Not at Intersection, ,Non-Junction,None,,,         ,Ronald,Bright,Cloudy,Front to Rear,no,no,no,no,no,False
103290996,METROPOLITAN NASHVILLE POLICE DEPT,20220216004,Davidson,Nashville,5/3/2022 11:35:00 AM,1,1,0,36.142590,-86.815500,WEST END AV,,,,0.00,,East,31ST AVN,,,,0.00,N,Not at Intersection,Y,Non-Junction,None,,,         ,Paxton,Montgomery,Clear,Not Collision with Motor Vehicle in Transport,yes,no,no,no,no,Campus
103291016,BERRY HILL POLICE DEPT,22-1178,Davidson,Berry Hill,5/3/2022 12:51:00 PM,2,0,0,36.113450,-86.768410,W IRIS DR,,,,0.00,,,,,,,0.00,,, ,"Driveway, Alley Access, etc",None,,,         ,Ronnie,Hill,Cloudy,"Sideswipe, Same Direction",no,no,no,yes,no,False
103291024,METROPOLITAN NASHVILLE POLICE DEPT,20220216103,Davidson,Nashville,5/3/2022 12:41:00 PM,2,1,0,36.119330,-86.749430,NOLENSVILLE PKE,,,,92.00,Feet,North,NEWSOME ST,,,,0.00,N,Not at Intersection,N,Non-Junction,None,,,         ,Travis,Pemberton,Clear,Angle,no,no,no,no,no,False
103291032,METROPOLITAN NASHVILLE POLICE DEPT,20220216141,Davidson,Nashville,5/3/2022 12:15:00 PM,2,0,0,36.184620,-86.773710,DICKERSON PKE,,,,103.00,Feet,North,HANCOCK ST,,,,0.00,N,Not at Intersection,N,Non-Junction,None,,,         ,Joseph,Progar,Cloudy,"Sideswipe, Opposite Direction",no,no,no,yes,yes,False
103291096,METROPOLITAN NASHVILLE POLICE DEPT,20220216098,Davidson,Nashville,5/3/2022 12:38:00 PM,2,1,0,36.186630,-86.686790,WAVE COUNTRY PVTDR,,,,65.00,Feet,North,STONES RIVER GRNWY,,,,0.00,N,Not at Intersection,N,Non-Junction,None,,,         ,Larry,Benz,Cloudy,Front to Rear,no,no,no,yes,yes,False
103291104,METROPOLITAN NASHVILLE POLICE DEPT,20220216246,Davidson,Nashville,5/3/2022 2:21:00 PM,1,1,0,36.235090,-86.765410,I 65,,,,0.00,,,,,,,89.45,N,Not at Intersection,N,Non-Junction,None,,,         ,Christopher,Littles,"Cloudy, Rain",Not Collision with Motor Vehicle in Transport,no,no,no,no,no,False