master_record_number,agency,agency_tracking_number,county,city,collision_date,vehicles_involved,number_injured,number_dead,latitude,longitude,roadway_name,roadway_suffix,roadway_number,roadway_local_id,distance_from_reference,miles-feet_indicator,direction_from_reference,intersection_road_name,intersection_road_name_suffix,intersection_road_number,intersection_local_id,mile_marker,intersection_indicator,intersect_type,interchange_related_indicator,relation_to_junction,work_zone_type,construction_maintenance_zone,construction_maintenance_zone_location,fatal_case_number,officer_first_name,officer_last_name,weather_condition(s),manner_of_crash,pedestrian,bicycle,scooter,parking,hitrun,mou
103291913,METROPOLITAN NASHVILLE POLICE DEPT,20220218120,Davidson,Nashville,5/4/2022 11:22:00 AM,1,1,0,36.256050,-86.714450,GALLATIN PKES,,,,55.00,Feet,South,NEELYS BEND RD,,,,0.00,N,Not at Intersection,N,Non-Junction,None,,,         ,Christopher,Littles,Clear,Not Collision with Motor Vehicle in Transport,yes,no,no,no,no,False
103291924,METROPOLITAN NASHVILLE POLICE DEPT,20220217969,Davidson,Nashville,5/4/2022 9:40:00 AM,2,0,0,36.086460,-86.698690,I24 W EXT RAMP,,,,0.00,Feet,,I 24,,,,0.00,Y,Four-Way, ,,None,,,         ,Eric,Ziegler,,,no,no,no,no,no,False
103291935,METROPOLITAN NASHVILLE POLICE DEPT,20220218147,Davidson,Nashville,5/4/2022 11:33:00 AM,2,0,0,36.169830,-86.604520,I40 W ENT RAMP,,,,0.00,Feet,East,I 40,,,,0.00,N,Not at Intersection,N,Non-Junction,None,,,         ,Ryan,Sherry,Clear,Angle,no,no,no,no,no,False
103291936,METROPOLITAN NASHVILLE POLICE DEPT,20220218086,Davidson,Nashville,5/4/2022 11:01:00 AM,2,1,0,36.151340,-86.768360,2ND AVS,,,,0.00,,,I40 E ENT RAMP,,,,0.00,Y,Four-Way,N,Intersection,None,,,         ,Johnathan,Carlisle,Cloudy,Angle,no,no,no,no,no,False
103291951,METROPOLITAN NASHVILLE POLICE DEPT,20220218013,Davidson,Nashville,5/4/2022 10:01:00 AM,2,1,0,36.165290,-86.762650,S 4TH ST,,,,105.00,Feet,South,I24 W EXT RAMP,,,,0.00,N,Not at Intersection,N,Non-Junction,None,,,         ,Joseph,Progar,Clear,Front to Rear,no,no,no,no,no,False
103291960,METROPOLITAN NASHVILLE POLICE DEPT,20220218168,Davidson,Nashville,5/4/2022 11:52:00 AM,2,0,0,36.169560,-86.811590,I 40,,,,0.00,,,,,,,207.00,N,Not at Intersection, ,Non-Junction,None,,,         ,Michael,Richardson,Clear,"Sideswipe, Same Direction",no,no,no,no,no,False
103291970,METROPOLITAN NASHVILLE POLICE DEPT,20220218166,Davidson,Nashville,5/4/2022 11:32:00 AM,2,0,0,36.153800,-86.805310,22ND AVN,,,,0.00,,,PATTERSON ST,,,,0.00,Y,Four-Way,N,Intersection,None,,,         ,Megan,Lamon,Clear,Angle,no,no,no,no,no,False
103292024,METROPOLITAN NASHVILLE POLICE DEPT,20220218154,Davidson,Nashville,5/4/2022 11:20:00 AM,2,0,0,36.222880,-86.725810,GALLATIN PKE,,,,24.00,Feet,North,GREENLAND AV,,,,0.00,N,Not at Intersection, ,Non-Junction,None,,,         ,Steven,Meador,Clear,"Sideswipe, Same Direction",no,no,no,no,no,False
103292025,VANDERBILT UNIVERSITY POLICE,20220218157,Davidson,Nashville,5/4/2022 11:00:00 AM,1,0,0,36.107750,-86.765420,POWELL AV,,,,784.00,Feet,North,POWELL PL,,,,0.00,N,Not at Intersection, ,OtherLocation,None,,,         ,Anthony,Jones,Clear,Not Collision with Motor Vehicle in Transport,no,no,no,yes,no,False
103292026,METROPOLITAN NASHVILLE POLICE DEPT,20220218244,Davidson,Nashville,5/4/2022 12:51:00 PM,2,1,0,36.037400,-86.786570,FRANKLIN PKE,,,,0.00,Feet,,OLD HICKORY BLVD,,,,0.00,Y,Four-Way,Y,Intersection-Related,None,,,         ,Gary,Sneed,Clear,Front to Rear,no,no,no,no,no,False
103292037,METROPOLITAN NASHVILLE POLICE DEPT,20220218171,Davidson,Nashville,5/4/2022 11:51:00 AM,2,0,0,36.208200,-86.735100,GALLATIN PKE,,,,118.00,Feet,North,IVERSON AV,,,,0.00,N,Not at Intersection, ,Non-Junction,None,,,         ,Michael,Agee,Clear,Angle,no,no,no,no,no,False
103292048,METROPOLITAN NASHVILLE POLICE DEPT,20220218283,Davidson,Nashville,5/4/2022 1:17:00 PM,2,4,0,36.248290,-86.724700,DUE WEST AVW,,,,0.00,,,FREDA VILLA,,,,0.00,Y,T-Intersection,N,Intersection,None,,,         ,Christopher,Littles,Clear,Front to Rear,no,no,no,no,no,False
103292091,METROPOLITAN NASHVILLE POLICE DEPT,20220218273,Davidson,Nashville,5/4/2022 1:06:00 PM,2,0,0,36.130340,-86.856010,WHITE BRIDGE PKE,,,,535.00,Feet,West,BROOKWOOD TER,,,,0.00,N,Not at Intersection, ,Non-Junction,None,,,         ,Michael,Pyle,Clear,Angle,no,no,no,no,no,False
103292137,METROPOLITAN NASHVILLE POLICE DEPT,20220218230,Davidson,Nashville,5/4/2022 12:46:00 PM,2,1,0,36.205890,-86.768610,E TRINITY LN,,,,0.00,,,DICKERSON PKE,,,,0.00,Y,Four-Way,Y,Intersection-Related,None,,,         ,Jarret,Sonnenberg,Clear,Front to Rear,no,no,no,no,no,False
103292149,METROPOLITAN NASHVILLE POLICE DEPT,20220218422,Davidson,Madison,5/4/2022 2:10:00 PM,2,0,0,36.263070,-86.711920,STATE RT 45,,,,0.00,,,GALLATIN PKEN,,,,0.00,Y,Four-Way, ,,None,,,         ,Christopher,Littles,,,no,no,no,no,no,False
103292150,THP District 3 - Nashville,322033507,Davidson,Nashville,4/29/2022 1:51:00 PM,2,0,0,36.112300,-86.723630,I24 E EXT RAMP,,,,0.00,Feet,East,I 24,,,,0.00,N,Not at Intersection, ,Non-Junction,None,,,         ,Jason,Murray,Clear,"Sideswipe, Same Direction",no,no,no,no,no,False
103292157,METROPOLITAN NASHVILLE POLICE DEPT,20220218206,Davidson,Nashville,5/4/2022 12:10:00 PM,2,0,0,36.235780,-86.758230,DICKERSON PKE,,,,251.00,Feet,North,HOMESTEAD RD,,,,0.00,N,Not at Intersection,N,Non-Junction,None,,,         ,Jeffery,Leiser,Clear,Front to Rear,no,no,no,no,yes,False
103292158,METROPOLITAN NASHVILLE POLICE DEPT,20220218344,Davidson,Nashville,5/4/2022 1:00:00 PM,2,0,0,36.045820,-86.658180,BELL RD,,,,102.00,Feet,West,I24 W ENT RAMP,,,,0.00,N,Not at Intersection, ,Non-Junction,None,,,         ,Stanley,Collins,Clear,"Sideswipe, Same Direction",no,no,no,no,no,False
103292159,METROPOLITAN NASHVILLE POLICE DEPT,20220218314,Davidson,Nashville,5/4/2022 1:27:00 PM,2,1,0,36.070030,-86.698800,HAYWOOD LN,,,,0.00,,,EAST RIDGE DR,,,,0.00,Y,Four-Way,N,Intersection,None,,,         ,Eric,Burford,Clear,Front to Rear,no,no,no,no,no,False
103292174,METROPOLITAN NASHVILLE POLICE DEPT,20220218438,Davidson,Nashville,5/4/2022 2:35:00 PM,2,0,0,36.229710,-86.732500,BROADMOOR DR,,,,0.00,Feet,,SAUNDERS AV,,,,0.00,Y,Four-Way,N,Intersection,None,,,         ,Ian,Wilson,Clear,Front to Rear,no,no,no,no,yes,False
103292186,METROPOLITAN NASHVILLE POLICE DEPT,20220218331,Davidson,Nashville,5/4/2022 1:33:00 PM,2,0,0,36.167600,-86.762220,S 5TH ST,,,,0.00,Feet,,SHELBY AV,,,,0.00,Y,Four-Way,N,Intersection-Related,None,,,         ,William,Clemons,Clear,Front to Rear,no,no,no,no,no,False
103292187,GOODLETTSVILLE POLICE DEPT,22-13475,Davidson,Goodlettsville,5/4/2022 2:30:00 PM,2,0,0,36.322950,-86.708240,STATE HWY 174,,,,222.00,Feet,West,S CARTWRIGHT ST,,,,0.00,N,Not at Intersection, ,Non-Junction,None,,,         ,George,Henry,Clear,Angle,no,no,no,no,no,False
103292203,METROPOLITAN NASHVILLE POLICE DEPT,20220218449,Davidson,Nashville,5/4/2022 2:50:00 PM,1,0,0,36.177390,-86.751490,S 10TH ST,,,,158.00,Feet,North,WOODLAND ST,,,,0.00,N,Not at Intersection, ,Non-Junction,None,,,         ,Steven,Meador,Clear,Not Collision with Motor Vehicle in Transport,no,no,no,yes,no,False
103292226,METROPOLITAN NASHVILLE POLICE DEPT,20220218483,Davidson,Nashville,5/4/2022 2:50:00 PM,2,0,0,36.155700,-86.789590,BROADWAY,,,,42.00,Feet,East,I40 E EXT RAMP,,,,0.00,N,Not at Intersection, ,Non-Junction,None,,,         ,Mason,Tyler,Clear,"Sideswipe, Same Direction",no,no,no,no,yes,False
103292234,METROPOLITAN NASHVILLE POLICE DEPT,20220217943,Davidson,Nashville,5/4/2022 9:21:00 AM,2,1,0,36.043500,-86.655630,I 24,,,,0.00,,,,,,,59.60,N,Not at Intersection,N,Non-Junction,None,,,         ,Peabo,McAlmont,Cloudy,Front to Rear,no,no,no,no,no,False
103292264,METROPOLITAN NASHVILLE POLICE DEPT,20220218502,Davidson,Nashville,5/4/2022 3:05:00 PM,2,0,0,36.112000,-86.811180,HILLSBORO PKE,,,,291.00,Feet,North,GRAYBAR LN,,,,0.00,N,Not at Intersection, ,,None,,,         ,Heather,Fox,,,no,no,no,no,no,False
103292294,METROPOLITAN NASHVILLE POLICE DEPT,20220218627,Davidson,Nashville,5/4/2022 4:13:00 PM,2,2,0,36.075730,-86.693850,I 24,,,,0.00,,,,,,,56.50,N,Not at Intersection,N,Non-Junction,None,,,         ,Joseph,Hurst,Clear,Front to Rear,no,no,no,no,no,False
103292299,METROPOLITAN NASHVILLE POLICE DEPT,20220218565,Davidson,Nashville,5/4/2022 2:50:00 PM,2,0,0,36.091840,-86.704520,I 24,,,,0.00,,,,,,,55.25,N,Not at Intersection, ,,None,,,         ,Dalton,Crum,,,no,no,no,no,no,False
103292302,METROPOLITAN NASHVILLE POLICE DEPT,20220218477,Davidson,Nashville,5/4/2022 3:07:00 PM,2,1,0,36.160920,-86.760610,I 24,,,,0.00,,,,,,,49.40,N,Not at Intersection,N,Non-Junction,None,,,         ,James,Hill,Clear,Front to Rear,no,no,no,no,no,False
103292309,METROPOLITAN NASHVILLE POLICE DEPT,20220218413,Davidson,Not in City Limit,5/4/2022 2:25:00 PM,4,4,0,36.264220,-86.735190,BOYDS HILLTOP DR,,,,4.00,Feet,North,OLD HICKORY BLVDW,,,,0.00,N,Not at Intersection,N,Non-Junction,None,,,         ,Justan,Vance,Clear,Front to Rear,no,no,no,no,yes,False
103292310,METROPOLITAN NASHVILLE POLICE DEPT,20220218618,Davidson,Antioch,5/4/2022 12:18:00 PM,2,0,0,36.047840,-86.612050,MURFREESBORO PKE,,,,1284.00,Feet,North,MOUNTAIN SPRINGS RD,,,,0.00,N,Not at Intersection, ,Non-Junction,None,,,         ,Nathaniel,Myers,Clear,Angle,no,no,no,no,no,False
103292321,METROPOLITAN NASHVILLE POLICE DEPT,20220218079,Davidson,Nashville,5/4/2022 10:41:00 AM,2,1,0,36.100450,-86.672280,CITATION DR,,,,0.00,,,EZELL PKE,,,,0.00,Y,Four-Way,N,Intersection,None,,,         ,Tyler,Heckaman,Clear,Angle,no,no,no,no,no,False
103292326,METROPOLITAN NASHVILLE POLICE DEPT,20220218613,Davidson,Not in City Limit,5/4/2022 4:31:00 PM,3,2,0,36.044740,-86.954650,HIGHWAY 100,,,,478.00,Feet,East,OLD HARDING PKE,,,,0.00,N,Not at Intersection,N,Non-Junction,None,,,         ,Andrew,McCarron,Clear,Front to Rear,no,no,no,no,no,False
103292331,METROPOLITAN NASHVILLE POLICE DEPT,20220218647,Davidson,Nashville,5/4/2022 4:50:00 PM,2,0,0,36.178620,-86.750910,GALLATIN AV,,,,0.00,,,FORREST AV,,,,0.00,Y,T-Intersection,N,Intersection,None,,,         ,Kevin,Clausius,Clear,Angle,no,no,no,no,no,False
103292333,METROPOLITAN NASHVILLE POLICE DEPT,20220218577,Davidson,Nashville,5/4/2022 4:04:00 PM,2,0,0,36.140640,-86.721200,I 40,,,,0.00,,,,,,,213.40,N,Not at Intersection,N,Non-Junction,None,,,         ,Rami,Rouhi,Clear,"Sideswipe, Same Direction",no,no,no,no,no,False
103292349,METROPOLITAN NASHVILLE POLICE DEPT,20220216172,Davidson,Nashville,5/3/2022 1:24:00 PM,2,1,0,36.070190,-86.634330,MURFREESBORO PKE,,,,820.00,Feet,South,BELL RD,,,,0.00,N,Not at Intersection,N,Non-Junction,None,,,         ,Tyler,Heckaman,Clear,Angle,no,no,no,no,no,False
103292358,METROPOLITAN NASHVILLE POLICE DEPT,20220218708,Davidson,Nashville,5/4/2022 5:00:00 PM,2,0,0,36.153510,-86.853430,BRILEY PKWY N ENT RAMP,,,,0.00,Feet,East,I 40,,,,0.00,N,Not at Intersection, ,Non-Junction,None,,,         ,Gregory,McDaniel,Clear,Front to Rear,no,no,no,no,no,False
103292359,METROPOLITAN NASHVILLE POLICE DEPT,20220218668,Davidson,Nashville,5/4/2022 5:00:00 PM,2,0,0,36.153520,-86.851580,I 40,,,,0.00,,,,,,,204.30,N,Not at Intersection, ,,None,,,         ,Heather,Fox,,,no,no,no,no,no,False
103292367,METROPOLITAN NASHVILLE POLICE DEPT,20220218676,Davidson,Nashville,5/4/2022 5:12:00 PM,3,4,0,36.143310,-86.686400,I 40,,,,0.00,,,,,,,215.50,N,Not at Intersection,N,Non-Junction,None,,,         ,Evan,Grace,Clear,Front to Rear,no,no,no,no,no,False
103292375,METROPOLITAN NASHVILLE POLICE DEPT,20220218695,Davidson,Nashville,5/4/2022 5:00:00 PM,2,2,0,36.206320,-86.774110,W TRINITY LN,,,,188.00,Feet,West,I65 N EXT RAMP,,,,0.00,N,Not at Intersection,N,Non-Junction,None,,,         ,Zachary,Carter,Clear,"Sideswipe, Same Direction",no,no,no,no,yes,False
103292376,METROPOLITAN NASHVILLE POLICE DEPT,20220218715,Davidson,Nashville,5/4/2022 5:42:00 PM,1,1,0,36.158780,-86.782160,BROADWAY,,,,0.00,,,,,,,0.00,,,N,OtherLocation,None,,,         ,James,Hill,Clear,Not Collision with Motor Vehicle in Transport,no,no,no,no,no,False
103292397,METROPOLITAN NASHVILLE POLICE DEPT,20220218591,Davidson,Nashville,5/4/2022 4:54:00 PM,2,0,0,36.168050,-86.691340,LEBANON PKE,,,,1.00,Feet,West,CRAIGMEADE DR,,,,0.00,N,Not at Intersection, ,Non-Junction,None,,,         ,Steven,Luckey,Clear,Front to Rear,no,no,no,no,no,False
103292424,METROPOLITAN NASHVILLE POLICE DEPT,20220218662,Davidson,Nashville,5/4/2022 12:00:00 AM,2,1,0,36.150490,-86.801230,21ST AVS,,,,0.00,Feet,,WEST END AV,,,,0.00,Y,Four-Way,N,Intersection,None,,,         ,Jack,Pfeiffer,Clear,Angle,no,no,no,no,no,Campus
103292428,METROPOLITAN NASHVILLE POLICE DEPT,20220218751,Davidson,Nashville,5/4/2022 6:15:00 PM,1,1,0,36.129830,-86.855150,WHITE BRIDGE PKE,,,,222.00,Feet,West,TARGET PVTDR,,,,0.00,N,Not at Intersection,N,OtherLocation,None,,,         ,Heather,Fox,Clear,Not Collision with Motor Vehicle in Transport,yes,no,no,yes,yes,False
103292440,METROPOLITAN NASHVILLE POLICE DEPT,20220218864,Davidson,Nashville,5/4/2022 7:15:00 PM,2,1,0,36.136330,-86.822150,I440 E EXT RAMP,,,,0.00,,,I 440,,,,0.00,Y,T-Intersection,N,Intersection,None,,,         ,Gregory,McDaniel,Clear,Front to Rear,no,no,no,no,no,False
103292448,METROPOLITAN NASHVILLE POLICE DEPT,20220218923,Davidson,Nashville,5/4/2022 4:49:00 PM,2,0,0,36.168940,-86.683500,LEBANON PKE,,,,40.00,Feet,East,THE CROSSINGS PVTDR,,,,0.00,N,Not at Intersection, ,Non-Junction,None,,,         ,Evan,Grace,Clear,Angle,no,no,no,no,no,False
103292465,METROPOLITAN NASHVILLE POLICE DEPT,20220218792,Davidson,Nashville,5/4/2022 12:00:00 AM,2,0,0,36.156440,-86.631260,STEWARTS FERRY PKE,,,,0.00,,,I40 W EXT RAMP,,,,0.00,Y,Four-Way, ,Non-Junction,None,,,         ,Keenan,McCann,,Front to Rear,no,no,no,no,no,False
103292511,METROPOLITAN NASHVILLE POLICE DEPT,20220219041,Davidson,Madison,5/4/2022 6:30:00 PM,1,0,0,36.272250,-86.735980,I 65,,,,0.00,,,,,,,92.80,N,Not at Intersection,N,Non-Junction,None,,,         ,Jonathon,Sheppard,Clear,Not Collision with Motor Vehicle in Transport,no,no,no,no,no,False
103292526,METROPOLITAN NASHVILLE POLICE DEPT,20220218518,Davidson,Nashville,5/4/2022 2:32:00 PM,2,2,0,36.079110,-86.727750,HARDING PL,,,,460.00,Feet,West,NOLENSVILLE PKE,,,,0.00,N,Not at Intersection,N,Non-Junction,None,,,         ,Brady,Reynolds,Clear,Angle,no,no,no,no,no,False
103292527,METROPOLITAN NASHVILLE POLICE DEPT,20220218646,Davidson,Nashville,5/4/2022 4:51:00 PM,4,1,0,36.158750,-86.798290,CHARLOTTE AV,,,,0.00,Feet,,17TH AVN,,,,0.00,Y,Four-Way,N,Non-Junction,None,,,         ,Brady,Reynolds,Clear,Front to Rear,no,no,no,no,yes,False
103292571,METROPOLITAN NASHVILLE POLICE DEPT,20220219143,Davidson,Nashville,5/4/2022 9:55:00 PM,1,0,0,36.241550,-86.766580,DOVERSIDE DR,,,,54.00,Feet,East,OAKVIEW DR,,,,0.00,N,Not at Intersection, ,Non-Junction,None,,,         ,Jonathon,Sheppard,Clear,Not Collision with Motor Vehicle in Transport,no,no,no,no,no,False
103292572,METROPOLITAN NASHVILLE POLICE DEPT,20220219036,Davidson,Nashville,5/4/2022 8:45:00 PM,2,0,0,36.120830,-86.703590,MURFREESBORO PKE,,,,0.00,Feet,,GLENGARRY DR,,,,0.00,Y,Four-Way,Y,Intersection-Related,None,,,         ,Robert,Leverick,Clear,Front to Rear,no,no,no,no,yes,False
103292583,METROPOLITAN NASHVILLE POLICE DEPT,20220218681,Davidson,Nashville,5/4/2022 3:57:00 PM,2,0,0,36.166130,-86.817370,I 40,,,,0.00,,,,,,,206.60,N,Not at Intersection, ,Non-Junction,None,,,         ,Lucas,Thomas,Clear,Front to Rear,no,no,no,no,no,False
103292585,METROPOLITAN NASHVILLE POLICE DEPT,20220219050,Davidson,Nashville,5/4/2022 8:45:00 PM,2,0,0,36.092900,-86.678820,DONELSON PKE,,,,34.00,Feet,North,HARDING PL,,,,0.00,N,Not at Intersection,N,Non-Junction,None,,,         ,Autumn,Manning,Clear,"Sideswipe, Same Direction",no,no,no,no,no,False
103292586,METROPOLITAN NASHVILLE POLICE DEPT,20220219204,Davidson,Nashville,5/4/2022 10:30:00 PM,2,0,0,36.082680,-86.765110,HARDING PL,,,,0.00,,,I65 S ENT RAMP,,,,0.00,Y,OTHER,N,Entrance/Exit Ramp Related,None,,,         ,Ricardo,Cruz,Clear,Angle,no,no,no,no,yes,False
103292589,METROPOLITAN NASHVILLE POLICE DEPT,20220219268,Davidson,Nashville,5/4/2022 11:04:00 PM,2,0,0,36.075420,-86.693660,I 24,,,,0.00,,,,,,,56.50,N,Not at Intersection, ,,None,,,         ,Joseph,Hurst,,,no,no,no,no,no,False
103292590,METROPOLITAN NASHVILLE POLICE DEPT,20220219214,Davidson,Nashville,5/4/2022 6:51:00 PM,2,0,0,36.218500,-86.837030,KINGS LN,,,,0.00,,,CLARKSVILLE PKE,,,,0.00,Y,Four-Way,N,Intersection,None,,,         ,Burton,Beeson,Clear,Front to Rear,no,no,no,no,yes,False
103292612,METROPOLITAN NASHVILLE POLICE DEPT,20220218787,Davidson,Nashville,5/4/2022 6:28:00 PM,1,1,0,36.119580,-86.842650,WOODMONT BLVD,,,,648.00,Feet,North,VALLEY FORGE,,,,0.00,N,Not at Intersection,N,Non-Junction,None,,,         ,Andrew,McCarron,Clear,Not Collision with Motor Vehicle in Transport,no,no,no,no,no,False
103292614,METROPOLITAN NASHVILLE POLICE DEPT,20220219330,Davidson,Nashville,5/4/2022 4:47:00 PM,2,0,0,36.090010,-86.658060,GRACE CREST PT,,,,52.00,Feet,South,EVERGREEN RIDGE PT,,,,0.00,N,Not at Intersection,N,Non-Junction,None,,,         ,Holly,Davis,Clear,"Sideswipe, Opposite Direction",no,no,no,no,yes,False
103292616,METROPOLITAN NASHVILLE POLICE DEPT,20220218572,Davidson,Not in City Limit,5/4/2022 2:45:00 PM,2,0,0,36.076890,-86.984740,I 40,,,,0.00,,,,,,,194.55,N,Not at Intersection, ,Non-Junction,None,,,         ,Jeremy,Huffine,Clear,Not Collision with Motor Vehicle in Transport,no,no,no,no,no,False
103292619,METROPOLITAN NASHVILLE POLICE DEPT,20220219129,Davidson,Nashville,5/4/2022 10:12:00 PM,2,1,0,36.256400,-86.714280,GALLATIN PKES,,,,82.00,Feet,North,NEELYS BEND RD,,,,0.00,N,Not at Intersection,N,Non-Junction,None,,,         ,Reuben,Hewit,Clear,Angle,no,no,no,no,no,False
103292626,METROPOLITAN NASHVILLE POLICE DEPT,20220218873,Davidson,Nashville,5/4/2022 7:20:00 PM,2,0,0,36.128210,-86.707280,PATRICIA DR,,,,366.00,Feet,North,THOMPSON PL,,,,0.00,N,Not at Intersection,N,Non-Junction,None,,,         ,Rami,Rouhi,Clear,HeadOn,no,no,no,yes,yes,False
103292628,METROPOLITAN NASHVILLE POLICE DEPT,20220219420,Davidson,Nashville,5/5/2022 12:10:00 AM,1,0,0,36.144160,-86.697190,BRILEY PKWYN,,,,39.00,Feet,South,I40 E ENT RAMP,,,,0.00,N,Not at Intersection,Y,Non-Junction,None,,,         ,Timothy,Lehnert,Clear,Not Collision with Motor Vehicle in Transport,no,no,no,no,no,False
103292689,METROPOLITAN NASHVILLE POLICE DEPT,20220219319,Davidson,Nashville,5/4/2022 10:18:00 PM,2,0,0,36.179320,-86.876680,CENTENNIAL BLVD,,,,832.00,Feet,East,CENTENNIAL PL,,,,0.00,N,Not at Intersection, ,Non-Junction,None,,,         ,Christopher,Alceus,Clear,"Sideswipe, Same Direction",no,no,no,no,no,False
103292696,METROPOLITAN NASHVILLE POLICE DEPT,20220219622,Davidson,Nashville,5/5/2022 2:53:00 AM,1,0,0,36.047680,-86.713540,NOLENSVILLE PKE,,,,407.00,Feet,South,HICKORYVIEW DR,,,,0.00,N,Not at Intersection,N,Non-Junction,None,,,         ,Dillon,Gann,Clear,Not Collision with Motor Vehicle in Transport,no,no,no,yes,no,False
103292732,METROPOLITAN NASHVILLE POLICE DEPT,20220218218,Davidson,Nashville,5/4/2022 12:30:00 PM,4,1,0,36.120530,-86.750020,NOLENSVILLE PKE,,,,0.00,,,I440 E ENT RAMP,,,,0.00,Y,Four-Way,N,Intersection,None,,,         ,Todd,Watson,Clear,"Sideswipe, Same Direction",no,no,no,no,no,False
103292734,METROPOLITAN NASHVILLE POLICE DEPT,20220218477,Davidson,Nashville,5/4/2022 3:07:00 PM,2,0,0,36.167720,-86.765660,I 24,,,,0.00,,,,,,,48.85,N,Not at Intersection, ,,None,,,         ,Byron,Carter,,,no,no,no,no,no,False
103292736,METROPOLITAN NASHVILLE POLICE DEPT,20220219824,Davidson,Nashville,5/5/2022 4:23:00 AM,2,0,0,36.152780,-86.825870,CHARLOTTE AV,,,,65.00,Feet,East,35TH AVN,,,,0.00,N,Not at Intersection,N,Non-Junction,None,,,         ,Darren,Key,Clear,Other,no,no,no,yes,yes,False
103292741,METROPOLITAN NASHVILLE POLICE DEPT,20220218440,Davidson,Nashville,5/4/2022 2:06:00 PM,2,2,0,36.155020,-86.788880,I 40,,,,0.00,,,,,,,209.15,N,Not at Intersection,N,Non-Junction,None,,,         ,Bianca,Crawford,Clear,"Sideswipe, Same Direction",no,no,no,no,no,False
103292755,METROPOLITAN NASHVILLE POLICE DEPT,20220219861,Davidson,Nashville,5/5/2022 7:00:00 AM,3,0,0,36.208520,-86.776040,I 65,,,,0.00,,,,,,,87.45,N,Not at Intersection,N,Non-Junction,None,,,         ,Jarret,Sonnenberg,Clear,Front to Rear,no,no,no,no,yes,False
103292768,METROPOLITAN NASHVILLE POLICE DEPT,20220219882,Davidson,Nashville,5/5/2022 7:00:00 AM,2,0,0,36.148680,-86.856780,ORLANDO AV,,,,0.00,,,LENOX AV,,,,0.00,Y,OTHER,N,Non-Junction,None,,,         ,Wesley,Tilley,Clear,Angle,no,no,no,no,no,False
103292784,METROPOLITAN NASHVILLE POLICE DEPT,20220219884,Davidson,Nashville,5/5/2022 7:19:00 AM,2,2,0,36.145500,-86.626190,LINCOYA BAY DR,,,,0.00,,,BELL RD,,,,0.00,Y,Four-Way,N,Intersection,None,,,         ,Michael,Brooks,Cloudy,Angle,no,no,no,no,no,False
103292799,METROPOLITAN NASHVILLE POLICE DEPT,20220220064,Davidson,Nashville,5/5/2022 8:39:00 AM,2,0,0,36.208890,-86.779040,HAMPTON ST,,,,0.00,Feet,West,AVONDALE CIR,,,,0.00,N,Not at Intersection, ,Non-Junction,None,,,         ,Billy,Price,Clear,Angle,no,no,no,no,no,False
103292808,METROPOLITAN NASHVILLE POLICE DEPT,2022219960,Davidson,Nashville,5/5/2022 8:00:00 AM,2,0,0,36.163450,-86.783530,UNION ST,,,,0.00,,,7TH AVN,,,,0.00,Y,Four-Way,N,Intersection,None,,,         ,Wesley,Young,Clear,Angle,no,no,no,no,yes,False
103292810,METROPOLITAN NASHVILLE POLICE DEPT,20220220001,Davidson,Nashville,5/5/2022 8:26:00 AM,2,0,0,36.238120,-86.783030,BRILEY PKWYE,,,,0.00,,,I24 W EXT RAMP,,,,0.00,Y,Y-Intersection, ,Entrance/Exit Ramp Related,None,,,         ,Christopher,Littles,Clear,"Sideswipe, Same Direction",no,no,no,no,no,False
103292813,METROPOLITAN NASHVILLE POLICE DEPT,20220218562,Davidson,Nashville,5/4/2022 3:53:00 PM,2,0,0,36.166540,-86.780810,4TH AVN,,,,76.00,Feet,North,CHARLOTTE AV,,,,0.00,N,Not at Intersection,N,Non-Junction,None,,,         ,Jonathan,Phipps,Clear,"Sideswipe, Same Direction",no,no,no,no,no,False
103292822,METROPOLITAN NASHVILLE POLICE DEPT,20220220050,Davidson,Nashville,5/5/2022 8:30:00 AM,2,0,0,36.224410,-86.774600,I24 W ENT RAMP,,,,0.00,Feet,East,I 65,,,,0.00,N,Not at Intersection,N,Non-Junction,None,,,         ,Samantha,Held,Clear,Front to Rear,no,no,no,no,no,False
103292832,METROPOLITAN NASHVILLE POLICE DEPT,20220220177,Davidson,Nashville,5/5/2022 9:44:00 AM,2,0,0,36.156600,-86.656600,LEATHERWOOD DR,,,,330.00,Feet,East,EMERY DR,,,,0.00,N,Not at Intersection, ,Non-Junction,None,,,         ,Patrick,Lancaster,Cloudy,Rear to Side,no,no,no,no,no,False
103292852,METROPOLITAN NASHVILLE POLICE DEPT,20220219978,Davidson,Nashville,5/5/2022 8:07:00 AM,3,0,0,36.166880,-86.764940,I 24,,,,0.00,,,,,,,48.90,N,Not at Intersection, ,Non-Junction,None,,,         ,Byron,Carter,Cloudy,"Sideswipe, Same Direction",no,no,no,no,yes,False
103292877,METROPOLITAN NASHVILLE POLICE DEPT,20220220288,Davidson,Nashville,5/5/2022 11:00:00 AM,2,0,0,36.059410,-86.919490,HIGHWAY 100,,,,239.00,Feet,South,LONDON WAY,,,,0.00,N,Not at Intersection,N,Non-Junction,None,,,         ,Wesley,Tilley,Cloudy,Front to Rear,no,no,no,no,no,False