master_record_number,agency,agency_tracking_number,county,city,collision_date,vehicles_involved,number_injured,number_dead,latitude,longitude,roadway_name,roadway_suffix,roadway_number,roadway_local_id,distance_from_reference,miles-feet_indicator,direction_from_reference,intersection_road_name,intersection_road_name_suffix,intersection_road_number,intersection_local_id,mile_marker,intersection_indicator,intersect_type,interchange_related_indicator,relation_to_junction,work_zone_type,construction_maintenance_zone,construction_maintenance_zone_location,fatal_case_number,officer_first_name,officer_last_name,weather_condition(s),manner_of_crash,pedestrian,bicycle,scooter,parking,hitrun,mou
103292883,METROPOLITAN NASHVILLE POLICE DEPT,2022219960,Davidson,Nashville,5/5/2022 8:22:00 AM,2,0,0,36.160630,-86.778540,OPRY PL,,,,66.00,Feet,North,BROADWAY,,,,0.00,N,Not at Intersection, ,Non-Junction,None,,,         ,Wesley,Young,Clear,"Sideswipe, Same Direction",no,no,no,no,no,False
103292906,METROPOLITAN NASHVILLE POLICE DEPT,20220220172,Davidson,Nashville,5/5/2022 9:55:00 AM,3,2,0,36.109300,-86.726650,BRILEY PKWYS,,,,400.00,Feet,East,BRILEY PKWYN,,,,0.00,N,Not at Intersection,N,Non-Junction,None,,,         ,David,Rehm,Cloudy,"Sideswipe, Same Direction",no,no,no,no,no,False
103292907,METROPOLITAN NASHVILLE POLICE DEPT,20220220351,Davidson,Nashville,5/5/2022 11:13:00 AM,2,0,0,36.124240,-86.806330,HILLSBORO PKE,,,,0.00,,,I440 W ENT RAMP,,,,0.00,Y,OTHER, ,Intersection-Related,None,,,         ,Earl,Davis,Cloudy,Front to Rear,no,no,no,no,no,False
103292908,METROPOLITAN NASHVILLE POLICE DEPT,2022-0220304,Davidson,Nashville,5/5/2022 11:11:00 AM,2,0,0,36.046020,-86.657930,BELL RD,,,,0.00,,,COLLINS PARK DR,,,,0.00,Y,Four-Way, ,Intersection,None,,,         ,Stanley,Collins,Clear,Front to Rear,no,no,no,no,no,False
103292946,METROPOLITAN NASHVILLE POLICE DEPT,2022220187,Davidson,Nashville,5/5/2022 8:00:00 AM,2,0,0,36.157960,-86.771570,HERMITAGE AV,,,,155.00,Feet,South,KOREAN VETERANS BLVD,,,,0.00,N,Not at Intersection,N,Non-Junction,None,,,         ,Wesley,Young,Clear,Angle,no,no,no,no,no,False
103292965,METROPOLITAN NASHVILLE POLICE DEPT,20220220433,Davidson,Nashville,5/5/2022 12:45:00 PM,2,0,0,36.040900,-86.779380,STONE BROOK DR,,,,0.00,,,OLD HICKORY BLVD,,,,0.00,Y,Four-Way, ,Intersection,None,,,         ,Gary,Sneed,Clear,Angle,no,no,no,no,no,False
103293011,METROPOLITAN NASHVILLE POLICE DEPT,20220220321,Davidson,Nashville,5/5/2022 11:15:00 AM,2,0,0,36.137440,-86.800770,21ST AVS,,,,48.00,Feet,South,WEDGEWOOD AV,,,,0.00,N,Not at Intersection,N,Non-Junction,None,,,         ,William,McDaniel,Cloudy,"Sideswipe, Same Direction",no,no,no,no,yes,Campus
103293034,VANDERBILT UNIVERSITY POLICE,220220439,Davidson,Nashville,5/5/2022 12:20:00 PM,2,0,0,36.137570,-86.800760,WEDGEWOOD AV,,,,0.00,,,21ST AVS,,,,0.00,Y,Four-Way,N,Intersection,None,,,         ,Scott,Johnson,Cloudy,Front to Rear,no,no,no,no,yes,Campus
103293038,METROPOLITAN NASHVILLE POLICE DEPT,20220220505,Davidson,Nashville,5/5/2022 11:10:00 AM,2,0,0,36.144220,-86.744110,FESSLERS LN,,,,160.00,Feet,South,ELM HILL PKE,,,,0.00,N,Not at Intersection,N,Non-Junction,None,,,         ,Donald,Davidson,Clear,Angle,no,no,no,no,no,False
103293040,METROPOLITAN NASHVILLE POLICE DEPT,20220219866,Davidson,Not in City Limit,5/5/2022 6:55:00 AM,1,0,0,36.152060,-86.950390,RIVER ROAD PKE,,,,677.00,Feet,South,RIVER ROAD PKE PVTDR,,,,0.00,N,Not at Intersection,N,Non-Junction,None,,,         ,Jonathan,Phipps,Clear,Not Collision with Motor Vehicle in Transport,no,no,no,no,no,False
103293051,METROPOLITAN NASHVILLE POLICE DEPT,20220220504,Davidson,Nashville,5/5/2022 10:06:00 AM,2,0,0,36.159910,-86.795530,CHARLOTTE AV,,,,43.00,Feet,West,15TH AVN,,,,0.00,N,Not at Intersection,N,Non-Junction,None,,,         ,D’Mitri,Mackall,Clear,"Sideswipe, Same Direction",no,no,no,no,yes,False
103293058,METROPOLITAN NASHVILLE POLICE DEPT,20220220275,Davidson,Nashville,5/5/2022 10:50:00 AM,1,0,0,36.187320,-86.823060,TSU CONNECTOR,,,,432.00,Feet,North,ED TEMPLE BLVD,,,,0.00,N,Not at Intersection, ,Non-Junction,None,,,         ,Jean,McCormack,Clear,Not Collision with Motor Vehicle in Transport,no,no,no,no,no,False
103293128,METROPOLITAN NASHVILLE POLICE DEPT,20220220526,Davidson,Not in City Limit,5/5/2022 1:36:00 PM,2,0,0,36.258560,-86.714370,MADISON ST,,,,50.00,Feet,West,DUVAL CT,,,,0.00,N,Not at Intersection,N,Non-Junction,None,,,         ,Christopher,Littles,Cloudy,"Sideswipe, Same Direction",no,no,no,no,yes,False
103293181,METROPOLITAN NASHVILLE POLICE DEPT,20220220200,Davidson,Nashville,5/5/2022 10:07:00 AM,2,0,0,36.163540,-86.813990,MORENA ST,,,,0.00,,,25TH AVN,,,,0.00,Y,OTHER, ,Intersection,None,,,         ,Freddirico,Pye,Clear,Front to Rear,no,no,no,no,no,False
103293184,METROPOLITAN NASHVILLE POLICE DEPT,20220220633,Davidson,Nashville,5/5/2022 2:37:00 PM,2,0,0,36.234830,-86.714850,BRILEY PKWYE,,,,61.00,Feet,East,BRUSH HILL RD,,,,0.00,N,Not at Intersection,N,Non-Junction,None,,,         ,Brian,Otto,Cloudy,Angle,no,no,no,no,yes,False
103293185,METROPOLITAN NASHVILLE POLICE DEPT,20220220597,Davidson,Nashville,5/5/2022 2:05:00 PM,2,0,0,36.044850,-86.668370,ARBOR COMMON,,,,0.00,,,BEECHWOOD TER,,,,0.00,Y,T-Intersection,N,Intersection-Related,None,,,         ,Stanley,Collins,Clear,Angle,no,no,no,no,yes,False
103293191,METROPOLITAN NASHVILLE POLICE DEPT,20220220457,Davidson,Nashville,5/5/2022 12:56:00 PM,1,1,0,36.090180,-86.868250,PAGE RD,,,,74.00,Feet,North,ALTON RD,,,,0.00,N,Not at Intersection,N,Non-Junction,None,,,         ,Darren,Key,Cloudy,Not Collision with Motor Vehicle in Transport,no,no,no,no,no,False
103293194,METROPOLITAN NASHVILLE POLICE DEPT,20220220568,Davidson,Nashville,5/5/2022 1:40:00 PM,3,0,0,36.131210,-86.778790,8TH AVS,,,,208.00,Feet,South,SOUTH DOUGLAS AV,,,,0.00,N,Not at Intersection,N,Non-Junction,None,,,         ,Lee,Davis,Clear,Front to Rear,no,no,no,no,no,False
103293207,METROPOLITAN NASHVILLE POLICE DEPT,20220219814,Davidson,Antioch,5/5/2022 7:00:00 AM,2,0,0,36.027710,-86.614830,OLD HICKORY BLVD,,,,1134.00,Feet,South,LOGISTICS WAY,,,,0.00,N,Not at Intersection, ,,None,,,         ,Thomas,White,,,no,no,no,no,no,False
103293230,GOODLETTSVILLE POLICE DEPT,22-13564,Davidson,Goodlettsville,5/5/2022 2:15:00 PM,2,0,0,36.305660,-86.703030,RIVERGATE PKWY,,,,0.00,Feet,,MEADOW LARK LN,,,,0.00,Y,Four-Way, ,Non-Junction,None,,,         ,George,Henry,Clear,Angle,no,no,no,no,no,False
103293231,METROPOLITAN NASHVILLE POLICE DEPT,20220220372,Davidson,Nashville,5/5/2022 12:02:00 PM,2,0,0,36.151420,-86.852730,CHARLOTTE AV,,,,194.00,Feet,West,MORROW RD,,,,0.00,N,Not at Intersection, ,Non-Junction,None,,,         ,Darren,Key,Cloudy,Front to Rear,no,no,no,no,no,False
103293243,METROPOLITAN NASHVILLE POLICE DEPT,20220220646,Davidson,Nashville,5/5/2022 2:48:00 PM,2,1,0,36.158730,-86.818530,CLIFTON AV,,,,0.00,Feet,West,28TH AVN,,,,0.00,N,Not at Intersection,N,Non-Junction,None,,,         ,D’Mitri,Mackall,Rain,Front to Rear,no,no,no,no,no,False
103293256,METROPOLITAN NASHVILLE POLICE DEPT,20220220718,Davidson,Nashville,5/5/2022 2:06:00 PM,2,0,0,36.172840,-86.765340,S 5TH ST,,,,0.00,,,SPRING ST,,,,0.00,Y,Four-Way,N,Intersection-Related,None,,,         ,Adam,Warren,Clear,"Sideswipe, Same Direction",no,no,no,no,yes,False
103293257,METROPOLITAN NASHVILLE POLICE DEPT,20220220643,Davidson,Nashville,5/5/2022 2:45:00 PM,3,0,0,36.120700,-86.807970,HILLSBORO PKE,,,,0.00,,,LOMBARDY AV,,,,0.00,Y,Four-Way, ,Intersection-Related,None,,,         ,Douglas,Atwood,Rain,"Sideswipe, Same Direction",no,no,no,no,no,False
103293267,METROPOLITAN NASHVILLE POLICE DEPT,20220218471,Davidson,Nashville,5/4/2022 3:00:00 PM,2,8,0,36.171060,-86.809930,21ST AVN,,,,0.00,,,HEIMAN ST,,,,0.00,Y,Four-Way,N,Intersection,None,,,         ,Jean,McCormack,Clear,Front to Rear,no,no,no,no,no,False
103293269,METROPOLITAN NASHVILLE POLICE DEPT,20220220618,Davidson,Nashville,5/5/2022 2:23:00 PM,2,1,0,36.168680,-86.821050,ED TEMPLE BLVD,,,,0.00,Feet,,SCOVEL ST,,,,0.00,Y,Four-Way,Y,Intersection-Related,None,,,         ,Joel,Bennett,Cloudy,Angle,no,no,no,no,no,False
103293273,METROPOLITAN NASHVILLE POLICE DEPT,20220220667,Davidson,Nashville,5/5/2022 3:08:00 PM,2,0,0,36.172430,-86.794810,10TH AVE N,,,,6.00,Feet,North,JEFFERSON ST,,,,0.00,N,Not at Intersection,N,Non-Junction,None,,,         ,Michael,Suagua,Rain,Front to Rear,no,no,no,no,yes,False
103293284,GOODLETTSVILLE POLICE DEPT,22-13562,Davidson,Goodlettsville,5/5/2022 1:26:00 PM,2,0,0,36.309530,-86.695690,STATE HWY 386,,,,0.00,Feet,East,CONFERENCE DR,,,,0.00,N,Not at Intersection, ,Entrance/Exit Ramp Related,None,,,         ,Nicholas,Given,Clear,Front to Rear,no,no,no,no,no,False
103293285,METROPOLITAN NASHVILLE POLICE DEPT,20220220716,Davidson,Nashville,5/5/2022 3:30:00 PM,2,0,0,36.169870,-86.675250,LEBANON PKE,,,,210.00,Feet,East,PARK DR,,,,0.00,N,Not at Intersection,N,Non-Junction,None,,,         ,Douglas,Mann,Cloudy,Front to Rear,no,no,no,no,yes,False
103293323,METROPOLITAN NASHVILLE POLICE DEPT,20220220812,Davidson,Nashville,5/5/2022 4:40:00 PM,2,0,0,36.150840,-86.692600,ELM HILL PKE,,,,0.00,,,SANBORN DR,,,,0.00,Y,T-Intersection,N,Non-Junction,None,,,         ,Evan,Grace,Rain,Front to Rear,no,no,no,no,no,False
103293324,METROPOLITAN NASHVILLE POLICE DEPT,20220220798,Davidson,Nashville,5/5/2022 4:34:00 PM,2,1,0,36.043970,-86.712520,NOLENSVILLE PKE,,,,0.00,,,,,,,0.00,,,N,Non-Junction,None,,,         ,Brian,Sherman,Rain,Front to Rear,no,no,no,yes,yes,False
103293337,METROPOLITAN NASHVILLE POLICE DEPT,20220220833,Davidson,Nashville,5/5/2022 5:04:00 PM,2,0,0,36.154630,-86.779160,LAFAYETTE ST,,,,0.00,,,8TH AVS,,,,0.00,Y,Roundabout, ,Non-Junction,None,,,         ,Douglas,Hart,Cloudy,Front to Rear,no,no,no,no,yes,False
103293339,METROPOLITAN NASHVILLE POLICE DEPT,20220220815,Davidson,Nashville,5/5/2022 3:41:00 PM,2,0,0,36.082100,-86.761700,HARDING PL,,,,0.00,,,SIDCO DR,,,,0.00,Y,Four-Way, ,Intersection,None,,,         ,Jack,Pfeiffer,Cloudy,Angle,no,no,no,no,no,False
103293343,METROPOLITAN NASHVILLE POLICE DEPT,20220220819,Davidson,Nashville,5/5/2022 4:52:00 PM,2,1,0,36.194970,-86.775570,I 65,,,,0.00,,,,,,,86.50,N,Not at Intersection,N,Non-Junction,None,,,         ,Adam,Warren,Rain,"Sideswipe, Same Direction",no,no,no,no,no,False
103293346,METROPOLITAN NASHVILLE POLICE DEPT,20220220763,Davidson,Nashville,5/5/2022 3:22:00 PM,2,0,0,36.070730,-86.634910,MURFREESBORO PKE,,,,560.00,Feet,South,BELL RD,,,,0.00,N,Not at Intersection, ,Non-Junction,None,,,         ,Andre,Williams,Clear,Front to Rear,no,no,no,no,no,False
103293350,METROPOLITAN NASHVILLE POLICE DEPT,20220220772,Davidson,Nashville,5/5/2022 4:11:00 PM,2,2,0,36.137200,-86.796950,WEDGEWOOD AV,,,,0.00,,,18TH AVS,,,,0.00,Y,Four-Way,N,Non-Junction,None,,,         ,Brady,Reynolds,"Cloudy, Rain",Angle,no,no,no,no,no,Campus
103293351,METROPOLITAN NASHVILLE POLICE DEPT,20220220753,Davidson,Nashville,5/5/2022 3:36:00 PM,2,0,0,36.049830,-86.673160,BLUE HOLE RD,,,,342.00,Feet,South,TIMBERLAKE CIR,,,,0.00,N,Not at Intersection, ,Non-Junction,None,,,         ,Megan,Arnett,Rain,Front to Rear,no,no,no,no,no,False
103293352,METROPOLITAN NASHVILLE POLICE DEPT,20220220820,Davidson,Nashville,5/5/2022 4:51:00 PM,3,0,0,36.169860,-86.808590,I 40,,,,0.00,,,,,,,207.15,N,Not at Intersection,N,Non-Junction,None,,,         ,Keegan,Winchell,Rain,Front to Rear,no,no,no,no,no,False
103293363,METROPOLITAN NASHVILLE POLICE DEPT,20220220829,Davidson,Not in City Limit,5/5/2022 5:00:00 PM,1,0,0,36.079580,-87.010830,NEWSOM STATION RD,,,,396.00,Feet,West,FARMINGTON PL,,,,0.00,N,Not at Intersection,N,Non-Junction,None,,,         ,Justin,Wells,Rain,Not Collision with Motor Vehicle in Transport,no,no,no,no,no,False
103293378,METROPOLITAN NASHVILLE POLICE DEPT,20220220736,Davidson,Nashville,5/5/2022 3:38:00 PM,3,0,0,36.154020,-86.765180,ACADEMY PL,,,,0.00,,,LINDSLEY AV,,,,0.00,Y,T-Intersection,N,Intersection,None,,,         ,James,Hill,Rain,Angle,no,no,no,no,no,False
103293387,METROPOLITAN NASHVILLE POLICE DEPT,20220220876,Davidson,Nashville,5/5/2022 5:36:00 PM,2,0,0,36.168680,-86.666910,LEBANON PKE,,,,0.00,Feet,North,J B ESTILLE DR,,,,0.00,N,Not at Intersection, ,Non-Junction,None,,,         ,Evan,Grace,Cloudy,Angle,no,no,no,no,no,False
103293389,METROPOLITAN NASHVILLE POLICE DEPT,20220220892,Davidson,Nashville,5/5/2022 5:04:00 PM,2,0,0,36.156240,-86.785600,11TH AVS,,,,54.00,Feet,North,MCGAVOCK ST,,,,0.00,N,Not at Intersection, ,Non-Junction,None,,,         ,Douglas,Hart,Cloudy,"Sideswipe, Same Direction",no,no,no,no,no,False
103293393,METROPOLITAN NASHVILLE POLICE DEPT,20220220814,Davidson,Nashville,5/5/2022 3:00:00 PM,2,0,0,36.142060,-86.676090,I 40,,,,0.00,,,,,,,216.00,N,Not at Intersection,N,Non-Junction,None,,,         ,Donovan,Coble,"Cloudy, Rain",Front to Rear,no,no,no,no,no,False
103293398,METROPOLITAN NASHVILLE POLICE DEPT,20220220901,Davidson,Nashville,5/5/2022 5:48:00 PM,2,1,0,36.190150,-86.709080,COLBERT DR,,,,0.00,,,ROSEBANK AV,,,,0.00,Y,Four-Way,N,Intersection,None,,,         ,Adam,Warren,Rain,Angle,no,no,no,no,no,False
103293399,METROPOLITAN NASHVILLE POLICE DEPT,20220220673,Davidson,Nashville,5/5/2022 3:11:00 PM,2,2,0,36.209840,-86.776050,I 65,,,,0.00,,,,,,,87.55,N,Not at Intersection,N,Non-Junction,None,,,         ,Gabriel,Centeno,"Cloudy, Rain",Front to Rear,no,no,no,no,no,False
103293401,METROPOLITAN NASHVILLE POLICE DEPT,20220220932,Davidson,Nashville,5/5/2022 6:23:00 PM,1,2,0,36.238390,-86.783690,I24 W ENT RAMP,,,,0.00,Feet,East,I 24,,,,0.00,N,Not at Intersection,N,Entrance/Exit Ramp Related,None,,,         ,Kyle,Eicholtz,Rain,Not Collision with Motor Vehicle in Transport,no,no,no,no,no,False
103293413,METROPOLITAN NASHVILLE POLICE DEPT,20220220773,Davidson,Nashville,5/5/2022 2:49:00 PM,3,1,0,36.155140,-86.861270,ROBERTSON AV,,,,0.00,,,LOVELL ST,,,,0.00,Y,T-Intersection,Y,Intersection,None,,,         ,Bryant,Howland,Rain,Front to Rear,no,no,no,no,no,False
103293417,METROPOLITAN NASHVILLE POLICE DEPT,20220220896,Davidson,Antioch,5/5/2022 5:58:00 PM,2,1,0,36.070850,-86.635060,MURFREESBORO PKE,,,,498.00,Feet,South,BELL RD,,,,0.00,N,Not at Intersection,N,Non-Junction,None,,,         ,Brandon,Simpkins,Rain,Angle,no,no,no,no,no,False
103293423,METROPOLITAN NASHVILLE POLICE DEPT,20220220817,Davidson,Nashville,5/5/2022 4:52:00 PM,1,0,0,36.148640,-86.761880,LAFAYETTE ST,,,,189.00,Feet,East,CHARLES E DAVIS BLVD,,,,0.00,N,Not at Intersection, ,Non-Junction,None,,,         ,Douglas,Mann,Cloudy,Not Collision with Motor Vehicle in Transport,yes,no,no,no,no,False
103293424,METROPOLITAN NASHVILLE POLICE DEPT,20220220934,Davidson,Nashville,5/5/2022 6:22:00 PM,2,0,0,36.063270,-86.645070,RURAL HILL RD,,,,571.00,Feet,North,HICKORY HIGHLANDS DR,,,,0.00,N,Not at Intersection,N,Non-Junction,None,,,         ,Nadine,Klemenz,Cloudy,"Sideswipe, Opposite Direction",no,no,no,yes,yes,False
103293426,METROPOLITAN NASHVILLE POLICE DEPT,20220220941,Davidson,Nashville,5/5/2022 6:32:00 PM,1,1,0,36.123440,-86.743860,FOX AV,,,,114.00,Feet,North,ROSE ST,,,,0.00,N,Not at Intersection,N,Non-Junction,None,,,         ,Parker,Vegas,Clear,Not Collision with Motor Vehicle in Transport,no,no,no,no,no,False
103293442,METROPOLITAN NASHVILLE POLICE DEPT,20220220935,Davidson,Nashville,5/5/2022 6:25:00 PM,2,0,0,36.174140,-86.808570,DR D B TODD JR BLVD,,,,60.00,Feet,South,FORMOSA ST,,,,0.00,N,Not at Intersection,N,Non-Junction,None,,,         ,Austin,Bowles,"Cloudy, Rain",Angle,no,no,no,no,no,False
103293445,METROPOLITAN NASHVILLE POLICE DEPT,20220220989,Davidson,Antioch,5/5/2022 7:03:00 PM,2,1,0,36.059140,-86.622280,MURFREESBORO PKE,,,,1694.00,Feet,South,MT VIEW RD,,,,0.00,N,Not at Intersection,N,Non-Junction,None,,,         ,Brandon,Simpkins,Rain,Front to Rear,no,no,no,no,no,False
103293449,METROPOLITAN NASHVILLE POLICE DEPT,20220220848,Davidson,Nashville,5/5/2022 5:00:00 PM,1,1,0,36.144570,-86.816510,31ST AVN,,,,19.00,Feet,South,POSTON AV,,,,0.00,N,Not at Intersection,N,Non-Junction,None,,,         ,Nicholas,Carroll,Rain,Not Collision with Motor Vehicle in Transport,no,no,no,no,no,Campus
103293458,METROPOLITAN NASHVILLE POLICE DEPT,20220220692,Davidson,Nashville,5/5/2022 3:05:00 PM,2,0,0,36.100970,-86.870820,HARDING PKE,,,,247.00,Feet,North,PAGE RD,,,,0.00,N,Not at Intersection,N,Non-Junction,None,,,         ,Jeremy,Huffine,Rain,Angle,no,no,no,no,no,False
103293463,METROPOLITAN NASHVILLE POLICE DEPT,20220220800,Davidson,Nashville,5/5/2022 4:36:00 PM,2,2,0,36.167430,-86.787010,ROSA L PARKS BLVD,,,,0.00,Feet,,JAMES ROBERTSON PKWY,,,,0.00,Y,T-Intersection,N,Intersection,None,,,         ,Ralph,Gault,"Cloudy, Rain",Front to Rear,no,no,no,no,no,False
103293473,METROPOLITAN NASHVILLE POLICE DEPT,20220220823,Davidson,Nashville,5/5/2022 3:23:00 PM,2,0,0,36.200360,-86.776400,I 65,,,,0.00,,,,,,,86.90,N,Not at Intersection,N,Non-Junction,None,,,         ,Charles,Large,Clear,Not Collision with Motor Vehicle in Transport,no,no,no,no,no,False
103293493,METROPOLITAN NASHVILLE POLICE DEPT,20220220779,Davidson,Nashville,5/5/2022 4:17:00 PM,2,2,0,36.059720,-86.670990,HICKORY HOLLOW PKWY,,,,0.00,,,UNA ANTIOCH PKE,,,,0.00,Y,T-Intersection,N,Intersection,None,,,         ,Megan,Arnett,Rain,Angle,no,no,no,no,no,False
103293494,METROPOLITAN NASHVILLE POLICE DEPT,20220220922,Davidson,Nashville,5/5/2022 3:30:00 PM,2,0,0,36.061080,-86.685150,CIMARRON WAY,,,,238.00,Feet,East,ALGONQUIN TRL,,,,0.00,N,Not at Intersection,N,Non-Junction,None,,,         ,Adam,Kauffman,"Cloudy, Rain",Front to Rear,no,no,no,no,no,False
103293496,METROPOLITAN NASHVILLE POLICE DEPT,20220221063,Davidson,Nashville,5/5/2022 7:37:00 PM,1,0,0,36.160860,-86.777570,BROADWAY,,,,124.00,Feet,West,4TH AVN,,,,0.00,N,Not at Intersection, ,Non-Junction,None,,,         ,Lisa,Beck,Cloudy,Not Collision with Motor Vehicle in Transport,yes,no,no,no,no,False
103293510,METROPOLITAN NASHVILLE POLICE DEPT,20220221103,Davidson,Nashville,5/5/2022 7:55:00 PM,2,0,0,36.230330,-86.743800,BROADMOOR DR,,,,0.00,,,LEMONT DR,,,,0.00,Y,Four-Way,Y,Intersection-Related,None,,,         ,Ty,Cummings,Clear,Angle,no,no,no,no,no,False
103293540,METROPOLITAN NASHVILLE POLICE DEPT,20220220875,Davidson,Nashville,5/5/2022 5:20:00 PM,3,1,0,36.201150,-86.747020,DELMAS AV,,,,409.00,Feet,East,SPAIN AV,,,,0.00,N,Not at Intersection,N,Non-Junction,None,,,         ,Kelsey,Hemminger,Rain,Other,no,no,no,no,no,False
103293549,METROPOLITAN NASHVILLE POLICE DEPT,20220220758,Davidson,Nashville,5/5/2022 2:40:00 PM,2,0,0,36.040280,-86.768370,OLD HICKORY BLVD,,,,0.00,,,SEVEN SPRINGS WAY,,,,0.00,Y,Four-Way,N,Intersection,None,,,         ,Flynn,Ireland,Rain,HeadOn,no,no,no,no,no,False
103293558,METROPOLITAN NASHVILLE POLICE DEPT,20220220677,Davidson,Nashville,5/5/2022 2:28:00 PM,3,0,0,36.074390,-86.724720,NOLENSVILLE PKE,,,,126.00,Feet,North,GOINS RD,,,,0.00,N,Not at Intersection, ,Non-Junction,None,,,         ,Keith,Parlato,"Cloudy, Rain",Front to Rear,no,no,no,no,no,False
103293571,METROPOLITAN NASHVILLE POLICE DEPT,20220221193,Davidson,Nashville,5/5/2022 8:52:00 PM,1,0,0,36.154730,-86.831270,I 40,,,,0.00,,,,,,,205.40,N,Not at Intersection,N,Non-Junction,None,,,         ,Jeremy,Huffine,Cloudy,Not Collision with Motor Vehicle in Transport,no,no,no,no,no,False
103293594,METROPOLITAN NASHVILLE POLICE DEPT,20220221178,Davidson,Nashville,5/5/2022 8:35:00 PM,2,0,0,36.173790,-86.762840,MAIN ST,,,,6.00,Feet,West,N 6TH ST,,,,0.00,N,Not at Intersection,N,Non-Junction,None,,,         ,Zachary,Carter,Cloudy,HeadOn,no,no,no,no,no,False
103293604,METROPOLITAN NASHVILLE POLICE DEPT,20220221340,Davidson,Nashville,5/5/2022 9:40:00 PM,2,1,0,36.033960,-86.642140,I 24,,,,0.00,,,,,,,60.65,N,Not at Intersection,N,Non-Junction,Construction Zone,Laneclosure,Transition Area,         ,Nathaniel,Myers,Rain,Front to Rear,no,no,no,no,no,False
103293605,METROPOLITAN NASHVILLE POLICE DEPT,20220221261,Davidson,Nashville,5/5/2022 12:00:00 AM,2,0,0,36.200320,-86.618550,LEBANON PKE PVTDR,,,,13.00,Feet,East,LEBANON PKE,,,,0.00,N,Not at Intersection,N,Non-Junction,None,,,         ,Jacob,Snyder,,Angle,no,no,no,no,no,False
103293607,METROPOLITAN NASHVILLE POLICE DEPT,20220221077,Davidson,Nashville,5/5/2022 2:45:00 PM,1,0,0,36.061850,-86.721450,WHISPERING HILLS DR,,,,258.00,Feet,North,MCMURRAY DR,,,,0.00,N,Not at Intersection,N,Non-Junction,None,,,         ,Flynn,Ireland,Clear,Not Collision with Motor Vehicle in Transport,no,no,no,no,yes,False
103293608,METROPOLITAN NASHVILLE POLICE DEPT,20220221283,Davidson,Antioch,5/5/2022 9:34:00 PM,5,2,0,36.021710,-86.628460,I 24,,,,0.00,,,,,,,61.90,N,Not at Intersection,N,Non-Junction,None,,,         ,Brandon,Simpkins,Rain,Angle,no,no,no,no,no,False
103293611,METROPOLITAN NASHVILLE POLICE DEPT,20220221265,Davidson,Nashville,5/5/2022 8:45:00 PM,2,0,0,36.037600,-86.785120,I65 S ENT RAMP,,,,0.00,,,OLD HICKORY BLVD,,,,0.00,Y,OTHER,Y,Intersection,None,,,         ,Laura,Williams,Cloudy,Angle,no,no,no,no,no,False
103293617,METROPOLITAN NASHVILLE POLICE DEPT,20220220902,Davidson,Nashville,5/5/2022 5:12:00 PM,2,0,0,36.142160,-86.776690,I 65,,,,0.00,,,,,,,82.00,N,Not at Intersection,N,Non-Junction,None,,,         ,Brady,Reynolds,Cloudy,"Sideswipe, Same Direction",no,no,no,no,yes,False
103293620,METROPOLITAN NASHVILLE POLICE DEPT,20220221066,Davidson,Nashville,5/5/2022 12:00:00 AM,2,0,0,36.066060,-86.738120,BREWER DR,,,,0.00,,,EDMONDSON PKE,,,,0.00,Y,Four-Way,N,Intersection,None,,,         ,Jack,Pfeiffer,Cloudy,HeadOn,no,no,no,no,no,False
103293621,METROPOLITAN NASHVILLE POLICE DEPT,20220220696,Davidson,Nashville,5/5/2022 3:26:00 PM,2,0,0,36.179650,-86.798340,DELTA AV,,,,23.00,Feet,East,GARFIELD ST,,,,0.00,N,Not at Intersection,N,Non-Junction,None,,,         ,Lucas,Thomas,Rain,Angle,no,no,no,no,yes,False
103293625,METROPOLITAN NASHVILLE POLICE DEPT,20220221549,Davidson,Nashville,5/5/2022 10:45:00 PM,2,0,0,36.147300,-86.757920,LAFAYETTE ST,,,,0.00,Feet,,FAIRFIELD AV,,,,0.00,Y,Four-Way, ,Intersection-Related,None,,,         ,Douglas,Mann,,Front to Rear,no,no,no,no,no,False
103293626,METROPOLITAN NASHVILLE POLICE DEPT,20220220923,Davidson,Nashville,5/5/2022 5:30:00 PM,2,0,0,36.226310,-86.603190,SHUTE LN,,,,0.00,,,SAUNDERSVILLE RD,,,,0.00,Y,T-Intersection,N,Intersection,None,,,         ,Christian,Vanders,,Front to Rear,no,no,no,no,no,False
103293633,METROPOLITAN NASHVILLE POLICE DEPT,20220221516,Davidson,Nashville,5/5/2022 10:40:00 PM,2,0,0,36.163880,-86.779100,4TH AVN,,,,79.00,Feet,North,CHURCH ST,,,,0.00,N,Not at Intersection,N,Non-Junction,None,,,         ,James,Hill,Rain,Angle,no,no,no,no,yes,False
103293647,METROPOLITAN NASHVILLE POLICE DEPT,20220221482,Davidson,Nashville,5/5/2022 11:01:00 PM,2,2,0,36.072820,-86.645860,RICE RD,,,,339.00,Feet,East,EDGE O LAKE DR,,,,0.00,N,Not at Intersection,N,Non-Junction,None,,,         ,Holly,Davis,Rain,Not Collision with Motor Vehicle in Transport,no,no,no,no,yes,False