master_record_number,agency,agency_tracking_number,county,city,collision_date,vehicles_involved,number_injured,number_dead,latitude,longitude,roadway_name,roadway_suffix,roadway_number,roadway_local_id,distance_from_reference,miles-feet_indicator,direction_from_reference,intersection_road_name,intersection_road_name_suffix,intersection_road_number,intersection_local_id,mile_marker,intersection_indicator,intersect_type,interchange_related_indicator,relation_to_junction,work_zone_type,construction_maintenance_zone,construction_maintenance_zone_location,fatal_case_number,officer_first_name,officer_last_name,weather_condition(s),manner_of_crash,pedestrian,bicycle,scooter,parking,hitrun,mou
103297137,GOODLETTSVILLE POLICE DEPT,22-14018,Davidson,Goodlettsville,5/9/2022 7:19:00 PM,1,0,0,36.326010,-86.705560,E CEDAR ST,,,,533.00,Feet,East,CARTWRIGHT ST,,,,0.00,N,Not at Intersection,N,"Driveway, Alley Access, etc",None,,,         ,Shane,Farrell,Clear,Not Collision with Motor Vehicle in Transport,no,no,no,no,no,False
103297160,METROPOLITAN NASHVILLE POLICE DEPT,20220227923,Davidson,Nashville,5/9/2022 8:57:00 PM,2,0,0,36.143560,-86.873770,CHARLOTTE PKE,,,,184.00,Feet,North,CHARLOTTE ROAD CIR,,,,0.00,N,Not at Intersection, ,Non-Junction,None,,,         ,Brandon,Pedigo,Clear,Angle,no,no,no,no,no,False
103297176,METROPOLITAN NASHVILLE POLICE DEPT,20220228026,Davidson,Nashville,5/9/2022 9:40:00 PM,2,0,0,36.148820,-86.666280,DONELSON PKE,,,,3.00,Feet,North,ELM HILL PKE,,,,0.00,N,Not at Intersection,N,Non-Junction,None,,,         ,Zacarias,Brito Jr.,Clear,Front to Rear,no,no,no,no,no,False
103297199,METROPOLITAN NASHVILLE POLICE DEPT,20220228110,Davidson,Nashville,5/8/2022 3:30:00 PM,2,0,0,36.132960,-86.796580,PORTLAND AV,,,,184.00,Feet,East,18TH AVS,,,,0.00,N,Not at Intersection,N,Non-Junction,None,,,         ,Dallas,Johnson,,Angle,no,no,no,no,yes,False
103297204,METROPOLITAN NASHVILLE POLICE DEPT,20220228220,Davidson,Nashville,5/9/2022 10:40:00 PM,2,0,0,36.140600,-86.720140,I 40,,,,0.00,,,,,,,213.40,N,Not at Intersection,N,Non-Junction,None,,,         ,Reagan,Heath,Clear,"Sideswipe, Same Direction",no,no,no,no,yes,False
103297206,METROPOLITAN NASHVILLE POLICE DEPT,20220227994,Davidson,Nashville,5/9/2022 5:37:00 PM,2,0,0,36.203820,-86.738380,GALLATIN PKE,,,,41.00,Feet,South,LELAND AV,,,,0.00,N,Not at Intersection,N,Non-Junction,None,,,         ,Spencer,Arroyo,Clear,Front to Rear,no,no,no,no,yes,False
103297213,METROPOLITAN NASHVILLE POLICE DEPT,20220228188,Davidson,Not in City Limit,5/9/2022 10:38:00 PM,1,1,0,36.275000,-86.752670,DICKERSON PKE,,,,1009.00,Feet,East,YOEST DR,,,,0.00,N,Not at Intersection,N,Non-Junction,None,,,         ,Paul,Hughes II,Clear,Not Collision with Motor Vehicle in Transport,yes,no,no,no,yes,False
103297223,METROPOLITAN NASHVILLE POLICE DEPT,20220226167,Davidson,Nashville,5/8/2022 11:19:00 PM,1,0,0,36.157650,-86.773410,KOREAN VETERANS BLVD,,,,0.00,,,3RD AVS,,,,0.00,Y,Four-Way,N,Intersection,None,,,         ,Blake,Lutz,Clear,Not Collision with Motor Vehicle in Transport,no,no,no,no,no,False
103297224,METROPOLITAN NASHVILLE POLICE DEPT,20220228258,Davidson,Nashville,5/9/2022 11:08:00 PM,2,0,0,36.151780,-86.768590,I40 W EXT RAMP,,,,0.00,,,I 40,,,,0.00,Y,Four-Way, ,Intersection,None,,,         ,Blake,Lutz,Clear,Front to Rear,no,no,no,no,no,False
103297225,METROPOLITAN NASHVILLE POLICE DEPT,20220228132,Davidson,Not in City Limit,5/9/2022 12:00:00 AM,1,1,0,36.263830,-86.704460,DELAWARE AV,,,,3.00,Feet,North,STATE RT 45,,,,0.00,N,Not at Intersection,N,Non-Junction,None,,,         ,Zachary,Smith,Clear,Not Collision with Motor Vehicle in Transport,yes,no,no,no,yes,False
103297233,METROPOLITAN NASHVILLE POLICE DEPT,20220228210,Davidson,Nashville,5/9/2022 10:51:00 PM,2,1,0,36.086810,-86.694090,HARDING PL,,,,550.00,Feet,East,METROPLEX DR,,,,0.00,N,Not at Intersection,N,Non-Junction,None,,,         ,Michael,Hones,Clear,Angle,no,no,no,no,no,False
103297234,METROPOLITAN NASHVILLE POLICE DEPT,20220228224,Davidson,Nashville,5/9/2022 10:10:00 PM,1,0,0,36.151900,-86.779260,8TH AVS,,,,41.00,Feet,North,GLEAVES ST,,,,0.00,N,Not at Intersection, ,,None,,,         ,Kency,Le,,,no,no,no,no,no,False
103297239,METROPOLITAN NASHVILLE POLICE DEPT,20220228285,Davidson,Nashville,5/9/2022 10:41:00 PM,2,0,0,36.109450,-86.728050,BRILEY PKWYN,,,,0.00,,,BRILEY PKWYS,,,,0.00,Y,Four-Way, ,Intersection-Related,None,,,         ,Jerrod,Kalinsky,Clear,Angle,no,no,no,no,no,False
103297242,METROPOLITAN NASHVILLE POLICE DEPT,20220227987,Davidson,Nashville,5/9/2022 7:00:00 PM,2,0,0,36.046020,-86.657930,COLLINS PARK DR,,,,0.00,,,BELL RD,,,,0.00,Y,Four-Way,N,Intersection,None,,,         ,Jerre,Fly,Clear,Front to Rear,no,no,no,no,yes,False
103297253,METROPOLITAN NASHVILLE POLICE DEPT,20220228118,Davidson,Nashville,5/9/2022 10:18:00 PM,2,0,0,36.142040,-86.675730,I 40,,,,0.00,,,,,,,216.05,N,Not at Intersection, ,Non-Junction,None,,,         ,Dylan,Colquhoun,Clear,Front to Rear,no,no,no,no,no,False
103297260,METROPOLITAN NASHVILLE POLICE DEPT,20220228229,Davidson,Nashville,5/9/2022 4:10:00 AM,1,0,0,36.114420,-86.747040,NOLENSVILLE PKE,,,,66.00,Feet,South,CENTRAL AV,,,,0.00,N,Not at Intersection, ,Non-Junction,None,,,         ,Brian,Hickman,Clear,Not Collision with Motor Vehicle in Transport,no,no,no,no,no,False
103297266,METROPOLITAN NASHVILLE POLICE DEPT,20220228456,Davidson,Nashville,5/10/2022 12:39:00 AM,2,1,0,36.203550,-86.738530,GALLATIN PKE,,,,0.00,,,E TRINITY LN,,,,0.00,Y,T-Intersection,N,Intersection-Related,None,,,         ,Nicholas,Cochran,Clear,Angle,no,no,no,no,yes,False
103297268,METROPOLITAN NASHVILLE POLICE DEPT,20220228516,Davidson,Nashville,5/10/2022 2:29:00 AM,1,0,0,36.093300,-86.698720,ANTIOCH PKE,,,,1265.00,Feet,North,HARDING INDUSTRIAL DR,,,,0.00,N,Not at Intersection,N,Non-Junction,None,,,         ,Jerrod,Kalinsky,Clear,Unknown,no,no,no,no,yes,False
103297287,METROPOLITAN NASHVILLE POLICE DEPT,20220228531,Davidson,Nashville,5/10/2022 12:00:00 AM,2,0,0,36.139030,-86.727050,I 24,,,,0.00,,,,,,,52.30,N,Not at Intersection, ,Non-Junction,None,,,         ,Jack,Burke,Clear,Angle,no,no,no,no,no,False
103297326,METROPOLITAN NASHVILLE POLICE DEPT,20220228685,Davidson,Nashville,5/10/2022 6:19:00 AM,2,0,0,36.089070,-86.649990,RANSOM PL,,,,0.00,,,MURFREESBORO PKE,,,,0.00,Y,Four-Way,N,Intersection-Related,None,,,         ,Samuel,Fredericks,Cloudy,Front to Rear,no,no,no,no,yes,False
103297348,METROPOLITAN NASHVILLE POLICE DEPT,20220228717,Davidson,Nashville,5/10/2022 6:33:00 AM,2,0,0,36.239140,-86.777420,BRILEY PKWYW,,,,337.00,Feet,East,BRILEY PKWYE,,,,0.00,N,Not at Intersection,N,Non-Junction,None,,,         ,Christopher,Littles,Clear,"Sideswipe, Same Direction",no,no,no,no,no,False
103297352,METROPOLITAN NASHVILLE POLICE DEPT,20220228680,Davidson,Nashville,5/10/2022 6:00:00 AM,2,0,0,36.144660,-86.623880,LINCOYA BAY DR,,,,0.00,,,,,,,0.00,,, ,,None,,,         ,Michael,Brooks,,,no,no,no,yes,no,False
103297361,METROPOLITAN NASHVILLE POLICE DEPT,20220228786,Davidson,Antioch,5/10/2022 7:22:00 AM,2,0,0,36.013440,-86.620690,I24 E EXT RAMP,,,,0.00,Feet,,OLD HICKORY BLVD,,,,0.00,Y,Four-Way,N,Entrance/Exit Ramp Related,None,,,         ,Patrick,Martin,Cloudy,"Sideswipe, Same Direction",no,no,no,no,yes,False
103297371,METROPOLITAN NASHVILLE POLICE DEPT,20220228756,Davidson,Nashville,5/10/2022 7:06:00 AM,2,0,0,36.204780,-86.776670,I 65,,,,0.00,,,,,,,87.20,N,Not at Intersection, ,Non-Junction,None,,,         ,James,Wray,Clear,Front to Rear,no,no,no,no,yes,False
103297372,METROPOLITAN NASHVILLE POLICE DEPT,20220228678,Davidson,Nashville,5/10/2022 6:15:00 AM,2,0,0,36.158100,-86.799870,CHARLOTTE AV,,,,0.00,Feet,,18TH AVN,,,,0.00,Y,Four-Way,N,Intersection,None,,,         ,Jordan,Vrbas,Cloudy,Angle,no,no,no,no,no,False
103297385,METROPOLITAN NASHVILLE POLICE DEPT,20220227633,Davidson,Nashville,5/9/2022 5:13:00 PM,2,1,0,36.077470,-86.773060,US HWY 31,,,,0.00,Feet,,TYNE BLVD,,,,0.00,Y,Four-Way,N,Intersection,None,,,         ,Samuel,Corkins,Clear,"Sideswipe, Opposite Direction",no,no,no,no,no,False
103297390,METROPOLITAN NASHVILLE POLICE DEPT,20220228791,Davidson,Nashville,5/10/2022 7:37:00 AM,2,1,0,36.169390,-86.579860,I 40,,,,0.00,,,,,,,222.00,N,Not at Intersection,N,Non-Junction,None,,,         ,Michael,Brooks,Cloudy,Front to Rear,no,no,no,no,no,False
103297391,METROPOLITAN NASHVILLE POLICE DEPT,20220228796,Davidson,Nashville,5/10/2022 7:21:00 AM,2,0,0,36.041020,-86.650120,I24 W ENT RAMP,,,,0.00,Feet,East,I 24,,,,0.00,N,Not at Intersection,N,Entrance/Exit Ramp Related,None,,,         ,Beri,Scott,Clear,Front to Rear,no,no,no,no,no,False
103297392,GOODLETTSVILLE POLICE DEPT,22-14067,Davidson,Goodlettsville,5/10/2022 6:40:00 AM,2,2,0,36.309500,-86.689130,VIETNAM VETERANS BLVDS,,,,617.00,Feet,South,VIETNAM VETERANS BLVD SB EXT R,,,,0.00,N,Not at Intersection,N,Non-Junction,None,,,         ,Benny,Alexander,Clear,Front to Rear,no,no,no,no,no,False
103297421,METROPOLITAN NASHVILLE POLICE DEPT,20220228904,Davidson,Nashville,5/10/2022 7:39:00 AM,2,0,0,36.206680,-86.778430,HAMPTON ST,,,,3.00,Feet,North,W TRINITY LN,,,,0.00,N,Not at Intersection,N,Non-Junction,None,,,         ,Ryan,Worstall,Clear,"Sideswipe, Opposite Direction",no,no,no,no,yes,False
103297430,METROPOLITAN NASHVILLE POLICE DEPT,20220228836,Davidson,Nashville,5/10/2022 8:08:00 AM,2,1,0,36.177060,-86.800970,I40 W ENT RAMP,,,,0.00,Feet,East,I 65,,,,0.00,N,Not at Intersection,N,Non-Junction,None,,,         ,Sean,Herman,Clear,Front to Rear,no,no,no,no,no,False
103297433,METROPOLITAN NASHVILLE POLICE DEPT,20220228939,Davidson,Nashville,5/10/2022 9:05:00 AM,2,0,0,36.137860,-86.820640,WEST END AV,,,,0.00,,,I440 W EXT RAMP,,,,0.00,Y,OTHER, ,Non-Junction,None,,,         ,Sekou,Samassi,Clear,Angle,no,no,no,no,no,False
103297458,METROPOLITAN NASHVILLE POLICE DEPT,20220228996,Davidson,Nashville,5/10/2022 9:15:00 AM,2,0,0,36.086560,-86.691550,ANTIOCH PKE,,,,371.00,Feet,South,HARDING PL,,,,0.00,N,Not at Intersection, ,Non-Junction,None,,,         ,Beri,Scott,Clear,Front to Rear,no,no,no,no,no,False
103297469,METROPOLITAN NASHVILLE POLICE DEPT,20220229085,Davidson,Goodlettsville,5/9/2022 4:03:00 PM,1,0,0,36.370730,-86.731890,GRACELAND DR,,,,218.00,Feet,West,NORMERLE DR,,,,0.00,N,Not at Intersection,N,Non-Junction,None,,,         ,Christopher,Littles,Clear,Not Collision with Motor Vehicle in Transport,no,no,no,yes,yes,False
103297470,METROPOLITAN NASHVILLE POLICE DEPT,20220228922,Davidson,Nashville,5/10/2022 7:40:00 AM,2,0,0,36.122000,-86.727470,I 24,,,,0.00,,,,,,,52.75,N,Not at Intersection,N,Non-Junction,None,,,         ,John,Walden,Clear,"Sideswipe, Same Direction",no,no,no,no,yes,False
103297471,METROPOLITAN NASHVILLE POLICE DEPT,20220228712,Davidson,Nashville,5/10/2022 6:38:00 AM,4,1,0,36.109450,-86.728050,BRILEY PKWYN,,,,0.00,Feet,,BRILEY PKWYS,,,,0.00,Y,Four-Way,N,Intersection,None,,,         ,Kevin,Coleman,Clear,Not Collision with Motor Vehicle in Transport,no,no,no,no,no,False
103297472,METROPOLITAN NASHVILLE POLICE DEPT,20220228735,Davidson,Antioch,5/10/2022 6:46:00 AM,2,1,0,36.047840,-86.612050,MURFREESBORO PKE,,,,1284.00,Feet,North,MOUNTAIN SPRINGS RD,,,,0.00,N,Not at Intersection,N,Non-Junction,None,,,         ,Thomas,White,Clear,Angle,no,no,no,no,no,False
103297487,METROPOLITAN NASHVILLE POLICE DEPT,22020229045,Davidson,Nashville,5/10/2022 10:00:00 AM,2,0,0,36.171430,-86.769040,INTERSTATE DR,,,,0.00,,,JAMES ROBERTSON PKWY,,,,0.00,Y,Four-Way,N,Intersection,None,,,         ,Byron,Carter,Clear,Front to Rear,no,no,no,no,yes,False
103297539,METROPOLITAN NASHVILLE POLICE DEPT,20220229140,Davidson,Nashville,5/10/2022 10:21:00 AM,3,0,0,36.034060,-86.642260,I 24,,,,0.00,,,,,,,60.65,N,Not at Intersection, ,,None,,,         ,Patrick,Martin,,,no,no,no,no,no,False
103297540,METROPOLITAN NASHVILLE POLICE DEPT,20220229198,Davidson,Nashville,5/10/2022 12:00:00 PM,2,0,0,36.046220,-86.657670,BELL RD,,,,107.00,Feet,East,COLLINS PARK DR,,,,0.00,N,Not at Intersection, ,Non-Junction,None,,,         ,Thomas,White,Clear,Front to Rear,no,no,no,no,no,False
103297574,METROPOLITAN NASHVILLE POLICE DEPT,20220229221,Davidson,Nashville,5/10/2022 12:05:00 PM,1,0,0,36.150800,-86.855260,CHARLOTTE PKE,,,,255.00,Feet,West,CHARLOTTE AV,,,,0.00,N,Not at Intersection, ,"Driveway, Alley Access, etc",None,,,         ,Robert,Allen,Clear,Not Collision with Motor Vehicle in Transport,no,no,no,yes,no,False
103297584,METROPOLITAN NASHVILLE POLICE DEPT,20220229230,Davidson,Goodlettsville,5/10/2022 12:20:00 PM,2,0,0,36.302750,-86.691850,GALLATIN PKEN,,,,0.00,,,RIVERGATE MARKETPLACE PVTDR,,,,0.00,Y,Four-Way, ,Intersection,None,,,         ,William,Coy,Clear,Angle,no,no,no,no,no,False
103297619,METROPOLITAN NASHVILLE POLICE DEPT,20220229317,Davidson,Not in City Limit,5/10/2022 1:13:00 PM,2,0,0,36.264280,-86.711490,GALLATIN PKEN,,,,0.00,,,OLD TIME VILLAGE PVTDR,,,,0.00,Y,T-Intersection,N,Intersection,None,,,         ,Christopher,Littles,Clear,Angle,no,no,no,no,no,False
103297621,METROPOLITAN NASHVILLE POLICE DEPT,20220229212,Davidson,Nashville,5/10/2022 12:04:00 PM,2,1,0,36.215130,-86.599970,LEBANON PKE,,,,440.00,Feet,North,ANDREW JACKSON PKWY,,,,0.00,N,Not at Intersection,N,Non-Junction,None,,,         ,Ian,Hammond,Clear,Angle,no,no,no,no,no,False
103297634,METROPOLITAN NASHVILLE POLICE DEPT,20220229303,Davidson,Nashville,5/10/2022 1:00:00 PM,2,1,0,36.057290,-86.676780,I 24,,,,0.00,,,,,,,58.10,N,Not at Intersection,N,Non-Junction,None,,,         ,Patrick,Martin,Clear,Front to Rear,no,no,no,no,yes,False
103297663,METROPOLITAN NASHVILLE POLICE DEPT,20220229337,Davidson,Nashville,5/10/2022 1:20:00 PM,2,0,0,36.121740,-86.750580,NOLENSVILLE PKE,,,,0.00,,,I440 E EXT RAMP,,,,0.00,Y,OTHER,N,Entrance/Exit Ramp Related,None,,,         ,Justin,Pinkelton,Clear,Front to Rear,no,no,no,no,yes,False
103297679,GOODLETTSVILLE POLICE DEPT,22-14089,Davidson,Goodlettsville,5/10/2022 1:26:00 PM,2,0,0,36.325170,-86.701700,LONG HOLLOW PKE,,,,27.00,Feet,North,E CEDAR ST,,,,0.00,N,Not at Intersection, ,Non-Junction,None,,,         ,Benny,Alexander,Clear,"Sideswipe, Same Direction",no,no,no,no,no,False
103297681,METROPOLITAN NASHVILLE POLICE DEPT,20220229408,Davidson,Nashville,5/10/2022 2:12:00 PM,2,0,0,36.173790,-86.822580,DR WALTER S DAVIS BLVD,,,,0.00,,,ED TEMPLE BLVD,,,,0.00,Y,T-Intersection, ,,None,,,         ,Jordan,Vrbas,,,no,no,no,no,no,False
103297734,METROPOLITAN NASHVILLE POLICE DEPT,20220229413,Davidson,Nashville,5/10/2022 2:02:00 PM,2,0,0,36.203090,-86.591610,TULIP COVE PVTDR,,,,0.00,,,TULIP GROVE RD,,,,0.00,Y,Four-Way,N,Intersection,None,,,         ,Ian,Hammond,Clear,Angle,no,no,no,no,no,False
103297735,METROPOLITAN NASHVILLE POLICE DEPT,20220229048,Davidson,Not in City Limit,5/10/2022 10:18:00 AM,1,1,0,36.138800,-86.944960,RIVER ROAD PKE,,,,2241.00,Feet,West,OLD RIVER RD,,,,0.00,N,Not at Intersection,N,Non-Junction,None,,,         ,Darren,Key,Clear,Not Collision with Motor Vehicle in Transport,no,no,no,no,no,False
103297736,METROPOLITAN NASHVILLE POLICE DEPT,20220229122,Davidson,Nashville,5/10/2022 11:00:00 AM,1,1,0,36.089030,-86.836280,NORTHUMBERLAND,,,,123.00,Feet,South,CASTLE RISING,,,,0.00,N,Not at Intersection,N,Non-Junction,None,,,         ,Douglas,Atwood,Clear,Not Collision with Motor Vehicle in Transport,no,no,no,yes,no,False
103297741,METROPOLITAN NASHVILLE POLICE DEPT,20220226748,Davidson,Nashville,5/9/2022 8:43:00 AM,2,4,0,36.243890,-86.756580,SKYLINE MEMORIAL CT,,,,0.00,,,DICKERSON PKE,,,,0.00,Y,Four-Way,Y,Intersection,None,,,         ,Zera,Ntahonirukiye,Clear,Front to Rear,no,no,no,no,no,False
103297742,METROPOLITAN NASHVILLE POLICE DEPT,20220229363,Davidson,Madison,5/10/2022 12:00:00 AM,1,0,0,36.264680,-86.737500,OLD HICKORY BLVDW,,,,67.00,Feet,South,I65 N ENT RAMP,,,,0.00,N,Not at Intersection,N,Non-Junction,None,,,         ,Zera,Ntahonirukiye,Clear,Not Collision with Motor Vehicle in Transport,no,no,no,no,no,False
103297750,METROPOLITAN NASHVILLE POLICE DEPT,20220229385,Davidson,Nashville,5/10/2022 11:05:00 AM,2,0,0,36.152070,-86.795300,BROADWAY,,,,0.00,,,18TH AVS,,,,0.00,Y,T-Intersection,N,Intersection,None,,,         ,Jacob,Yore,Clear,Angle,no,no,no,no,no,False
103297755,METROPOLITAN NASHVILLE POLICE DEPT,2022-0227538,Davidson,Nashville,5/7/2022 5:30:00 PM,1,0,0,36.198990,-86.761630,LISCHEY AV,,,,0.00,,,,,,,0.00,,,N,Unknown,None,,,         ,Cooper,HIll,Clear,Unknown,no,no,no,no,yes,False
103297758,METROPOLITAN NASHVILLE POLICE DEPT,20220229372,Davidson,Nashville,5/10/2022 12:00:00 AM,3,0,0,36.126700,-86.711090,MURFREESBORO PKE,,,,0.00,,,THOMPSON PL,,,,0.00,Y,Four-Way, ,,None,,,         ,Clayton,Smith,,,no,no,no,no,no,False
103297798,METROPOLITAN NASHVILLE POLICE DEPT,20220229437,Davidson,Nashville,5/10/2022 1:00:00 PM,2,0,0,36.130870,-86.905290,CHARLOTTE PKE PVTDR,,,,302.00,Feet,North,BROOKMEADE GRNWY,,,,0.00,N,Not at Intersection, ,Non-Junction,None,,,         ,Wesley,Tilley,Clear,Angle,no,no,no,yes,yes,False
103297803,METROPOLITAN NASHVILLE POLICE DEPT,20220229177,Davidson,Nashville,5/10/2022 11:34:00 AM,2,3,0,36.208430,-86.767270,QUEEN AV,,,,0.00,,,DICKERSON PKE,,,,0.00,Y,T-Intersection,Y,Intersection-Related,None,,,         ,Jarret,Sonnenberg,Clear,Angle,no,no,no,no,no,False
103297828,METROPOLITAN NASHVILLE POLICE DEPT,20220229505,Davidson,Nashville,5/10/2022 1:21:00 PM,2,0,0,36.110000,-86.725980,EAST THOMPSON LN,,,,0.00,,,,,,,0.00,,,N,Non-Junction,None,,,         ,Alexandra,Herring,Clear,Angle,no,no,no,yes,yes,False
103297833,METROPOLITAN NASHVILLE POLICE DEPT,20220229369,Davidson,Nashville,5/10/2022 12:43:00 PM,2,0,0,36.169110,-86.766300,I 24,,,,0.00,,,,,,,48.75,N,Not at Intersection,N,Non-Junction,None,,,         ,William,Clemons,Clear,Front to Rear,no,no,no,no,no,False
103297834,VANDERBILT UNIVERSITY POLICE,220227496,Davidson,Nashville,5/9/2022 4:00:00 PM,2,0,0,36.139890,-86.803080,PIERCE AV,,,,0.00,,,23RD AVS,,,,0.00,Y,Four-Way, ,Intersection,None,,,         ,Eric,Carter,Clear,Rear to Side,no,no,no,no,no,Campus
103297865,METROPOLITAN NASHVILLE POLICE DEPT,20220229594,Davidson,Nashville,5/10/2022 12:00:00 AM,2,0,0,36.157110,-86.774670,KOREAN VETERANS BLVD,,,,0.00,,,4TH AVS,,,,0.00,Y,Four-Way,Y,Intersection,None,,,         ,Trevor,Taylor,Clear,"Sideswipe, Same Direction",no,no,no,no,no,False
103297876,METROPOLITAN NASHVILLE POLICE DEPT,20220229606,Davidson,Nashville,5/10/2022 4:00:00 PM,1,1,0,36.171500,-86.764560,S 5TH ST,,,,136.00,Feet,South,WOODLAND ST,,,,0.00,N,Not at Intersection,N,Non-Junction,None,,,         ,Kevin,Clausius,Clear,Not Collision with Motor Vehicle in Transport,no,yes,no,no,no,False
103297877,METROPOLITAN NASHVILLE POLICE DEPT,20220229595,Davidson,Nashville,5/10/2022 3:33:00 PM,3,0,0,36.153790,-86.756960,I 40,,,,0.00,,,,,,,211.15,N,Not at Intersection, ,Non-Junction,None,,,         ,Kevin,Clausius,Clear,"Sideswipe, Same Direction",no,no,no,no,no,False
103297879,METROPOLITAN NASHVILLE POLICE DEPT,20220229510,Davidson,Nashville,5/10/2022 3:08:00 PM,2,0,0,36.192080,-86.617400,JUAREZ DR,,,,100.00,Feet,East,LOPEZ LN,,,,0.00,N,Not at Intersection,N,Non-Junction,None,,,         ,Crockett,Bruce,Clear,Angle,no,no,no,no,no,False
103297891,GOODLETTSVILLE POLICE DEPT,22-14099,Davidson,Goodlettsville,5/10/2022 4:02:00 PM,2,0,0,36.324890,-86.702180,STATE HWY 174,,,,83.00,Feet,East,CONFERENCE DR,,,,0.00,N,Not at Intersection, ,Non-Junction,None,,,         ,Austin,Herendeen,Clear,"Sideswipe, Same Direction",no,no,no,no,no,False
103297892,METROPOLITAN NASHVILLE POLICE DEPT,20220229706,Davidson,Nashville,5/10/2022 3:00:00 PM,2,0,0,36.165220,-86.815780,ALBION ST,,,,124.00,Feet,East,26TH AVN,,,,0.00,N,Not at Intersection, ,Non-Junction,None,,,         ,Hendrik,Kruger,Clear,Unknown,no,no,no,no,yes,False
103297926,METROPOLITAN NASHVILLE POLICE DEPT,20220229641,Davidson,Nashville,5/10/2022 4:11:00 PM,2,0,0,36.202170,-86.776630,I 65,,,,0.00,,,,,,,87.00,N,Not at Intersection,N,Non-Junction,None,,,         ,Jacob,Krispin,Clear,Front to Rear,no,no,no,no,no,False
103297928,METROPOLITAN NASHVILLE POLICE DEPT,20220229680,Davidson,Nashville,5/10/2022 12:10:00 PM,2,0,0,36.073400,-86.692410,I 24,,,,0.00,,,,,,,56.70,N,Not at Intersection,N,Non-Junction,None,,,         ,Megan,Arnett,Clear,"Sideswipe, Same Direction",no,no,no,no,yes,False
103297931,METROPOLITAN NASHVILLE POLICE DEPT,20220229687,Davidson,Nashville,5/10/2022 4:48:00 PM,3,2,0,36.169350,-86.774650,JAMES ROBERTSON PKWY,,,,616.00,Feet,West,MAIN ST,,,,0.00,N,Not at Intersection,N,Non-Junction,None,,,         ,Kency,Le,Clear,Front to Rear,no,no,no,no,no,False
103297932,METROPOLITAN NASHVILLE POLICE DEPT,20220229789,Davidson,Nashville,5/10/2022 4:20:00 PM,2,0,0,36.150110,-86.858140,CHARLOTTE PKE,,,,57.00,Feet,West,WHITE BRIDGE PKE,,,,0.00,N,Not at Intersection,N,Non-Junction,None,,,         ,Hendrik,Kruger,Clear,Front to Rear,no,no,no,no,yes,False
103297933,METROPOLITAN NASHVILLE POLICE DEPT,20220229788,Davidson,Nashville,5/10/2022 6:17:00 PM,2,1,0,36.229710,-86.732500,BROADMOOR DR,,,,0.00,,,SAUNDERS AV,,,,0.00,Y,Four-Way,N,Intersection,None,,,         ,Adam,Warren,Clear,Angle,no,no,no,no,no,False
103297962,METROPOLITAN NASHVILLE POLICE DEPT,20220229755,Davidson,Nashville,5/10/2022 5:55:00 PM,2,0,0,36.148850,-86.762470,CHARLES E DAVIS BLVD,,,,3.00,Feet,North,LAFAYETTE ST,,,,0.00,N,Not at Intersection,N,Non-Junction,None,,,         ,Ron,Longino,Clear,Front to Rear,no,no,no,no,yes,False
103298000,METROPOLITAN NASHVILLE POLICE DEPT,20220229656,Davidson,Nashville,5/10/2022 4:38:00 PM,1,4,0,36.238900,-86.779920,BRILEY PKWY W ENT RAMP,,,,0.00,Feet,East,BRILEY PKWY W EXT RAMP,,,,0.00,N,Not at Intersection,N,Entrance/Exit Ramp Related,None,,,         ,Joshua,Dodge,Clear,Not Collision with Motor Vehicle in Transport,no,no,no,no,no,False
103298001,METROPOLITAN NASHVILLE POLICE DEPT,20220229858,Davidson,Not in City Limit,5/10/2022 6:45:00 PM,2,2,0,36.080390,-86.954910,HIGHWAY 70S,,,,43.00,Feet,West,I40 E ENT RAMP,,,,0.00,N,Not at Intersection,N,Non-Junction,None,,,         ,Brandon,Pedigo,Clear,"Sideswipe, Same Direction",no,no,no,no,no,False
103298025,METROPOLITAN NASHVILLE POLICE DEPT,20220229564,Davidson,Nashville,5/10/2022 12:00:00 AM,2,1,0,36.203550,-86.738530,GALLATIN PKE,,,,0.00,,,E TRINITY LN,,,,0.00,Y,T-Intersection,N,Intersection,None,,,         ,McKenzie,Harper,Clear,Other,no,no,no,no,no,False
103298026,METROPOLITAN NASHVILLE POLICE DEPT,20220229862,Davidson,Nashville,5/10/2022 12:00:00 AM,3,0,0,36.184280,-86.748160,GALLATIN AV,,,,176.00,Feet,North,EASTLAND AV,,,,0.00,N,Not at Intersection,N,Non-Junction,None,,,         ,McKenzie,Harper,Clear,Other,no,no,no,no,no,False
103298081,THP District 5 - Fall Branch,322035615,Davidson,Nashville,5/5/2022 7:09:00 PM,2,0,0,36.148810,-86.666280,ELM HILL PKE,,,,0.00,,,DONELSON PKE,,,,0.00,Y,Four-Way, ,,None,,,         ,Traci,Barrett,,,no,no,no,no,no,False
103298082,METROPOLITAN NASHVILLE POLICE DEPT,20220230019,Davidson,Nashville,5/10/2022 5:37:00 PM,2,0,0,36.114030,-86.792230,CLIFTON LN,,,,0.00,,,GRANNY WHITE PKE,,,,0.00,Y,Four-Way,N,Intersection,None,,,         ,Gabriel,Hamilton,Clear,Angle,no,no,no,no,no,False