master_record_number,agency,agency_tracking_number,county,city,collision_date,vehicles_involved,number_injured,number_dead,latitude,longitude,roadway_name,roadway_suffix,roadway_number,roadway_local_id,distance_from_reference,miles-feet_indicator,direction_from_reference,intersection_road_name,intersection_road_name_suffix,intersection_road_number,intersection_local_id,mile_marker,intersection_indicator,intersect_type,interchange_related_indicator,relation_to_junction,work_zone_type,construction_maintenance_zone,construction_maintenance_zone_location,fatal_case_number,officer_first_name,officer_last_name,weather_condition(s),manner_of_crash,pedestrian,bicycle,scooter,parking,hitrun,mou
103299066,METROPOLITAN NASHVILLE POLICE DEPT,20220231963,Davidson,Nashville,5/11/2022 6:25:00 PM,2,1,0,36.150220,-86.780850,DIVISION ST,,,,0.00,Feet,West,9TH AVS,,,,0.00,N,Not at Intersection,N,Non-Junction,None,,,         ,Jacob,Krispin,Clear,Angle,no,no,no,no,no,False
103299095,METROPOLITAN NASHVILLE POLICE DEPT,20220222835,Davidson,Nashville,5/6/2022 4:50:00 PM,2,0,0,36.155650,-86.789720,BROADWAY,,,,0.00,,,I40 E EXT RAMP,,,,0.00,Y,Four-Way, ,Intersection-Related,None,,,         ,Dakota,Davis,Cloudy,Angle,no,no,no,no,no,False
103299096,METROPOLITAN NASHVILLE POLICE DEPT,20220232102,Davidson,Nashville,5/11/2022 3:30:00 PM,3,0,0,36.118950,-86.801560,,,I440,,1.00,Feet,East,,,,,3.00,N,Not at Intersection,N,Non-Junction,None,,,         ,Dakota,Davis,Clear,Front to Rear,no,no,no,no,no,False
103299107,METROPOLITAN NASHVILLE POLICE DEPT,20220231955,Davidson,Nashville,5/11/2022 6:21:00 PM,2,0,0,36.052490,-86.644640,BELL RD,,,,130.00,Feet,North,EAGLE VIEW BLVD,,,,0.00,N,Not at Intersection,N,Non-Junction,None,,,         ,Brandon,Simpkins,Clear,Front to Rear,no,no,no,no,no,False
103299120,METROPOLITAN NASHVILLE POLICE DEPT,20220232288,Davidson,Nashville,5/11/2022 4:30:00 PM,2,0,0,36.142190,-86.815960,WEST END AV,,,,117.00,Feet,North,32ND AVS,,,,0.00,N,Not at Intersection,N,Non-Junction,None,,,         ,Michael,Hodges,Clear,Front to Rear,no,no,no,no,yes,Campus
103299137,METROPOLITAN NASHVILLE POLICE DEPT,20220232148,Davidson,Nashville,5/11/2022 12:00:00 AM,2,0,0,36.187950,-86.607770,OLD LEBANON DIRT RD,,,,0.00,,,ANDREW JACKSON PKWY,,,,0.00,Y,Four-Way,N,Intersection,None,,,         ,Keenan,McCann,Clear,Angle,no,no,no,no,no,False
103299146,METROPOLITAN NASHVILLE POLICE DEPT,20220231772,Davidson,Nashville,5/11/2022 4:07:00 PM,2,0,0,36.158330,-86.783400,9TH AVS,,,,0.00,,,BROADWAY,,,,0.00,Y,T-Intersection, ,Intersection,None,,,         ,James,Hill,Clear,Angle,no,no,no,no,no,False
103299163,METROPOLITAN NASHVILLE POLICE DEPT,20220232162,Davidson,Nashville,5/11/2022 9:04:00 PM,2,0,0,36.170400,-86.768450,INTERSTATE DR,,,,0.00,,,WOODLAND ST,,,,0.00,Y,Four-Way,N,Intersection,None,,,         ,Daniel,Tomlinson,Clear,Angle,no,no,no,no,no,False
103299178,METROPOLITAN NASHVILLE POLICE DEPT,20220231920,Davidson,Nashville,5/11/2022 4:52:00 PM,2,1,0,36.189590,-86.837730,HYDES FERRY RD,,,,24.00,Feet,North,COUNTY HOSPITAL RD,,,,0.00,N,Not at Intersection,N,Non-Junction,None,,,         ,Alec,Pellissier,Clear,Angle,no,no,no,no,no,False
103299182,METROPOLITAN NASHVILLE POLICE DEPT,20220232412,Davidson,Nashville,5/11/2022 10:00:00 PM,2,0,0,36.045740,-86.674350,BELL RD,,,,0.00,,,BLUE HOLE RD,,,,0.00,Y,Four-Way,Y,Intersection,None,,,         ,Taylor,Blackwelder,Clear,Angle,no,no,no,no,no,False
103299192,METROPOLITAN NASHVILLE POLICE DEPT,20220232500,Davidson,Nashville,5/11/2022 11:31:00 PM,2,1,0,36.155650,-86.789720,BROADWAY,,,,0.00,,,I40 E EXT RAMP,,,,0.00,Y,Four-Way,Y,Intersection,None,,,         ,Dallas,Johnson,,Angle,no,no,no,no,no,False
103299193,METROPOLITAN NASHVILLE POLICE DEPT,20220232273,Davidson,Nashville,5/11/2022 9:35:00 PM,2,1,0,36.039750,-86.649680,I 24,,,,0.00,,,,,,,60.00,N,Not at Intersection,N,Non-Junction,None,,,         ,Aleksandra,Kawicka,Clear,Angle,no,no,no,no,no,False
103299194,METROPOLITAN NASHVILLE POLICE DEPT,20220232528,Davidson,Nashville,5/11/2022 11:45:00 PM,2,0,0,36.088700,-86.701980,I 24,,,,0.00,,,,,,,55.50,N,Not at Intersection, ,Non-Junction,None,,,         ,Alexandra,Herring,Clear,"Sideswipe, Same Direction",no,no,no,no,no,False
103299202,METROPOLITAN NASHVILLE POLICE DEPT,20220231993,Davidson,Nashville,5/11/2022 6:57:00 PM,2,1,0,36.044960,-86.666530,BELL RD,,,,171.00,Feet,East,CEDAR POINTE PKWY,,,,0.00,N,Not at Intersection,N,Non-Junction,None,,,         ,Andre,Williams,Clear,Angle,no,no,no,no,no,False
103299224,METROPOLITAN NASHVILLE POLICE DEPT,20220232674,Davidson,Madison,5/12/2022 12:00:00 AM,1,0,0,36.263370,-86.684540,STATE RT 45,,,,0.00,,,,,,,0.00,,,N,Non-Junction,None,,,         ,Thomas,Denenea,Clear,Unknown,no,no,no,no,yes,False
103299228,METROPOLITAN NASHVILLE POLICE DEPT,20220232744,Davidson,Nashville,5/12/2022 2:54:00 AM,2,1,0,36.164450,-86.781210,UNION ST,,,,50.00,Feet,West,5TH AVN,,,,0.00,N,Not at Intersection,N,Non-Junction,None,,,         ,Kelly,Turcios,Clear,"Sideswipe, Same Direction",no,no,no,no,no,False
103299231,METROPOLITAN NASHVILLE POLICE DEPT,20220232496,Davidson,Nashville,5/11/2022 11:25:00 PM,1,1,1,36.240740,-86.757370,DICKERSON PKE,,,,0.00,,,BRILEY PKWY E EXT RAMP,,,,0.00,Y,T-Intersection,N,Entrance/Exit Ramp Related,None,,,         ,Christopher,Valdez,Clear,Not Collision with Motor Vehicle in Transport,no,no,no,no,no,False
103299238,METROPOLITAN NASHVILLE POLICE DEPT,20220232757,Davidson,Nashville,5/12/2022 3:15:00 AM,1,0,0,36.124070,-86.812100,I440 E EXT RAMP,,,,0.00,,,I 440,,,,0.00,Y,OTHER,N,Entrance/Exit Ramp Related,None,,,         ,John,Jones,Clear,Not Collision with Motor Vehicle in Transport,no,no,no,no,no,False
103299242,METROPOLITAN NASHVILLE POLICE DEPT,20220231910,Davidson,Nashville,5/11/2022 5:05:00 PM,2,1,0,36.149900,-86.859060,CHARLOTTE PKE,,,,104.00,Feet,East,MIDLAND AV,,,,0.00,N,Not at Intersection,N,Non-Junction,None,,,         ,Jeremy,Huffine,Clear,Angle,no,no,no,no,no,False
103299246,METROPOLITAN NASHVILLE POLICE DEPT,20220232756,Davidson,Nashville,5/12/2022 3:10:00 AM,1,1,0,36.069810,-86.686170,HAYWOOD LN,,,,171.00,Feet,West,BAKERTOWN RD,,,,0.00,N,Not at Intersection,N,Non-Junction,None,,,         ,Dennis,Diesel,Clear,Not Collision with Motor Vehicle in Transport,no,no,no,no,no,False
103299257,METROPOLITAN NASHVILLE POLICE DEPT,20220232816,Davidson,Nashville,5/12/2022 4:15:00 AM,2,0,0,36.152670,-86.855810,I 40,,,,0.00,,,,,,,204.05,N,Not at Intersection,N,Non-Junction,Unknown,Unknown,Unknown,         ,Timothy,Lehnert,Clear,"Sideswipe, Same Direction",no,no,no,no,yes,False
103299290,METROPOLITAN NASHVILLE POLICE DEPT,20220231568,Davidson,Nashville,5/11/2022 2:00:00 PM,2,0,0,36.145740,-86.764720,2ND AVS,,,,0.00,,,CHESTNUT ST,,,,0.00,Y,Four-Way,N,Intersection,None,,,         ,Todd,Watson,Clear,"Sideswipe, Same Direction",no,no,no,no,no,False
103299299,METROPOLITAN NASHVILLE POLICE DEPT,20220210080,Davidson,Nashville,4/30/2022 12:50:00 AM,5,1,0,36.059070,-86.716220,TUSCULUM RD,,,,0.00,,,NOLENSVILLE PKE,,,,0.00,Y,Four-Way,N,Intersection,None,,,         ,Kevin,Coleman,Clear,Angle,no,no,no,no,no,False
103299324,METROPOLITAN NASHVILLE POLICE DEPT,20220232972,Davidson,Nashville,5/12/2022 6:53:00 AM,2,0,0,36.162460,-86.847020,CENTENNIAL BLVD,,,,153.00,Feet,West,49TH AVN,,,,0.00,N,Not at Intersection,N,Non-Junction,None,,,         ,Darren,Key,Clear,"Sideswipe, Same Direction",no,no,no,no,no,False
103299335,METROPOLITAN NASHVILLE POLICE DEPT,20220232884,Davidson,Nashville,5/12/2022 6:28:00 AM,2,1,0,36.153270,-86.651310,LAKELAND DR,,,,147.00,Feet,West,IRONWOOD DR,,,,0.00,N,Not at Intersection,N,Non-Junction,None,,,         ,Larry,Benz,Clear,Front to Rear,no,no,no,no,no,False
103299342,METROPOLITAN NASHVILLE POLICE DEPT,20220232999,Davidson,Madison,5/12/2022 7:48:00 AM,2,0,0,36.264760,-86.737710,I65 S EXT RAMP,,,,8.00,Feet,South,OLD HICKORY BLVDW,,,,0.00,N,Not at Intersection, ,,None,,,         ,Justan,Vance,,,no,no,no,no,no,False
103299357,METROPOLITAN NASHVILLE POLICE DEPT,20220232942,Davidson,Nashville,5/12/2022 12:00:00 AM,2,0,0,36.190910,-86.799330,VANTAGE WAY CT,,,,118.00,Feet,West,ROSA L PARKS BLVD,,,,0.00,N,Not at Intersection,N,"Driveway, Alley Access, etc",None,,,         ,Alex,Gibson,Clear,Angle,no,no,no,no,no,False
103299382,METROPOLITAN NASHVILLE POLICE DEPT,20220233066,Davidson,Nashville,5/12/2022 8:23:00 AM,2,1,0,36.098070,-86.822630,HILLSBORO PKE,,,,310.00,Feet,East,BURTON HILLS BLVD,,,,0.00,N,Not at Intersection,N,Non-Junction,None,,,         ,Justin,Pinkelton,Clear,Angle,no,no,no,no,no,False
103299384,METROPOLITAN NASHVILLE POLICE DEPT,20220232996,Davidson,Nashville,5/12/2022 8:00:00 AM,2,0,0,36.120520,-86.911420,I 40,,,,0.00,,,,,,,200.10,N,Not at Intersection,N,Non-Junction,None,,,         ,Amanda,Hanna,Clear,Angle,no,no,no,no,no,False
103299388,GOODLETTSVILLE POLICE DEPT,22-14311,Davidson,Goodlettsville,5/12/2022 8:36:00 AM,2,1,0,36.309500,-86.689130,VIETNAM VETERANS BLVDS,,,,1802.00,Feet,East,CONFERENCE DR,,,,0.00,N,Not at Intersection,N,Non-Junction,None,,,         ,Rico,Jones,Clear,Front to Rear,no,no,no,no,no,False
103299391,METROPOLITAN NASHVILLE POLICE DEPT,20220233010,Davidson,Nashville,5/12/2022 8:01:00 AM,2,1,0,36.148890,-86.778750,I 40,,,,0.00,,,,,,,209.85,N,Not at Intersection,Y,OtherLocation,None,,,         ,Johnathan,Carlisle,Clear,Front to Rear,no,no,no,no,no,False
103299393,METROPOLITAN NASHVILLE POLICE DEPT,20220233023,Davidson,Nashville,5/12/2022 7:30:00 AM,2,0,0,36.087220,-86.771900,FRANKLIN PKE,,,,236.00,Feet,North,HARDING PL,,,,0.00,N,Not at Intersection, ,Non-Junction,Utility Zone,,,         ,Justin,Pinkelton,Clear,Front to Rear,no,no,no,no,no,False
103299395,METROPOLITAN NASHVILLE POLICE DEPT,20220232930,Davidson,Nashville,5/12/2022 7:15:00 AM,2,0,0,36.067440,-86.641350,RURAL HILL RD,,,,532.00,Feet,West,RICE HILL CT,,,,0.00,N,Not at Intersection, ,OtherLocation,None,,,         ,Todd,Watson,Clear,"Sideswipe, Same Direction",no,no,no,no,no,False
103299398,METROPOLITAN NASHVILLE POLICE DEPT,20220232952,Davidson,Nashville,5/12/2022 7:25:00 AM,2,0,0,36.065560,-86.680110,ANTIOCH PKE,,,,0.00,,,REEVES RD,,,,0.00,Y,T-Intersection, ,,None,,,         ,Eric,Ziegler,,,no,no,no,no,no,False
103299403,METROPOLITAN NASHVILLE POLICE DEPT,20220233085,Davidson,Nashville,5/12/2022 8:49:00 AM,2,0,0,36.147740,-86.744420,I 40,,,,0.00,,,,,,,212.00,N,Not at Intersection, ,Non-Junction,None,,,         ,Larry,Benz,Cloudy,Front to Rear,no,no,no,no,no,False
103299411,METROPOLITAN NASHVILLE POLICE DEPT,20220233030,Davidson,Nashville,5/12/2022 8:10:00 AM,2,0,0,36.040280,-86.768370,OLD HICKORY BLVD,,,,0.00,,,SEVEN SPRINGS WAY,,,,0.00,Y,Four-Way,N,Intersection,None,,,         ,Justin,Pinkelton,Clear,"Sideswipe, Same Direction",no,no,no,no,yes,False
103299416,METROPOLITAN NASHVILLE POLICE DEPT,20220233106,Davidson,Nashville,5/12/2022 9:07:00 AM,2,0,0,36.134680,-86.799590,MAGNOLIA BLVD,,,,70.00,Feet,East,20TH AVS,,,,0.00,N,Not at Intersection, ,Non-Junction,None,,,         ,Bianca,Crawford,Clear,Front to Rear,no,no,no,no,no,False
103299451,METROPOLITAN NASHVILLE POLICE DEPT,20220233116,Davidson,Nashville,5/12/2022 9:16:00 AM,2,0,0,36.171430,-86.769040,JAMES ROBERTSON PKWY,,,,0.00,,,INTERSTATE DR,,,,0.00,Y,T-Intersection, ,Non-Junction,None,,,         ,Rachael,Robinson,Clear,"Sideswipe, Same Direction",no,no,no,no,no,False
103299456,METROPOLITAN NASHVILLE POLICE DEPT,20220233036,Davidson,Nashville,5/12/2022 8:10:00 AM,2,0,0,36.083650,-86.647180,BROOKSBORO PL,,,,12.00,Feet,East,MURFREESBORO PKE,,,,0.00,N,Not at Intersection, ,Non-Junction,None,,,         ,Peabo,McAlmont,Clear,Front to Rear,no,no,no,no,no,False
103299479,METROPOLITAN NASHVILLE POLICE DEPT,20220233122,Davidson,Nashville,5/12/2022 9:26:00 AM,2,2,0,36.277210,-86.794810,OLD HICKORY BLVD,,,,415.00,Feet,East,HICKORY HILLS CT,,,,0.00,N,Not at Intersection,N,Non-Junction,None,,,         ,Broderick,Jones,Clear,Angle,no,no,no,no,no,False
103299512,METROPOLITAN NASHVILLE POLICE DEPT,20220233102,Davidson,Nashville,5/12/2022 9:05:00 AM,2,2,0,36.192950,-86.724070,MCKENNELL DR,,,,0.00,Feet,East,RIVERSIDE DR,,,,0.00,N,Not at Intersection,N,Non-Junction,None,,,         ,Rico,Hunt,Clear,Angle,no,no,no,no,no,False
103299537,METROPOLITAN NASHVILLE POLICE DEPT,20220233297,Davidson,Nashville,5/12/2022 11:25:00 AM,1,0,0,36.146100,-86.742160,I 40,,,,0.00,,,,,,,212.15,N,Not at Intersection,N,Non-Junction,None,,,         ,Stanley,Collins,Clear,Not Collision with Motor Vehicle in Transport,no,no,no,no,no,False
103299581,VANDERBILT UNIVERSITY POLICE,20220233072,Davidson,Nashville,5/12/2022 8:26:00 AM,2,0,0,36.145270,-86.811930,WEST END AV,,,,0.00,,,28TH AVS,,,,0.00,Y,T-Intersection,Y,Intersection,None,,,         ,Michael,Knupp,,Angle,no,no,no,no,no,Campus
103299584,METROPOLITAN NASHVILLE POLICE DEPT,2022-0231377,Davidson,Nashville,5/11/2022 12:00:00 AM,1,0,0,36.147550,-86.758640,LEWIS ST,,,,2.00,Feet,North,LAFAYETTE ST,,,,0.00,N,Not at Intersection, ,Non-Junction,None,,,         ,Frank,Walker,Clear,Not Collision with Motor Vehicle in Transport,no,no,no,no,no,False
103299585,METROPOLITAN NASHVILLE POLICE DEPT,20220233343,Davidson,Nashville,5/12/2022 10:45:00 AM,2,1,0,36.047070,-86.662260,I 24,,,,0.00,,,,,,,59.20,N,Not at Intersection,N,Non-Junction,None,,,         ,Todd,Watson,Clear,"Sideswipe, Same Direction",no,no,no,no,yes,False
103299625,METROPOLITAN NASHVILLE POLICE DEPT,20220233310,Davidson,Nashville,5/12/2022 11:43:00 AM,1,1,0,36.090520,-86.695310,ANTIOCH PKE,,,,625.00,Feet,West,METROPLEX DR,,,,0.00,N,Not at Intersection,N,Non-Junction,None,,,         ,Larry,Benz,Clear,Not Collision with Motor Vehicle in Transport,no,no,no,no,no,False
103299709,METROPOLITAN NASHVILLE POLICE DEPT,20220233174,Davidson,Nashville,5/12/2022 9:52:00 AM,3,1,0,36.135810,-86.885200,US HWY 70,,,,4.00,Feet,West,BROOK HOLLOW RD,,,,0.00,N,Not at Intersection,N,Non-Junction,None,,,         ,Robert,Allen,Clear,Front to Rear,no,no,no,no,no,False
103299715,METROPOLITAN NASHVILLE POLICE DEPT,20220233546,Davidson,Nashville,5/12/2022 2:39:00 PM,2,0,0,36.044210,-86.780960,I 65,,,,0.00,,,,,,,75.00,N,Not at Intersection, ,Non-Junction,None,,,         ,Justin,Pinkelton,Clear,"Sideswipe, Same Direction",no,no,no,no,no,False
103299724,METROPOLITAN NASHVILLE POLICE DEPT,20220233527,Davidson,Madison,5/12/2022 1:50:00 PM,2,0,0,36.260360,-86.738290,I 65,,,,0.00,,,,,,,92.00,N,Not at Intersection,N,Non-Junction,None,,,         ,Patrick,McGinnis,Clear,"Sideswipe, Same Direction",no,no,no,no,no,False
103299725,METROPOLITAN NASHVILLE POLICE DEPT,20220233501,Davidson,Nashville,5/12/2022 1:15:00 PM,2,0,0,36.188040,-86.746500,GALLATIN AV,,,,103.00,Feet,South,GRANADA AV,,,,0.00,N,Not at Intersection, ,,None,,,         ,William,Clemons,,,no,no,no,yes,no,False
103299727,METROPOLITAN NASHVILLE POLICE DEPT,20220233554,Davidson,Nashville,5/12/2022 2:42:00 PM,1,1,0,36.031520,-86.639850,I 24,,,,0.00,,,,,,,60.85,N,Not at Intersection,N,Non-Junction,None,,,         ,Nadine,Klemenz,Clear,Not Collision with Motor Vehicle in Transport,no,no,no,no,no,False
103299728,Nashville Airport Police,2022-01862,Davidson,Nashville,5/11/2022 9:10:00 PM,2,0,0,36.116700,-86.668180,DONELSON PKE,,,,0.00,,,HANGAR LN,,,,0.00,Y,T-Intersection,N,Intersection-Related,None,,,         ,Megan,Vetter,Clear,"Sideswipe, Same Direction",no,no,no,no,yes,False
103299729,METROPOLITAN NASHVILLE POLICE DEPT,20220233480,Davidson,Nashville,5/12/2022 1:50:00 PM,2,2,0,36.155650,-86.789720,BROADWAY,,,,0.00,,,I40 E EXT RAMP,,,,0.00,Y,Four-Way,N,Intersection,None,,,         ,Sekou,Samassi,Clear,Front to Rear,no,no,no,no,no,False
103299731,METROPOLITAN NASHVILLE POLICE DEPT,20220233497,Davidson,Nashville,5/12/2022 12:27:00 PM,2,0,0,36.140140,-86.879230,RUSSLEO DR,,,,0.00,,,CHARLOTTE PKE,,,,0.00,Y,T-Intersection, ,Intersection,None,,,         ,Michael,Pyle,Clear,Front to Rear,no,no,no,no,no,False
103299744,METROPOLITAN NASHVILLE POLICE DEPT,20220233556,Davidson,Nashville,5/12/2022 2:35:00 PM,1,0,0,36.183170,-86.677460,MCGAVOCK PKE,,,,0.00,Feet,,TWO RIVERS PKWY,,,,0.00,Y,T-Intersection,N,Intersection,None,,,         ,Larry,Benz,Clear,Not Collision with Motor Vehicle in Transport,no,no,no,no,yes,False
103299774,METROPOLITAN NASHVILLE POLICE DEPT,20220233538,Davidson,Nashville,5/12/2022 11:59:00 AM,2,0,0,36.187090,-86.861180,COUNTY HOSPITAL RD,,,,0.00,,,BRILEY PKWY N ENT RAMP,,,,0.00,Y,OTHER,N,Non-Junction,None,,,         ,Michael,Richardson,Clear,"Sideswipe, Opposite Direction",no,no,no,no,yes,False
103299778,METROPOLITAN NASHVILLE POLICE DEPT,20220233620,Davidson,Nashville,5/12/2022 3:40:00 PM,2,0,0,36.087430,-86.692210,ANTIOCH PKE,,,,0.00,,,HARDING PL,,,,0.00,Y,Four-Way, ,Non-Junction,None,,,         ,Austin,Binner,Clear,"Sideswipe, Same Direction",no,no,no,no,no,False
103299791,METROPOLITAN NASHVILLE POLICE DEPT,20220233560,Davidson,Nashville,5/12/2022 2:48:00 PM,2,3,0,36.178420,-86.751820,N 10TH ST,,,,109.00,Feet,North,MAIN ST,,,,0.00,N,Not at Intersection,N,Non-Junction,None,,,         ,Joseph,Progar,Clear,Angle,no,no,no,no,no,False
103299797,METROPOLITAN NASHVILLE POLICE DEPT,20220233019,Davidson,Nashville,5/12/2022 7:27:00 AM,2,1,0,36.141540,-86.715320,I 40,,,,0.00,,,,,,,213.10,N,Not at Intersection,N,Non-Junction,None,,,         ,Terry,Denton,Clear,Front to Rear,no,no,no,no,yes,False
103299801,METROPOLITAN NASHVILLE POLICE DEPT,20220233679,Davidson,Nashville,5/12/2022 4:10:00 PM,2,0,0,36.111000,-86.629920,BELL RD,,,,394.00,Feet,South,COUCHVILLE PKE,,,,0.00,N,Not at Intersection,N,Non-Junction,None,,,         ,Theodore,Flick,Clear,Front to Rear,no,no,no,no,no,False
103299808,METROPOLITAN NASHVILLE POLICE DEPT,20220233644,Davidson,Nashville,5/12/2022 3:40:00 PM,2,0,0,36.109830,-86.922520,OLD HICKORY BLVD,,,,0.00,,,SONYA DR,,,,0.00,Y,T-Intersection,N,Intersection,None,,,         ,Brandon,Pedigo,Clear,Angle,no,no,no,no,no,False
103299823,METROPOLITAN NASHVILLE POLICE DEPT,20220233687,Davidson,Nashville,5/12/2022 4:19:00 PM,2,1,0,36.244920,-86.761950,SKYLINE COMMONS PVTDR,,,,0.00,Feet,East,DOVERSIDE DR,,,,0.00,N,Not at Intersection,N,Non-Junction,None,,,         ,Kyle,Eicholtz,Clear,Angle,no,no,no,yes,no,False
103299827,METROPOLITAN NASHVILLE POLICE DEPT,20220233637,Davidson,Nashville,5/12/2022 3:25:00 PM,2,0,0,36.185020,-86.759710,CLEVELAND ST,,,,0.00,Feet,,ELLINGTON PKWYN,,,,0.00,Y,T-Intersection, ,Intersection-Related,None,,,         ,Ty,Cummings,Clear,"Sideswipe, Opposite Direction",no,no,no,no,no,False
103299834,BERRY HILL POLICE DEPT,22-1281,Davidson,Berry Hill,5/12/2022 12:00:00 AM,2,1,0,36.120780,-86.775250,FRANKLIN PKE,,,,13.00,Feet,North,KIRKWOOD AV,,,,0.00,N,Not at Intersection,N,Non-Junction,None,,,         ,John,Gleixner,Clear,"Sideswipe, Same Direction",no,no,no,no,no,False
103299839,METROPOLITAN NASHVILLE POLICE DEPT,20220233576,Davidson,Nashville,5/12/2022 3:03:00 PM,2,2,0,36.149770,-86.748130,I 40,,,,0.00,,,,,,,211.70,N,Not at Intersection,N,Non-Junction,None,,,         ,Douglas,Mann,Clear,Front to Rear,no,no,no,no,yes,False
103299884,METROPOLITAN NASHVILLE POLICE DEPT,20220233721,Davidson,Nashville,5/12/2022 4:43:00 PM,2,1,0,36.185020,-86.759720,CLEVELAND ST,,,,3.00,Feet,West,ELLINGTON PKWYN,,,,0.00,N,Not at Intersection,N,Non-Junction,None,,,         ,Ty,Cummings,Clear,Front to Rear,no,no,no,no,no,False
103299900,METROPOLITAN NASHVILLE POLICE DEPT,20220233792,Davidson,Nashville,5/12/2022 5:34:00 PM,2,0,0,36.140900,-86.886320,I 40,,,,0.00,,,,,,,202.10,N,Not at Intersection, ,Non-Junction,None,,,         ,Brandon,Pedigo,Clear,"Sideswipe, Same Direction",no,no,no,no,no,False
103299924,METROPOLITAN NASHVILLE POLICE DEPT,20220233688,Davidson,Antioch,5/12/2022 4:21:00 PM,2,0,0,36.015140,-86.620270,I24 W EXT RAMP,,,,0.00,,,I 24,,,,0.00,Y,Four-Way,N,Intersection,None,,,         ,Megan,Arnett,Clear,Angle,no,no,no,no,no,False
103299933,METROPOLITAN NASHVILLE POLICE DEPT,20220233767,Davidson,Nashville,5/12/2022 5:16:00 PM,2,0,0,36.071390,-86.769820,I 65,,,,0.00,,,,,,,77.00,N,Not at Intersection,N,Non-Junction,None,,,         ,Ryan,Coll,Clear,Angle,no,no,no,no,yes,False
103299936,METROPOLITAN NASHVILLE POLICE DEPT,20220233849,Davidson,Nashville,5/12/2022 5:32:00 PM,2,0,0,36.068760,-86.716280,HAYWOOD LN,,,,0.00,,,HOPEDALE DR,,,,0.00,Y,T-Intersection, ,,None,,,         ,Adam,Kauffman,,,no,no,no,no,no,False
103299944,METROPOLITAN NASHVILLE POLICE DEPT,20220233695,Davidson,Nashville,5/12/2022 4:30:00 PM,2,0,0,36.141670,-86.742910,POLK AV,,,,230.00,Feet,South,MURFREESBORO PKE,,,,0.00,N,Not at Intersection, ,,None,,,         ,Joseph,Hurst,,,no,no,no,no,no,False
103299945,METROPOLITAN NASHVILLE POLICE DEPT,20220233761,Davidson,Nashville,5/12/2022 5:14:00 PM,2,1,0,36.153140,-86.793920,17TH AVS,,,,46.00,Feet,South,BROADWAY,,,,0.00,N,Not at Intersection,N,Non-Junction,None,,,         ,Rex,Engelbert,Clear,Angle,no,no,no,no,no,False
103299946,METROPOLITAN NASHVILLE POLICE DEPT,20220233691,Davidson,Nashville,5/12/2022 4:23:00 PM,2,2,0,36.187920,-86.798480,ROSA L PARKS BLVD,,,,0.00,,,DOMINICAN DR,,,,0.00,Y,Four-Way,N,Intersection,None,,,         ,Kaitlyn,Powell,Clear,Angle,no,no,no,no,no,False
103299956,METROPOLITAN NASHVILLE POLICE DEPT,20220233798,Davidson,Nashville,5/12/2022 5:37:00 PM,2,2,0,36.247660,-86.778030,BRICK CHURCH PKE,,,,8.00,Feet,South,VILLAGE TRL,,,,0.00,N,Not at Intersection,N,Non-Junction,None,,,         ,Joshua,Dodge,Clear,Angle,no,no,no,no,no,False
103299972,METROPOLITAN NASHVILLE POLICE DEPT,20220233928,Davidson,Nashville,5/12/2022 5:56:00 PM,2,0,0,36.195690,-86.619310,OLD HICKORY BLVD,,,,0.00,,,OLD HICKORY BLVD PVTDR,,,,0.00,Y,OTHER, ,Intersection-Related,None,,,         ,Brian,Smith,Clear,"Sideswipe, Same Direction",no,no,no,no,no,False
103299988,METROPOLITAN NASHVILLE POLICE DEPT,20220233975,Davidson,Nashville,5/11/2022 6:45:00 PM,2,0,0,36.071540,-86.664330,APOLLO DR,,,,0.00,,,UNA ANTIOCH PKE,,,,0.00,Y,T-Intersection, ,Intersection,None,,,         ,Megan,Arnett,Clear,Angle,no,no,no,no,yes,False
103299989,METROPOLITAN NASHVILLE POLICE DEPT,20220233947,Davidson,Nashville,5/11/2022 11:30:00 PM,2,0,0,36.088120,-86.695890,METROPLEX DR,,,,458.00,Feet,North,HARDING PL,,,,0.00,N,Not at Intersection,N,Non-Junction,None,,,         ,Alexandra,Herring,Clear,"Sideswipe, Same Direction",no,no,no,yes,yes,False
103300000,VANDERBILT UNIVERSITY POLICE,20220233979,Davidson,Nashville,5/12/2022 12:00:00 AM,2,0,0,36.139480,-86.804100,CHILDRENS WAY,,,,0.00,,,,,,,0.00,,, ,Non-Junction,None,,,         ,Edwin,Melgar,Clear,Not Collision with Motor Vehicle in Transport,no,no,no,yes,yes,Campus
103300025,METROPOLITAN NASHVILLE POLICE DEPT,20220233984,Davidson,Nashville,5/12/2022 5:45:00 PM,2,0,0,36.088520,-86.609520,OLD SMITH SPRINGS RD,,,,64.00,Feet,East,SMITH SPRINGS RD,,,,0.00,N,Not at Intersection, ,Non-Junction,None,,,         ,Theodore,Flick,Clear,Angle,no,no,no,no,no,False
103300064,METROPOLITAN NASHVILLE POLICE DEPT,20220233870,Davidson,Not in City Limit,5/12/2022 6:28:00 PM,1,1,0,36.277920,-86.853140,OLD HICKORY BLVD,,,,2303.00,Feet,West,SHELLBARK DR,,,,0.00,N,Not at Intersection,N,Non-Junction,None,,,         ,Zachary,Nichols,Clear,Not Collision with Motor Vehicle in Transport,no,no,no,no,no,False