master_record_number,agency,agency_tracking_number,county,city,collision_date,vehicles_involved,number_injured,number_dead,latitude,longitude,roadway_name,roadway_suffix,roadway_number,roadway_local_id,distance_from_reference,miles-feet_indicator,direction_from_reference,intersection_road_name,intersection_road_name_suffix,intersection_road_number,intersection_local_id,mile_marker,intersection_indicator,intersect_type,interchange_related_indicator,relation_to_junction,work_zone_type,construction_maintenance_zone,construction_maintenance_zone_location,fatal_case_number,officer_first_name,officer_last_name,weather_condition(s),manner_of_crash,pedestrian,bicycle,scooter,parking,hitrun,mou
103305822,METROPOLITAN NASHVILLE POLICE DEPT,20220244741,Davidson,Nashville,5/18/2022 4:30:00 PM,2,0,0,36.114330,-86.747000,NOLENSVILLE PKE,,,,98.00,Feet,South,CENTRAL AV,,,,0.00,N,Not at Intersection, ,Non-Junction,None,,,         ,Jacob,Robbins,Clear,Front to Rear,no,no,no,no,no,False
103305875,METROPOLITAN NASHVILLE POLICE DEPT,20220245187,Davidson,Nashville,5/18/2022 9:51:00 PM,2,1,0,36.061560,-86.681520,I 24,,,,0.00,,,,,,,57.70,N,Not at Intersection,N,Non-Junction,None,,,         ,William,Williams,Clear,Unknown,no,no,no,no,yes,False
103305878,METROPOLITAN NASHVILLE POLICE DEPT,20220245251,Davidson,Nashville,5/18/2022 10:17:00 PM,1,0,0,36.123870,-86.705910,VULTEE BLVD,,,,465.00,Feet,East,MURFREESBORO PKE,,,,0.00,N,Not at Intersection,N,Non-Junction,None,,,         ,Bridget,Griepentrog,,Not Collision with Motor Vehicle in Transport,no,no,no,no,yes,False
103305896,METROPOLITAN NASHVILLE POLICE DEPT,20220245054,Davidson,Not in City Limit,5/18/2022 3:00:00 PM,2,0,0,36.052020,-86.943920,HARPETH BEND DR,,,,650.00,Feet,East,BEECH BEND DR,,,,0.00,N,Not at Intersection,N,Non-Junction,None,,,         ,Steven,Begley,Clear,"Sideswipe, Same Direction",no,no,no,no,yes,False
103305897,METROPOLITAN NASHVILLE POLICE DEPT,20220245224,Davidson,Nashville,5/18/2022 9:00:00 PM,2,0,0,36.174870,-86.594690,TULIP GROVE RD,,,,200.00,Feet,South,ROCKWOOD DR,,,,0.00,N,Not at Intersection,N,Non-Junction,None,,,         ,Christian,Vanders,Cloudy,"Sideswipe, Same Direction",no,no,no,yes,yes,False
103305901,METROPOLITAN NASHVILLE POLICE DEPT,20220244984,Davidson,Nashville,5/18/2022 6:40:00 PM,2,1,0,36.037420,-86.786420,OLD HICKORY BLVD,,,,42.00,Feet,East,FRANKLIN PKE,,,,0.00,N,Not at Intersection,N,Non-Junction,None,,,         ,Donovan,Coble,Clear,"Sideswipe, Same Direction",no,no,no,no,no,False
103305904,METROPOLITAN NASHVILLE POLICE DEPT,20220245395,Davidson,Nashville,5/18/2022 12:00:00 AM,2,0,0,36.076570,-86.725400,NOLENSVILLE PKE,,,,195.00,Feet,South,WALLACE RD,,,,0.00,N,Not at Intersection, ,Non-Junction,None,,,         ,Clayton,Cox,Clear,Front to Rear,no,no,no,no,yes,False
103305909,METROPOLITAN NASHVILLE POLICE DEPT,20220244962,Davidson,Nashville,5/18/2022 6:56:00 PM,2,0,0,36.194640,-86.776180,I 65,,,,0.00,,,,,,,86.50,N,Not at Intersection,N,Non-Junction,None,,,         ,Michael,Intrieri,Clear,"Sideswipe, Same Direction",no,no,no,no,yes,False
103305921,METROPOLITAN NASHVILLE POLICE DEPT,20220244642,Davidson,Nashville,5/18/2022 3:30:00 PM,2,0,0,36.043840,-86.713090,NOLENSVILLE PKE,,,,148.00,Feet,South,BRENTWOOD EAST DR,,,,0.00,N,Not at Intersection, ,Non-Junction,None,,,         ,Eric,Modransky,Clear,Angle,no,no,no,no,no,False
103305931,METROPOLITAN NASHVILLE POLICE DEPT,20220241395,Davidson,Nashville,5/17/2022 2:13:00 AM,1,0,0,36.159810,-86.787730,CHURCH ST,,,,236.00,Feet,East,GULCH GRNWY,,,,0.00,N,Not at Intersection,N,Non-Junction,None,,,         ,Kevin,Steiner,Clear,Not Collision with Motor Vehicle in Transport,no,no,no,no,yes,False
103305939,METROPOLITAN NASHVILLE POLICE DEPT,20220245657,Davidson,Nashville,5/19/2022 12:00:00 AM,2,2,0,36.177060,-86.800970,I40 W ENT RAMP,,,,0.00,Feet,East,I 65,,,,0.00,N,Not at Intersection,N,Non-Junction,None,,,         ,Jacob,Ross,Clear,Front to Rear,no,no,no,no,no,False
103305950,METROPOLITAN NASHVILLE POLICE DEPT,20220245664,Davidson,Nashville,5/19/2022 12:00:00 AM,1,0,0,36.186690,-86.793180,3RD AVN,,,,202.00,Feet,South,COFFEE ST,,,,0.00,N,Not at Intersection,N,Non-Junction,None,,,         ,Kelly,Turcios,Clear,Not Collision with Motor Vehicle in Transport,no,no,no,no,yes,False
103305955,METROPOLITAN NASHVILLE POLICE DEPT,20220245751,Davidson,Nashville,5/19/2022 2:42:00 AM,2,0,0,36.161020,-86.777200,BROADWAY,,,,0.00,Feet,North,4TH AVN,,,,0.00,N,Not at Intersection,N,Non-Junction,None,,,         ,Brenton,Adcox,Clear,"Sideswipe, Same Direction",no,no,no,no,yes,False
103305956,METROPOLITAN NASHVILLE POLICE DEPT,20220245760,Davidson,Not in City Limit,5/19/2022 12:00:00 AM,1,0,0,36.046210,-86.955420,OLD HARDING PKE,,,,237.00,Feet,East,MAGNOLIA HILLS DR,,,,0.00,N,Not at Intersection,N,OtherLocation,None,,,         ,Tristan,Krausman,Clear,Unknown,no,no,no,yes,yes,False
103305982,METROPOLITAN NASHVILLE POLICE DEPT,20220245823,Davidson,Nashville,5/19/2022 5:24:00 AM,2,0,0,36.116070,-86.696560,MURFREESBORO PKE,,,,266.00,Feet,East,MCGAVOCK PKE,,,,0.00,N,Not at Intersection,N,Non-Junction,None,,,         ,Autumn,Manning,Clear,Angle,no,no,no,no,no,False
103306009,METROPOLITAN NASHVILLE POLICE DEPT,20220245659,Davidson,Nashville,5/19/2022 2:15:00 AM,1,0,0,36.161590,-86.859840,MORROW RD,,,,282.00,Feet,East,TREATY OAKS DR,,,,0.00,N,Not at Intersection,N,Non-Junction,None,,,         ,John,Jones,Clear,Not Collision with Motor Vehicle in Transport,no,no,no,no,no,False
103306011,METROPOLITAN NASHVILLE POLICE DEPT,20220245847,Davidson,Nashville,5/19/2022 5:56:00 AM,3,1,0,36.117640,-86.699260,BRILEY PKWY N ENT RAMP,,,,0.00,Feet,East,MURFREESBORO PKE,,,,0.00,N,Not at Intersection,N,Entrance/Exit Ramp Related,None,,,         ,Corey,Ethridge,Clear,"Sideswipe, Same Direction",no,no,no,no,no,False
103306025,METROPOLITAN NASHVILLE POLICE DEPT,20220245991,Davidson,Not in City Limit,5/19/2022 7:31:00 AM,1,1,0,36.278290,-86.755980,HUNTERS LN,,,,584.00,Feet,South,DALEMERE DR,,,,0.00,N,Not at Intersection,N,Non-Junction,None,,,         ,Christopher,Littles,Cloudy,Not Collision with Motor Vehicle in Transport,no,no,no,no,no,False
103306030,METROPOLITAN NASHVILLE POLICE DEPT,20220245912,Davidson,Nashville,5/19/2022 6:52:00 AM,2,0,0,36.235890,-86.781170,RICHMOND HILL DR,,,,0.00,,,BRICK CHURCH PKE,,,,0.00,Y,Four-Way,Y,Intersection-Related,None,,,         ,Jeremy,Arnold,Cloudy,"Sideswipe, Same Direction",no,no,no,no,no,False
103306031,METROPOLITAN NASHVILLE POLICE DEPT,20220244550,Davidson,Nashville,5/18/2022 12:20:00 PM,2,0,0,36.053650,-86.673150,I 24,,,,0.00,,,,,,,58.40,N,Not at Intersection,N,Non-Junction,Construction Zone,Work On Shoulder Or Median,Transition Area,         ,Todd,Watson,Clear,"Sideswipe, Same Direction",no,no,no,no,yes,False
103306033,METROPOLITAN NASHVILLE POLICE DEPT,20220245913,Davidson,Nashville,5/19/2022 6:54:00 AM,2,0,0,36.142620,-86.708690,I 40,,,,0.00,,,,,,,214.30,N,Not at Intersection, ,Non-Junction,None,,,         ,Patrick,Lancaster,Cloudy,Front to Rear,no,no,no,no,no,False
103306040,METROPOLITAN NASHVILLE POLICE DEPT,20220246024,Davidson,Nashville,5/19/2022 7:44:00 AM,1,0,0,36.238450,-86.740660,BRILEY PKWYE,,,,86.00,Feet,East,BRILEY PKWY E EXT RAMP,,,,0.00,N,Not at Intersection,N,Non-Junction,None,,,         ,Ryan,Papp,Clear,Not Collision with Motor Vehicle in Transport,no,no,no,no,no,False
103306048,METROPOLITAN NASHVILLE POLICE DEPT,20220245952,Davidson,Nashville,5/19/2022 7:12:00 AM,2,0,0,36.071790,-86.691150,I 24,,,,0.00,,,,,,,56.80,N,Not at Intersection,N,Non-Junction,None,,,         ,Eric,Ziegler,Clear,Front to Rear,no,no,no,no,no,False
103306057,METROPOLITAN NASHVILLE POLICE DEPT,20220246058,Davidson,Nashville,5/19/2022 8:18:00 AM,2,0,0,36.191870,-86.744810,GALLATIN AV,,,,15.00,Feet,South,MCKENNIE AV,,,,0.00,N,Not at Intersection, ,,None,,,         ,Steven,Meador,,,no,no,no,no,no,False
103306062,METROPOLITAN NASHVILLE POLICE DEPT,20220246027,Davidson,Nashville,5/19/2022 7:53:00 AM,2,0,0,36.194620,-86.752770,ELLINGTON PKWYS,,,,245.00,Feet,South,ELLINGTON PKWY S EXT RAMP,,,,0.00,N,Not at Intersection,N,Non-Junction,None,,,         ,Ian,Wilson,Clear,Front to Rear,no,no,no,no,no,False
103306069,METROPOLITAN NASHVILLE POLICE DEPT,20220246124,Davidson,Nashville,5/19/2022 8:51:00 AM,2,0,0,36.228430,-86.770170,HILLHURST DR,,,,0.00,,,LYNDALE DR,,,,0.00,Y,Four-Way,Y,Intersection,None,,,         ,Jarret,Sonnenberg,Clear,Front to Rear,no,no,no,no,yes,False
103306076,METROPOLITAN NASHVILLE POLICE DEPT,220246091,Davidson,Nashville,5/19/2022 8:15:00 AM,2,0,0,36.110670,-86.741900,THOMPSON LN,,,,0.00,,,LOGAN ST,,,,0.00,Y,T-Intersection, ,,None,,,         ,David,Rehm,,,no,no,no,no,no,False
103306091,METROPOLITAN NASHVILLE POLICE DEPT,20220246113,Davidson,Nashville,5/19/2022 8:45:00 AM,2,0,0,36.150690,-86.767950,2ND AVS,,,,0.00,,,LAFAYETTE ST,,,,0.00,Y,Four-Way,N,Intersection,None,,,         ,Wesley,Young,Clear,"Sideswipe, Same Direction",no,no,no,no,yes,False
103306129,METROPOLITAN NASHVILLE POLICE DEPT,20220244546,Davidson,Nashville,5/18/2022 2:28:00 PM,2,1,0,36.193030,-86.830200,CLARKSVILLE PKE,,,,376.00,Feet,East,BUENA VISTA PKE,,,,0.00,N,Not at Intersection,N,Non-Junction,None,,,         ,Stacia,Getz,Clear,Unknown,no,no,no,no,yes,False
103306135,METROPOLITAN NASHVILLE POLICE DEPT,20220246018,Davidson,Nashville,5/19/2022 7:35:00 AM,2,1,0,36.231510,-86.781520,BRICK CHURCH PKE,,,,33.00,Feet,South,EWING DR,,,,0.00,N,Not at Intersection,N,OtherLocation,None,,,         ,Broderick,Jones,Clear,"Sideswipe, Same Direction",no,no,no,no,no,False
103306137,METROPOLITAN NASHVILLE POLICE DEPT,20220246331,Davidson,Nashville,5/19/2022 12:00:00 AM,2,0,0,36.141820,-86.713550,I 40,,,,0.00,,,,,,,214.00,N,Not at Intersection, ,Non-Junction,None,,,         ,Ashley,Kappenmacher,Clear,"Sideswipe, Same Direction",no,no,no,no,no,False
103306146,METROPOLITAN NASHVILLE POLICE DEPT,20220246192,Davidson,Not in City Limit,5/19/2022 9:20:00 AM,1,1,0,36.075390,-86.968930,I 40,,,,0.00,,,,,,,195.55,N,Not at Intersection,N,Non-Junction,None,,,         ,Wesley,Tilley,Clear,Not Collision with Motor Vehicle in Transport,no,no,no,no,no,False
103306154,METROPOLITAN NASHVILLE POLICE DEPT,20220246391,Davidson,Nashville,5/19/2022 11:16:00 AM,2,1,0,36.045180,-86.699890,BELL RD,,,,529.00,Feet,East,BENZING RD,,,,0.00,N,Not at Intersection,N,Non-Junction,None,,,         ,Tavin,Emlund,Clear,Front to Rear,no,no,no,no,no,False
103306157,METROPOLITAN NASHVILLE POLICE DEPT,20220246311,Davidson,Nashville,5/19/2022 10:20:00 AM,2,1,0,36.103990,-86.715750,I 24,,,,0.00,,,,,,,54.20,N,Not at Intersection,N,Entrance/Exit Ramp Related,None,,,         ,Todd,Watson,Clear,"Sideswipe, Same Direction",no,no,no,no,no,False
103306160,METROPOLITAN NASHVILLE POLICE DEPT,20220246267,Davidson,Nashville,5/19/2022 9:45:00 AM,2,1,0,36.077730,-86.725760,NOLENSVILLE PKE,,,,240.00,Feet,North,WALLACE RD,,,,0.00,N,Not at Intersection,N,Non-Junction,None,,,         ,Stanley,Collins,Clear,Angle,no,no,no,no,no,False
103306193,METROPOLITAN NASHVILLE POLICE DEPT,20220246462,Davidson,Nashville,5/19/2022 8:52:00 AM,2,0,0,36.107950,-86.816500,GREEN HILLS VILLAGE DR,,,,668.00,Feet,South,CLEGHORN AV,,,,0.00,N,Not at Intersection, ,Non-Junction,None,,,         ,Douglas,Atwood,Cloudy,Front to Rear,no,no,no,yes,yes,False
103306204,METROPOLITAN NASHVILLE POLICE DEPT,20220246448,Davidson,Nashville,5/19/2022 11:30:00 AM,2,0,0,36.206080,-86.771100,W TRINITY LN,,,,0.00,Feet,,LUCAS LN,,,,0.00,Y,T-Intersection,N,Intersection,None,,,         ,Jarret,Sonnenberg,Clear,Front to Rear,no,no,no,no,yes,False
103306205,METROPOLITAN NASHVILLE POLICE DEPT,20220245926,Davidson,Nashville,5/19/2022 7:01:00 AM,2,2,0,36.156980,-86.832730,CLIFTON AV,,,,0.00,Feet,,ALAMEDA ST,,,,0.00,Y,Four-Way,N,Intersection,None,,,         ,Darren,Key,Cloudy,Angle,no,no,no,no,yes,False
103306222,METROPOLITAN NASHVILLE POLICE DEPT,20220246440,Davidson,Nashville,5/19/2022 11:11:00 AM,2,0,0,36.149510,-86.743120,FESSLERS LN,,,,129.00,Feet,North,FESSLERS PKWY,,,,0.00,N,Not at Intersection, ,Non-Junction,None,,,         ,Larry,Benz,Clear,Angle,no,no,no,no,no,False
103306224,METROPOLITAN NASHVILLE POLICE DEPT,20220246451,Davidson,Nashville,5/19/2022 12:03:00 PM,2,1,0,36.171430,-86.769040,JAMES ROBERTSON PKWY,,,,0.00,,,INTERSTATE DR,,,,0.00,Y,Four-Way,N,Intersection,None,,,         ,Joshua,Reece,Clear,Angle,no,no,no,no,no,False
103306258,METROPOLITAN NASHVILLE POLICE DEPT,20220246381,Davidson,Nashville,5/19/2022 11:07:00 AM,1,1,0,36.114490,-86.918650,I 40,,,,0.00,,,,,,,199.50,N,Not at Intersection,N,Non-Junction,None,,,         ,Darren,Key,Cloudy,Not Collision with Motor Vehicle in Transport,no,no,no,no,no,False
103306259,METROPOLITAN NASHVILLE POLICE DEPT,20220246160,Davidson,Nashville,5/19/2022 6:45:00 AM,1,0,0,36.090620,-86.884270,NEUHOFF LN,,,,200.00,Feet,South,ST HENRY DR,,,,0.00,N,Not at Intersection, ,Non-Junction,None,,,         ,Wesley,Tilley,Clear,Not Collision with Motor Vehicle in Transport,no,no,no,no,yes,False
103306309,GOODLETTSVILLE POLICE DEPT,22-14935,Davidson,Goodlettsville,5/17/2022 4:05:00 PM,1,1,0,36.301670,-86.720770,DICKERSON PKES,,,,169.00,Feet,North,GARRETT DR,,,,0.00,N,Not at Intersection,N,Non-Junction,None,,,         ,Daniel,Knalls,Clear,Not Collision with Motor Vehicle in Transport,no,no,no,no,no,False
103306334,METROPOLITAN NASHVILLE POLICE DEPT,20220246679,Davidson,Not in City Limit,5/19/2022 2:49:00 PM,2,0,0,36.273440,-86.710040,ANDERSON LN,,,,0.00,,,GALLATIN PKEN,,,,0.00,Y,T-Intersection, ,,None,,,         ,Christopher,Littles,,,no,no,no,no,no,False
103306359,METROPOLITAN NASHVILLE POLICE DEPT,20220246578,Davidson,Nashville,5/19/2022 1:24:00 PM,2,4,0,36.111620,-86.792580,WOODMONT BLVD,,,,0.00,Feet,,GRANNY WHITE PKE,,,,0.00,Y,Four-Way,N,Intersection,None,,,         ,Sekou,Samassi,Clear,Angle,no,no,no,no,no,False
103306364,METROPOLITAN NASHVILLE POLICE DEPT,20220246567,Davidson,Nashville,5/19/2022 12:14:00 PM,3,0,0,36.086700,-86.691650,ANTIOCH PKE,,,,310.00,Feet,South,HARDING PL,,,,0.00,N,Not at Intersection,N,Non-Junction,None,,,         ,Stanley,Collins,Clear,"Sideswipe, Same Direction",no,no,no,no,no,False
103306366,METROPOLITAN NASHVILLE POLICE DEPT,20220246655,Davidson,Nashville,5/19/2022 2:15:00 PM,2,0,0,36.152630,-86.825970,35TH AVN,,,,53.00,Feet,South,CHARLOTTE AV,,,,0.00,N,Not at Intersection, ,,None,,,         ,Wesley,Tilley,,,no,no,no,no,no,False
103306367,METROPOLITAN NASHVILLE POLICE DEPT,20220246708,Davidson,Nashville,5/19/2022 2:47:00 PM,1,1,0,36.158620,-86.790350,CHURCH ST,,,,0.00,,,,,,,0.00,,,N,Non-Junction,None,,,         ,Daniel,Russett,Clear,Not Collision with Motor Vehicle in Transport,no,no,no,no,no,False
103306368,METROPOLITAN NASHVILLE POLICE DEPT,20220246642,Davidson,Nashville,5/19/2022 2:05:00 PM,2,1,0,36.156570,-86.775870,KOREAN VETERANS BLVD,,,,0.00,,,5TH AVS,,,,0.00,Y,Four-Way,N,Intersection,None,,,         ,Joshua,Reece,Clear,Front to Rear,no,no,no,no,no,False
103306399,METROPOLITAN NASHVILLE POLICE DEPT,20220244407,Davidson,Antioch,5/18/2022 12:34:00 PM,2,0,0,36.047840,-86.612050,MURFREESBORO PKE,,,,1284.00,Feet,North,MOUNTAIN SPRINGS RD,,,,0.00,N,Not at Intersection,N,Non-Junction,None,,,         ,Tyler,Heckaman,Clear,Angle,no,no,no,no,no,False
103306415,METROPOLITAN NASHVILLE POLICE DEPT,20220246691,Davidson,Nashville,5/19/2022 2:30:00 PM,2,0,0,36.177580,-86.750060,CLEARVIEW AV,,,,32.00,Feet,West,WOODLAND ST,,,,0.00,N,Not at Intersection, ,,None,,,         ,Steven,Meador,,,no,no,no,no,no,False
103306427,METROPOLITAN NASHVILLE POLICE DEPT,20220244567,Davidson,Antioch,5/18/2022 2:43:00 PM,3,2,0,36.016850,-86.619880,FIRESTONE PKWY,,,,0.00,Feet,,OLD HICKORY BLVD,,,,0.00,Y,Four-Way,N,Intersection,None,,,         ,Jonas,Elias,Clear,"Sideswipe, Opposite Direction",no,no,no,no,no,False
103306454,METROPOLITAN NASHVILLE POLICE DEPT,20220246753,Davidson,Nashville,5/19/2022 2:59:00 PM,2,1,0,36.130650,-86.900310,CABOT DR,,,,172.00,Feet,North,I40 W EXT RAMP,,,,0.00,N,Not at Intersection,N,Entrance/Exit Ramp Related,None,,,         ,Ryan,Thomas,Clear,Front to Rear,no,no,no,no,no,False
103306458,METROPOLITAN NASHVILLE POLICE DEPT,20220246750,Davidson,Nashville,5/19/2022 12:00:00 PM,2,0,0,36.148800,-86.774910,I 40,,,,0.00,,,,,,,210.10,N,Not at Intersection, ,Non-Junction,None,,,         ,Dakota,Davis,Clear,"Sideswipe, Same Direction",no,no,no,no,no,False
103306469,METROPOLITAN NASHVILLE POLICE DEPT,20220246513,Davidson,Nashville,5/19/2022 12:40:00 PM,2,0,0,36.082780,-86.628690,MOSSDALE DR,,,,2.00,Feet,East,BELL RD,,,,0.00,N,Not at Intersection,N,Non-Junction,None,,,         ,Peabo,McAlmont,Clear,Front to Rear,no,no,no,no,no,False
103306479,METROPOLITAN NASHVILLE POLICE DEPT,20220246856,Davidson,Nashville,5/19/2022 3:35:00 PM,2,0,0,36.086860,-86.693820,HARDING PL,,,,519.00,Feet,West,ANTIOCH PKE,,,,0.00,N,Not at Intersection,N,Non-Junction,None,,,         ,Alexandra,Herring,Clear,Rear to Rear,no,no,no,yes,yes,False
103306482,METROPOLITAN NASHVILLE POLICE DEPT,20220246831,Davidson,Nashville,5/19/2022 4:12:00 PM,2,1,0,36.188070,-86.797810,DOMINICAN DR,,,,203.00,Feet,East,ROSA L PARKS BLVD,,,,0.00,N,Not at Intersection,N,Non-Junction,None,,,         ,Joshua,Dodge,Clear,Angle,no,no,no,no,yes,False
103306492,METROPOLITAN NASHVILLE POLICE DEPT,20220246508,Davidson,Nashville,5/19/2022 11:10:00 AM,2,0,0,36.131190,-86.750090,HUTTON DR,,,,0.00,,,POLK AV,,,,0.00,Y,Four-Way, ,Intersection,None,,,         ,Todd,Watson,Clear,Front to Rear,no,no,no,no,no,False
103306516,METROPOLITAN NASHVILLE POLICE DEPT,20220246756,Davidson,Nashville,5/19/2022 12:00:00 AM,3,2,0,36.051510,-86.714360,OCALA DR,,,,0.00,,,NOLENSVILLE PKE,,,,0.00,Y,Four-Way,Y,Intersection,None,,,         ,Jack,Pfeiffer,Clear,Other,no,no,no,no,no,False
103306524,METROPOLITAN NASHVILLE POLICE DEPT,20220240348,Davidson,Nashville,5/16/2022 3:49:00 PM,1,0,1,36.018190,-87.021850,HESTER BEASLEY RD,,,,1904.00,Feet,East,HIGHWAY 100,,,,0.00,N,Not at Intersection,N,Non-Junction,None,,,         ,Ryan,Allen,Clear,Not Collision with Motor Vehicle in Transport,no,no,no,no,no,False
103306531,VANDERBILT UNIVERSITY POLICE,20220246958,Davidson,Nashville,5/19/2022 12:00:00 AM,2,0,0,36.108930,-86.763960,POWELL AV,,,,0.00,,,,,,,0.00,,, ,Non-Junction,None,,,         ,Yarrish,Hammons,Clear,Unknown,no,no,no,yes,yes,OHO
103306533,METROPOLITAN NASHVILLE POLICE DEPT,2022046855,Davidson,Not in City Limit,5/19/2022 4:23:00 PM,2,0,0,36.269410,-86.755650,DICKERSON PKE,,,,58.00,Feet,North,OLD HICKORY BLVD,,,,0.00,N,Not at Intersection,N,Non-Junction,None,,,         ,Wesley,Carver,Clear,Angle,no,no,no,no,no,False
103306534,METROPOLITAN NASHVILLE POLICE DEPT,20220246910,Davidson,Nashville,5/19/2022 4:25:00 PM,2,0,0,36.124830,-86.752110,NOLENSVILLE PKE,,,,62.00,Feet,South,ROSEDALE AV,,,,0.00,N,Not at Intersection, ,Non-Junction,None,,,         ,Brady,Reynolds,Clear,Angle,no,no,no,no,no,False
103306552,METROPOLITAN NASHVILLE POLICE DEPT,20220247052,Davidson,Nashville,5/17/2022 12:00:00 AM,2,0,0,36.152530,-86.789430,DEMONBREUN ST,,,,0.00,,,,,,,0.00,,, ,,None,,,         ,Dakota,Davis,,,no,no,no,yes,no,False
103306560,METROPOLITAN NASHVILLE POLICE DEPT,20220247044,Davidson,Nashville,5/19/2022 6:10:00 PM,2,0,0,36.055010,-86.674720,I 24,,,,0.00,,,,,,,58.30,N,Not at Intersection,N,Non-Junction,None,,,         ,Taylor,Blackwelder,Clear,Front to Rear,no,no,no,no,no,False
103306567,METROPOLITAN NASHVILLE POLICE DEPT,2022-0242109,Davidson,Nashville,5/17/2022 12:00:00 AM,2,0,0,36.141190,-86.731320,I 40,,,,0.00,,,,,,,212.85,N,Not at Intersection, ,Non-Junction,None,,,         ,Frank,Walker,Clear,"Sideswipe, Same Direction",no,no,no,no,no,False
103306569,METROPOLITAN NASHVILLE POLICE DEPT,20220246742,Davidson,Nashville,5/19/2022 1:18:00 PM,2,0,0,36.141910,-86.640610,TIMBER VALLEY DR,,,,0.00,,,ELM HILL PKE,,,,0.00,Y,T-Intersection,N,Intersection,None,,,         ,Phillip,Burke,Clear,Angle,no,no,no,no,no,False
103306570,METROPOLITAN NASHVILLE POLICE DEPT,20220247059,Davidson,Nashville,5/19/2022 6:28:00 PM,2,0,0,36.110170,-86.744820,NOLENSVILLE PKE,,,,5.00,Feet,South,COLLIER AV,,,,0.00,N,Not at Intersection, ,Non-Junction,None,,,         ,Jack,Pfeiffer,Clear,Other,no,no,no,no,no,False
103306572,METROPOLITAN NASHVILLE POLICE DEPT,20220246965,Davidson,Nashville,5/19/2022 5:35:00 PM,2,0,0,36.131500,-86.896500,CHARLOTTE PKE,,,,61.00,Feet,West,I40 E EXT RAMP,,,,0.00,N,Not at Intersection,N,Non-Junction,None,,,         ,Justin,Wells,Clear,Front to Rear,no,no,no,no,no,False
103306581,METROPOLITAN NASHVILLE POLICE DEPT,20220247156,Davidson,Madison,5/19/2022 7:10:00 PM,2,0,0,36.262990,-86.711290,STATE RT 45,,,,190.00,Feet,East,GALLATIN PKEN,,,,0.00,N,Not at Intersection, ,Non-Junction,None,,,         ,Kyle,Eicholtz,Clear,Front to Rear,no,no,no,no,no,False
103306618,METROPOLITAN NASHVILLE POLICE DEPT,20220247094,Davidson,Not in City Limit,5/19/2022 6:52:00 PM,2,1,0,36.277680,-86.721080,HIGHLAND CIR,,,,0.00,Feet,East,HAMBLEN DR,,,,0.00,N,Not at Intersection,N,Non-Junction,None,,,         ,Wesley,Carver,Clear,HeadOn,no,no,no,no,no,False
103306626,METROPOLITAN NASHVILLE POLICE DEPT,20220247230,Davidson,Nashville,5/19/2022 8:18:00 PM,2,1,0,36.040350,-86.769120,OLD HICKORY BLVD,,,,0.00,,,,,,,0.00,,,N,Non-Junction,None,,,         ,Flynn,Ireland,Clear,Front to Rear,no,no,no,no,no,False
103306633,METROPOLITAN NASHVILLE POLICE DEPT,20220247119,Davidson,Nashville,5/19/2022 6:50:00 PM,2,0,0,36.157830,-86.637430,STEWARTS FERRY PKE,,,,472.00,Feet,West,CLOVERWOOD DR,,,,0.00,N,Not at Intersection, ,,None,,,         ,Donovan,Coble,,,no,no,no,no,no,False
103306693,METROPOLITAN NASHVILLE POLICE DEPT,20220247042,Davidson,Madison,5/19/2022 6:17:00 PM,2,1,0,36.262210,-86.712210,GALLATIN PKES,,,,0.00,Feet,,E OLD HICKORY BLVD,,,,0.00,Y,Four-Way,N,Intersection,None,,,         ,William,Hudson,Clear,Angle,no,no,no,no,no,False
103306712,METROPOLITAN NASHVILLE POLICE DEPT,20220247279,Davidson,Nashville,5/19/2022 9:00:00 PM,2,2,0,36.139000,-86.665800,DONELSON PKE,,,,0.00,Feet,,I40 E ENT RAMP,,,,0.00,Y,T-Intersection,N,Intersection,None,,,         ,Donovan,Coble,Clear,Angle,no,no,no,no,no,False
103306759,METROPOLITAN NASHVILLE POLICE DEPT,20220247047,Davidson,Nashville,5/19/2022 5:57:00 PM,2,0,0,36.087310,-86.692480,HARDING PL,,,,90.00,Feet,West,ANTIOCH PKE,,,,0.00,N,Not at Intersection, ,Non-Junction,None,,,         ,Megan,Arnett,Clear,"Sideswipe, Same Direction",no,no,no,no,no,False
103306760,METROPOLITAN NASHVILLE POLICE DEPT,20220247274,Davidson,Nashville,5/19/2022 8:46:00 PM,2,1,0,36.125160,-86.733260,I 440,,,,0.00,Feet,East,I24 E ENT RAMP,,,,0.00,N,Not at Intersection,N,Non-Junction,None,,,         ,Adam,Kauffman,Cloudy,Other,no,no,no,no,yes,False
103306763,METROPOLITAN NASHVILLE POLICE DEPT,20220247020,Davidson,Antioch,5/19/2022 5:45:00 PM,2,0,0,36.042850,-86.606550,MURFREESBORO PKE,,,,0.00,,,HOBSON PKE,,,,0.00,Y,Four-Way, ,,None,,,         ,Nathaniel,Myers,,,no,no,no,no,no,False