master_record_number,agency,agency_tracking_number,county,city,collision_date,vehicles_involved,number_injured,number_dead,latitude,longitude,roadway_name,roadway_suffix,roadway_number,roadway_local_id,distance_from_reference,miles-feet_indicator,direction_from_reference,intersection_road_name,intersection_road_name_suffix,intersection_road_number,intersection_local_id,mile_marker,intersection_indicator,intersect_type,interchange_related_indicator,relation_to_junction,work_zone_type,construction_maintenance_zone,construction_maintenance_zone_location,fatal_case_number,officer_first_name,officer_last_name,weather_condition(s),manner_of_crash,pedestrian,bicycle,scooter,parking,hitrun,mou
103308388,METROPOLITAN NASHVILLE POLICE DEPT,20220250114,Davidson,Nashville,5/21/2022 11:16:00 AM,3,1,0,36.142250,-86.828900,37TH AVN,,,,0.00,,,NEBRASKA AV,,,,0.00,Y,Four-Way,N,Intersection,None,,,         ,Michael,Pyle,Clear,Angle,no,no,no,no,no,False
103308475,METROPOLITAN NASHVILLE POLICE DEPT,20220250294,Davidson,Nashville,5/21/2022 2:50:00 PM,4,1,0,36.141400,-86.716110,I 40,,,,0.00,,,,,,,213.15,N,Not at Intersection,N,Non-Junction,None,,,         ,Brian,Ritz,Clear,Front to Rear,no,no,no,no,no,False
103308482,METROPOLITAN NASHVILLE POLICE DEPT,20220250181,Davidson,Nashville,5/21/2022 12:44:00 PM,1,1,0,36.086680,-86.773560,BATTERY LN,,,,472.00,Feet,West,HARDING PL,,,,0.00,N,Not at Intersection,N,Non-Junction,None,,,         ,Bianca,Crawford,Clear,Not Collision with Motor Vehicle in Transport,no,no,no,no,no,False
103308499,METROPOLITAN NASHVILLE POLICE DEPT,20220250365,Davidson,Nashville,5/21/2022 3:20:00 PM,2,2,0,36.059070,-86.716220,TUSCULUM RD,,,,0.00,,,NOLENSVILLE PKE,,,,0.00,Y,Four-Way,N,Intersection,None,,,         ,Sean,McConnell,Clear,Front to Rear,no,no,no,no,no,False
103308506,METROPOLITAN NASHVILLE POLICE DEPT,20220250333,Davidson,Hermitage,5/21/2022 3:23:00 PM,1,0,0,36.265220,-86.672770,OLD HICKORY BLVD,,,,942.00,Feet,West,HICKORY INDUSTRIAL DR,,,,0.00,N,Not at Intersection,N,Non-Junction,None,,,         ,Wesley,Carver,Clear,Not Collision with Motor Vehicle in Transport,no,no,no,no,no,False
103308528,METROPOLITAN NASHVILLE POLICE DEPT,20220250392,Davidson,Nashville,5/21/2022 12:13:00 PM,2,1,0,36.084950,-86.703350,HARDING PL,,,,0.00,,,TRAVELERS INN DR,,,,0.00,Y,T-Intersection,N,Non-Junction,None,,,         ,Adam,Kauffman,Clear,"Sideswipe, Same Direction",no,no,no,no,no,False
103308529,METROPOLITAN NASHVILLE POLICE DEPT,20220250434,Davidson,Nashville,5/20/2022 2:37:00 PM,1,0,0,36.136360,-86.800910,21ST AVS,,,,96.00,Feet,South,BELCOURT AV,,,,0.00,N,Not at Intersection,N,Non-Junction,None,,,         ,Nicholas,Carroll,Clear,Not Collision with Motor Vehicle in Transport,no,no,no,yes,yes,Campus
103308532,METROPOLITAN NASHVILLE POLICE DEPT,20220250378,Davidson,Nashville,5/21/2022 12:00:00 AM,2,0,0,36.075010,-86.662540,UNA ANTIOCH PKE,,,,0.00,,,BILLINGSGATE RD,,,,0.00,Y,T-Intersection, ,Intersection,None,,,         ,John,Braun,Clear,Angle,no,no,no,no,no,False
103308533,METROPOLITAN NASHVILLE POLICE DEPT,20220250487,Davidson,Not in City Limit,5/21/2022 5:37:00 PM,2,2,0,36.330580,-86.920560,CLARKSVILLE PKE,,,,137.00,Feet,South,CLARKSVILLE HWY,,,,0.00,N,Not at Intersection,N,Non-Junction,None,,,         ,Austin,Bowles,Cloudy,Front to Rear,no,no,no,no,no,False
103308536,METROPOLITAN NASHVILLE POLICE DEPT,20220250496,Davidson,Nashville,5/21/2022 1:22:00 PM,1,0,0,36.086270,-86.717840,JONQUIL DR,,,,174.00,Feet,North,VERBENA DR,,,,0.00,N,Not at Intersection,N,Non-Junction,None,,,         ,Adam,Kauffman,Clear,Not Collision with Motor Vehicle in Transport,no,no,no,no,yes,False
103308541,METROPOLITAN NASHVILLE POLICE DEPT,20220250510,Davidson,Nashville,5/21/2022 5:59:00 PM,2,1,0,36.229160,-86.596850,SAUNDERSVILLE RD,,,,656.00,Feet,West,WYNTERGRACE FARM CT,,,,0.00,N,Not at Intersection,N,Non-Junction,None,,,         ,Zacarias,Brito Jr.,Cloudy,Angle,no,no,no,no,yes,False
103308558,METROPOLITAN NASHVILLE POLICE DEPT,20220250495,Davidson,Nashville,5/21/2022 5:35:00 PM,2,0,0,36.137200,-86.699670,BRILEY PKWY,,,,0.00,,,GLASTONBURY RD,,,,0.00,Y,Four-Way,N,Intersection,None,,,         ,Robert,Marquez,Clear,Angle,no,no,no,no,no,False
103308570,METROPOLITAN NASHVILLE POLICE DEPT,20220250321,Davidson,Nashville,5/21/2022 1:29:00 PM,1,1,0,36.141130,-86.662220,I40 W EXT RAMP,,,,0.00,Feet,East,I 40,,,,0.00,N,Not at Intersection,N,Non-Junction,None,,,         ,William,Boler,Clear,Not Collision with Motor Vehicle in Transport,no,no,no,no,no,False
103308582,METROPOLITAN NASHVILLE POLICE DEPT,20220250525,Davidson,Nashville,5/21/2022 6:14:00 PM,1,1,0,36.125790,-86.765870,BRANSFORD AV,,,,0.00,,,CRAIGHEAD ST,,,,0.00,Y,Four-Way,N,Intersection,None,,,         ,Jared,Dick,Cloudy,Not Collision with Motor Vehicle in Transport,yes,no,no,no,no,False
103308583,METROPOLITAN NASHVILLE POLICE DEPT,20220250450,Davidson,Nashville,5/21/2022 5:00:00 PM,2,0,0,36.192350,-86.829090,CLARKSVILLE PKE,,,,13.00,Feet,West,CLIFF DR,,,,0.00,N,Not at Intersection,N,Non-Junction,None,,,         ,Robert,Laboy,Clear,"Sideswipe, Same Direction",no,no,no,no,no,False
103308584,METROPOLITAN NASHVILLE POLICE DEPT,20220250540,Davidson,Nashville,5/21/2022 6:55:00 PM,2,0,0,36.045660,-86.674000,BELL RD,,,,108.00,Feet,East,BLUE HOLE RD,,,,0.00,N,Not at Intersection, ,Non-Junction,None,,,         ,Taylor,Blackwelder,Clear,"Sideswipe, Same Direction",no,no,no,no,no,False
103308595,METROPOLITAN NASHVILLE POLICE DEPT,20220250613,Davidson,Nashville,5/21/2022 7:30:00 PM,1,0,0,36.195210,-86.775570,I 65,,,,0.00,,,,,,,86.50,N,Not at Intersection,N,Entrance/Exit Ramp Related,None,,,         ,Jacob,Frederick,Rain,Not Collision with Motor Vehicle in Transport,no,no,no,no,no,False
103308596,METROPOLITAN NASHVILLE POLICE DEPT,20220250632,Davidson,Nashville,5/21/2022 8:02:00 PM,1,2,0,36.148840,-86.779650,I40 W ENT RAMP,,,,0.00,,,I 40,,,,0.00,Y,OTHER,N,Entrance/Exit Ramp Related,None,,,         ,Zachary,Cooper,Rain,Not Collision with Motor Vehicle in Transport,no,no,no,no,no,False
103308606,METROPOLITAN NASHVILLE POLICE DEPT,20220250397,Davidson,Nashville,5/21/2022 4:20:00 PM,7,3,0,36.048230,-86.664240,I 24,,,,0.00,,,,,,,59.05,N,Not at Intersection,N,Non-Junction,Work Zone,Work On Shoulder Or Median,Activity Area,         ,Steven,Bowler,Cloudy,Front to Rear,no,no,no,no,no,False
103308626,METROPOLITAN NASHVILLE POLICE DEPT,20220250651,Davidson,Nashville,5/21/2022 12:00:00 AM,2,0,0,36.070180,-86.684810,HAYWOOD LN,,,,255.00,Feet,East,BAKERTOWN RD,,,,0.00,N,Not at Intersection,N,Non-Junction,None,,,         ,John,Braun,"Cloudy, Rain",Front to Rear,no,no,no,no,yes,False
103308627,METROPOLITAN NASHVILLE POLICE DEPT,20220250637,Davidson,Nashville,5/21/2022 12:00:00 AM,2,0,0,36.176910,-86.774580,SPRING ST,,,,0.00,,,N 1ST ST,,,,0.00,Y,Four-Way, ,Intersection-Related,None,,,         ,Douglas,Hart,Rain,Front to Rear,no,no,no,no,no,False
103308637,METROPOLITAN NASHVILLE POLICE DEPT,20220250481,Davidson,Nashville,5/21/2022 5:29:00 PM,1,1,0,36.054290,-86.725330,AMALIE DR,,,,87.00,Feet,South,MCMURRAY DR,,,,0.00,N,Not at Intersection,N,Non-Junction,None,,,         ,Nicholas,Carroll,Clear,Not Collision with Motor Vehicle in Transport,no,no,no,no,no,False
103308669,METROPOLITAN NASHVILLE POLICE DEPT,20220250638,Davidson,Nashville,5/21/2022 8:11:00 PM,2,1,0,36.148010,-86.692840,BRILEY PKWYS,,,,115.00,Feet,East,BRILEY PKWYN,,,,0.00,N,Not at Intersection,N,Non-Junction,None,,,         ,William,Boler,Rain,Angle,no,no,no,no,no,False
103308686,METROPOLITAN NASHVILLE POLICE DEPT,20220250473,Davidson,Nashville,5/21/2022 5:22:00 PM,2,2,0,36.134670,-86.723500,MURFREESBORO PKE,,,,362.00,Feet,West,PLUS PARK BLVD,,,,0.00,N,Not at Intersection,N,Non-Junction,None,,,         ,Zachary,Aldrich,Clear,Angle,no,no,no,no,no,False
103308696,METROPOLITAN NASHVILLE POLICE DEPT,20220250650,Davidson,Nashville,5/21/2022 8:12:00 PM,1,1,0,36.213970,-86.748440,ELLINGTON PKWYS,,,,414.00,Feet,South,ELLINGTON PKWYN,,,,0.00,N,Not at Intersection,N,Non-Junction,None,,,         ,Daniel,Carney,Rain,Not Collision with Motor Vehicle in Transport,no,no,no,no,no,False
103308707,METROPOLITAN NASHVILLE POLICE DEPT,20220250681,Davidson,Nashville,5/21/2022 9:10:00 PM,2,0,0,36.153270,-86.756410,I 40,,,,0.00,,,,,,,211.20,N,Not at Intersection, ,Non-Junction,None,,,         ,Timothy,Lehnert,Rain,Front to Rear,no,no,no,no,no,False
103308709,METROPOLITAN NASHVILLE POLICE DEPT,20220250402,Davidson,Not in City Limit,5/21/2022 12:00:00 AM,2,6,0,36.258020,-86.713690,GALLATIN PKES,,,,156.00,Feet,South,HARRIS ST,,,,0.00,N,Not at Intersection,N,Non-Junction,None,,,         ,Amanda,Topping,Clear,Angle,no,no,no,no,no,False
103308724,METROPOLITAN NASHVILLE POLICE DEPT,20220250638,Davidson,Nashville,5/21/2022 8:11:00 PM,2,1,0,36.143770,-86.722560,SPENCE LN,,,,68.00,Feet,South,ELM HILL PKE,,,,0.00,N,Not at Intersection,N,Non-Junction,None,,,         ,Brandon,Chapman,Rain,HeadOn,no,no,no,no,no,False
103308737,METROPOLITAN NASHVILLE POLICE DEPT,20220250765,Davidson,Nashville,5/21/2022 9:40:00 PM,2,0,0,36.107720,-86.720320,I 24,,,,0.00,,,,,,,53.85,N,Not at Intersection, ,Non-Junction,None,,,         ,Eric,Laury,"Cloudy, Rain",Front to Rear,no,no,no,no,no,False
103308741,METROPOLITAN NASHVILLE POLICE DEPT,20220250763,Davidson,Nashville,5/21/2022 9:22:00 PM,2,0,0,36.109420,-86.922490,OLD HICKORY BLVD,,,,578.00,Feet,North,ROCKY LN,,,,0.00,N,Not at Intersection, ,,None,,,         ,Nicholas,Smith,,,no,no,no,no,no,False
103308748,METROPOLITAN NASHVILLE POLICE DEPT,20220250619,Davidson,Nashville,5/21/2022 7:36:00 PM,2,0,0,36.154630,-86.779160,LAFAYETTE ST,,,,0.00,,,8TH AVS,,,,0.00,Y,Roundabout, ,,None,,,         ,Kency,Le,,,no,no,no,no,no,False
103308753,METROPOLITAN NASHVILLE POLICE DEPT,20220250791,Davidson,Nashville,5/21/2022 10:16:00 PM,2,0,0,36.234520,-86.625900,MONTCHANIN RD,,,,0.00,,,OLD HICKORY BLVD,,,,0.00,Y,Four-Way, ,Intersection-Related,None,,,         ,Robert,Marquez,Rain,Front to Rear,no,no,no,no,no,False
103308756,BRENTWOOD POLICE DEPT,BPD-22-01134,Davidson,Nashville,5/21/2022 7:15:00 PM,2,0,0,36.037310,-86.787480,OLD HICKORY BLVD,,,,271.00,Feet,West,FRANKLIN PKE,,,,0.00,N,Not at Intersection,N,Non-Junction,None,,,         ,William,Frasch,Rain,"Sideswipe, Same Direction",no,no,no,no,yes,False
103308769,METROPOLITAN NASHVILLE POLICE DEPT,20220250809,Davidson,Nashville,5/21/2022 12:00:00 AM,2,0,0,36.081260,-86.724300,SEVEN MILE CREEK HARDING MALL,,,,0.00,,,HARDING MALL PVTDR,,,,0.00,Y,OTHER,N,Non-Junction,None,,,         ,Jack,Burke,Clear,Angle,no,no,no,yes,no,False
103308772,METROPOLITAN NASHVILLE POLICE DEPT,20220250683,Davidson,Nashville,5/21/2022 9:16:00 PM,3,1,0,36.074480,-86.920940,OLD HICKORY BLVD,,,,0.00,,,HIGHWAY 70S,,,,0.00,Y,Four-Way,N,Intersection-Related,None,,,         ,Christopher,Alceus,Rain,HeadOn,no,no,no,no,no,False
103308783,METROPOLITAN NASHVILLE POLICE DEPT,20220249860,Davidson,Nashville,5/21/2022 6:30:00 AM,2,0,0,36.077140,-86.641460,MURFREESBORO PKE,,,,0.00,,,LAKEVILLA DR,,,,0.00,Y,Four-Way, ,,None,,,         ,Jason,Lyons,,,no,no,no,no,no,False
103308790,METROPOLITAN NASHVILLE POLICE DEPT,20220250707,Davidson,Nashville,5/21/2022 8:00:00 PM,2,1,0,36.181490,-86.749350,GALLATIN AV,,,,63.00,Feet,North,MANSFIELD ST,,,,0.00,N,Not at Intersection,N,Non-Junction,None,,,         ,Nicholas,Cochran,Rain,Angle,no,no,no,no,no,False
103308791,METROPOLITAN NASHVILLE POLICE DEPT,20220250932,Davidson,Nashville,5/21/2022 12:00:00 AM,1,0,0,36.089520,-86.620950,SMITH SPRINGS RD,,,,353.00,Feet,East,RURAL HILL RD,,,,0.00,N,Not at Intersection,N,Non-Junction,None,,,         ,Christopher,Gooding,Clear,Unknown,no,no,no,no,yes,False
103308792,METROPOLITAN NASHVILLE POLICE DEPT,20220250766,Davidson,Nashville,5/21/2022 10:03:00 PM,1,1,0,36.239370,-86.776570,BRILEY PKWYW,,,,323.00,Feet,North,DOVERSIDE DR,,,,0.00,N,Not at Intersection,N,Non-Junction,None,,,         ,Tim,Le,Rain,Not Collision with Motor Vehicle in Transport,no,no,no,no,no,False
103308793,METROPOLITAN NASHVILLE POLICE DEPT,20220250610,Davidson,Nashville,5/21/2022 7:36:00 PM,1,1,0,36.138100,-86.889820,I 40,,,,0.00,,,,,,,201.80,N,Not at Intersection,N,Non-Junction,None,,,         ,Robert,Higgins,Rain,Not Collision with Motor Vehicle in Transport,no,no,no,no,no,False
103308795,METROPOLITAN NASHVILLE POLICE DEPT,20220250660,Davidson,Nashville,5/21/2022 12:00:00 AM,1,1,0,36.232740,-86.780620,EWING LN,,,,245.00,Feet,East,BRICK CHURCH PKE,,,,0.00,N,Not at Intersection,N,Non-Junction,None,,,         ,James,Kidd,Rain,Not Collision with Motor Vehicle in Transport,yes,no,no,yes,no,False
103308809,METROPOLITAN NASHVILLE POLICE DEPT,20220251012,Davidson,Nashville,5/22/2022 12:57:00 AM,1,0,0,36.049960,-86.666720,I 24,,,,0.00,,,,,,,58.90,N,Not at Intersection,N,Non-Junction,None,,,         ,Garrett,Reingardt,Rain,Not Collision with Motor Vehicle in Transport,no,no,no,no,yes,False
103308810,METROPOLITAN NASHVILLE POLICE DEPT,20220250669,Davidson,Not in City Limit,5/21/2022 8:40:00 PM,2,0,0,36.038120,-86.964370,HIGHWAY 100,,,,60.00,Feet,North,TRACESIDE DR,,,,0.00,N,Not at Intersection,N,Non-Junction,None,,,         ,Mark,Lemieux,Unknown,"Sideswipe, Same Direction",no,no,no,no,no,False
103308813,METROPOLITAN NASHVILLE POLICE DEPT,20220250431,Davidson,Nashville,5/21/2022 3:10:00 PM,2,0,0,36.131710,-86.768800,BENTON AV,,,,110.00,Feet,West,BRANSFORD AV,,,,0.00,N,Not at Intersection, ,"Driveway, Alley Access, etc",None,,,         ,Nicholas,Hoffmann,Clear,Rear to Side,no,no,no,no,yes,False
103308814,METROPOLITAN NASHVILLE POLICE DEPT,20220251005,Davidson,Nashville,5/22/2022 12:40:00 AM,1,1,0,36.161330,-86.780600,COMMERCE ST,,,,0.00,,,6TH AVN,,,,0.00,Y,T-Intersection,Y,Intersection,None,,,         ,Blake,Curry,Rain,Not Collision with Motor Vehicle in Transport,yes,no,no,no,yes,False
103308817,METROPOLITAN NASHVILLE POLICE DEPT,20220250853,Davidson,Nashville,5/21/2022 12:00:00 AM,1,0,0,36.045580,-86.645230,BELL FORGE PKWY,,,,42.00,Feet,West,HICKORY FORGE DR,,,,0.00,N,Not at Intersection,N,Non-Junction,None,,,         ,Kristopher,Sharpe,Unknown,Not Collision with Motor Vehicle in Transport,no,no,no,no,yes,False
103308818,METROPOLITAN NASHVILLE POLICE DEPT,20220250733,Davidson,Nashville,5/21/2022 9:50:00 PM,2,0,0,36.183350,-86.748570,GALLATIN AV,,,,0.00,Feet,East,W EASTLAND AV,,,,0.00,N,Not at Intersection,N,Non-Junction,None,,,         ,Spencer,Arroyo,Rain,Front to Rear,no,no,no,no,no,False
103308819,METROPOLITAN NASHVILLE POLICE DEPT,20220251021,Davidson,Nashville,5/22/2022 1:05:00 AM,1,0,0,36.079560,-86.764420,I65 N EXT RAMP,,,,0.00,Feet,East,I 65,,,,0.00,N,Not at Intersection,N,Non-Junction,None,,,         ,Sierra,Walker,Rain,Not Collision with Motor Vehicle in Transport,no,no,no,no,no,False
103308827,METROPOLITAN NASHVILLE POLICE DEPT,20220251058,Davidson,Not in City Limit,5/22/2022 12:00:00 AM,1,0,0,36.305240,-86.860380,WHITES CREEK PKE,,,,0.00,,,,,,,0.00,,,N,Non-Junction,None,,,         ,Hunter,Levan,Rain,Not Collision with Motor Vehicle in Transport,no,no,no,no,no,False
103308828,METROPOLITAN NASHVILLE POLICE DEPT,20220250968,Davidson,Nashville,5/22/2022 12:25:00 AM,1,0,0,36.206240,-86.776510,I 65,,,,0.00,,,,,,,87.30,N,Not at Intersection,N,AccelDecelLane,None,,,         ,Burton,Beeson,Rain,Not Collision with Motor Vehicle in Transport,no,no,no,no,no,False
103308830,METROPOLITAN NASHVILLE POLICE DEPT,20220251011,Davidson,Antioch,5/22/2022 12:59:00 AM,1,0,0,36.031480,-86.612150,OLD HICKORY BLVD,,,,436.00,Feet,South,PRESERVE BLVD,,,,0.00,N,Not at Intersection,N,Non-Junction,None,,,         ,Michael,Overberg,Cloudy,Not Collision with Motor Vehicle in Transport,no,no,no,no,no,False
103308836,METROPOLITAN NASHVILLE POLICE DEPT,20220251057,Davidson,Nashville,5/22/2022 12:00:00 AM,2,0,0,36.241960,-86.757080,DICKERSON PKE,,,,0.00,,,DICKERSON PKE ENT RAMP,,,,0.00,Y,Four-Way,Y,Intersection-Related,None,,,         ,Paul,Hughes II,Rain,Angle,no,no,no,no,yes,False
103308843,METROPOLITAN NASHVILLE POLICE DEPT,20220251148,Davidson,Nashville,5/22/2022 3:36:00 AM,1,0,0,36.068790,-86.716860,HAYWOOD LN,,,,171.00,Feet,West,HOPEDALE DR,,,,0.00,N,Not at Intersection,N,Non-Junction,None,,,         ,Garrett,Reingardt,Rain,Not Collision with Motor Vehicle in Transport,no,no,no,no,no,False
103308844,METROPOLITAN NASHVILLE POLICE DEPT,20220250824,Davidson,Nashville,5/21/2022 9:19:00 PM,2,0,0,36.154880,-86.627250,I40 E EXT RAMP,,,,0.00,Feet,East,I 40,,,,0.00,N,Not at Intersection, ,Entrance/Exit Ramp Related,None,,,         ,Jeffrey,Palomino-Gonzalez,Rain,Angle,no,no,no,no,no,False
103308845,METROPOLITAN NASHVILLE POLICE DEPT,20220251037,Davidson,Nashville,5/22/2022 1:15:00 AM,1,0,0,36.176740,-86.772680,I 24,,,,0.00,,,,,,,47.90,N,Not at Intersection,N,Non-Junction,None,,,         ,Mena,Mahros,"Cloudy, Rain",Not Collision with Motor Vehicle in Transport,no,no,no,no,no,False
103308864,METROPOLITAN NASHVILLE POLICE DEPT,20220251133,Davidson,Nashville,5/22/2022 3:18:00 AM,2,1,0,36.045610,-86.673780,BELL RD,,,,174.00,Feet,East,BLUE HOLE RD,,,,0.00,N,Not at Intersection,N,Non-Junction,None,,,         ,Michael,Overberg,Cloudy,"Sideswipe, Same Direction",no,no,no,no,yes,False
103308870,METROPOLITAN NASHVILLE POLICE DEPT,20220251040,Davidson,Nashville,5/22/2022 12:00:00 AM,2,1,0,36.199940,-86.776310,I 65,,,,0.00,,,,,,,86.85,N,Not at Intersection,N,Non-Junction,None,,,         ,Keith,Covert,Rain,Rear to Rear,no,no,no,no,no,False
103308875,METROPOLITAN NASHVILLE POLICE DEPT,20220250958,Davidson,Nashville,5/21/2022 10:40:00 PM,2,0,0,36.161830,-86.775130,2ND AVS,,,,23.00,Feet,South,2ND AVN,,,,0.00,N,Not at Intersection,N,Non-Junction,None,,,         ,Tre,Marlowe,Unknown,Front to Rear,no,no,no,no,yes,False
103308876,METROPOLITAN NASHVILLE POLICE DEPT,20220251180,Davidson,Nashville,5/22/2022 3:55:00 AM,2,0,0,36.181130,-86.774500,I 24,,,,0.00,,,,,,,47.60,N,Not at Intersection,N,Non-Junction,None,,,         ,Bobby,Ehman,Rain,Front to Rear,no,no,no,no,yes,False
103308883,METROPOLITAN NASHVILLE POLICE DEPT,20220251022,Davidson,Nashville,5/22/2022 1:03:00 AM,3,0,0,36.131190,-86.716870,MURFREESBORO PKE,,,,0.00,Feet,,FOOTHILL DR,,,,0.00,Y,T-Intersection,N,Intersection,None,,,         ,Jason,Lyons,Rain,Front to Rear,no,no,no,no,yes,False
103308885,METROPOLITAN NASHVILLE POLICE DEPT,20220251085,Davidson,Nashville,5/22/2022 2:07:00 AM,2,1,0,36.165170,-86.763990,I 24,,,,0.00,,,,,,,49.05,N,Not at Intersection,N,Non-Junction,None,,,         ,Mena,Mahros,"Cloudy, Rain","Sideswipe, Same Direction",no,no,no,no,yes,False
103308892,METROPOLITAN NASHVILLE POLICE DEPT,20220251008,Davidson,Nashville,5/21/2022 11:35:00 PM,2,1,0,36.155930,-86.773900,4TH AVS,,,,12.00,Feet,South,PEABODY ST,,,,0.00,N,Not at Intersection,N,Non-Junction,None,,,         ,Kevin,Steiner,Rain,"Sideswipe, Same Direction",no,no,no,no,no,False
103308895,METROPOLITAN NASHVILLE POLICE DEPT,20220251160,Davidson,Nashville,5/22/2022 12:00:00 AM,2,0,0,36.183010,-86.774980,I 24,,,,0.00,,,,,,,47.40,N,Not at Intersection,N,Non-Junction,None,,,         ,Vincent,McCrary,Rain,Front to Rear,no,no,no,no,yes,False
103308896,METROPOLITAN NASHVILLE POLICE DEPT,20220251231,Davidson,Not in City Limit,5/22/2022 5:41:00 AM,2,1,0,36.263470,-86.684460,STATE RT 45,,,,55.00,Feet,West,LARKIN SPRINGS RD,,,,0.00,N,Not at Intersection,N,Non-Junction,None,,,         ,Chase,Carter,Rain,Front to Rear,no,no,no,no,no,False
103308897,METROPOLITAN NASHVILLE POLICE DEPT,20220251077,Davidson,Nashville,5/22/2022 12:00:00 AM,1,0,0,36.152770,-86.861250,SNYDER AV,,,,17.00,Feet,South,MAXON AV,,,,0.00,N,Not at Intersection,N,Non-Junction,None,,,         ,William,Vanbergen,Rain,Unknown,no,no,no,no,yes,False
103308900,METROPOLITAN NASHVILLE POLICE DEPT,20220251212,Davidson,Nashville,5/22/2022 4:40:00 AM,2,1,0,36.151460,-86.751330,EXIT 212,,,,0.00,Feet,East,I 40,,,,0.00,N,Not at Intersection,N,Non-Junction,None,,,         ,Jarrett,Messick,Rain,Front to Rear,no,no,no,no,no,False
103308905,METROPOLITAN NASHVILLE POLICE DEPT,20220251119,Davidson,Nashville,5/22/2022 2:50:00 AM,1,1,0,36.084160,-86.705890,LINBAR DR,,,,0.00,Feet,West,HARDING PL,,,,0.00,N,Not at Intersection,N,Non-Junction,None,,,         ,Phillip,Lovell,Rain,Not Collision with Motor Vehicle in Transport,no,no,no,no,no,False
103308909,METROPOLITAN NASHVILLE POLICE DEPT,20220251045,Davidson,Nashville,5/22/2022 1:20:00 AM,1,0,0,36.136950,-86.820210,FAIRFAX AV,,,,247.00,Feet,North,I440 W EXT RAMP,,,,0.00,N,Not at Intersection,Y,Non-Junction,None,,,         ,Brian,Hickman,Rain,Not Collision with Motor Vehicle in Transport,no,no,no,no,no,False
103308912,METROPOLITAN NASHVILLE POLICE DEPT,20220251209,Davidson,Nashville,5/22/2022 2:00:00 AM,2,0,0,36.206620,-86.777900,W TRINITY LN,,,,0.00,,,BRICK CHURCH PKE,,,,0.00,Y,Four-Way,N,Intersection,None,,,         ,Martin,Brown,Rain,Angle,no,no,no,no,no,False
103308914,METROPOLITAN NASHVILLE POLICE DEPT,20220251113,Davidson,Nashville,5/22/2022 2:31:00 AM,2,0,0,36.154480,-86.779420,8TH AVS,,,,0.00,,,LAFAYETTE ST,,,,0.00,Y,Roundabout,N,Intersection,None,,,         ,Kevin,Steiner,Rain,Angle,no,no,no,no,yes,False
103308917,METROPOLITAN NASHVILLE POLICE DEPT,20220251265,Davidson,Nashville,5/22/2022 6:21:00 AM,2,0,0,36.195090,-86.776160,I 65,,,,0.00,,,,,,,86.50,N,Not at Intersection, ,Non-Junction,None,,,         ,Chase,Harriman,Cloudy,"Sideswipe, Same Direction",no,no,no,no,no,False
103308918,METROPOLITAN NASHVILLE POLICE DEPT,20220251263,Davidson,Nashville,5/22/2022 6:18:00 AM,1,1,0,36.139400,-86.726920,I24E,,,,68.00,Feet,North,I24 W ENT RAMP,,,,0.00,N,Not at Intersection,Y,Non-Junction,None,,,         ,Brian,Ritz,"Cloudy, Rain",Not Collision with Motor Vehicle in Transport,no,no,no,no,no,False
103308925,METROPOLITAN NASHVILLE POLICE DEPT,20220251199,Davidson,Nashville,5/22/2022 12:00:00 AM,1,0,0,36.151430,-86.786190,I 40,,,,0.00,,,,,,,209.45,N,Not at Intersection,N,Non-Junction,None,,,         ,Kevin,Steiner,Rain,Not Collision with Motor Vehicle in Transport,no,no,no,no,no,False
103308927,METROPOLITAN NASHVILLE POLICE DEPT,20220251257,Davidson,Nashville,5/22/2022 12:00:00 AM,1,0,0,36.157000,-86.789630,I40 W ENT RAMP,,,,0.00,Feet,East,I 40,,,,0.00,N,Not at Intersection,N,Entrance/Exit Ramp Related,None,,,         ,Henry,Perez,Clear,Not Collision with Motor Vehicle in Transport,no,no,no,no,yes,False
103308934,METROPOLITAN NASHVILLE POLICE DEPT,20220251088,Davidson,Nashville,5/22/2022 2:12:00 AM,2,3,0,36.206620,-86.777900,W TRINITY LN,,,,0.00,Feet,,BRICK CHURCH PKE,,,,0.00,Y,Four-Way,Y,Intersection,None,,,         ,Burton,Beeson,Rain,Angle,no,no,no,no,no,False
103308937,METROPOLITAN NASHVILLE POLICE DEPT,20220251259,Davidson,Nashville,5/22/2022 2:00:00 AM,2,0,0,36.153230,-86.769540,2ND AVS,,,,14.00,Feet,South,ASH ST,,,,0.00,N,Not at Intersection,N,Non-Junction,None,,,         ,Hunter,Hodge,Clear,"Sideswipe, Same Direction",no,no,no,no,yes,False