master_record_number,agency,agency_tracking_number,county,city,collision_date,vehicles_involved,number_injured,number_dead,latitude,longitude,roadway_name,roadway_suffix,roadway_number,roadway_local_id,distance_from_reference,miles-feet_indicator,direction_from_reference,intersection_road_name,intersection_road_name_suffix,intersection_road_number,intersection_local_id,mile_marker,intersection_indicator,intersect_type,interchange_related_indicator,relation_to_junction,work_zone_type,construction_maintenance_zone,construction_maintenance_zone_location,fatal_case_number,officer_first_name,officer_last_name,weather_condition(s),manner_of_crash,pedestrian,bicycle,scooter,parking,hitrun,mou
103311989,METROPOLITAN NASHVILLE POLICE DEPT,20220259100,Davidson,Nashville,5/26/2022 3:58:00 AM,1,0,0,36.156750,-86.759700,I24 W ENT RAMP,,,,0.00,Feet,East,I 24,,,,0.00,N,Not at Intersection,N,Non-Junction,None,,,         ,Timothy,Lehnert,,Not Collision with Motor Vehicle in Transport,no,no,no,no,no,False
103312008,METROPOLITAN NASHVILLE POLICE DEPT,20220259101,Davidson,Antioch,5/26/2022 4:06:00 AM,1,1,0,36.029210,-86.589860,MURFREESBORO,PIKE,SR1,,300.00,Feet,North,LAVERGNE COUCHVILLE,PIKE,SR2,,0.00,N,Not at Intersection,N,Non-Junction,None,,,         ,William,Williams,Rain,Not Collision with Motor Vehicle in Transport,no,no,no,no,no,False
103312029,METROPOLITAN NASHVILLE POLICE DEPT,20220259161,Davidson,Nashville,5/26/2022 5:30:00 AM,1,0,0,36.054420,-86.652870,RURAL HILL RD,,,,800.00,Feet,North,WILLOW POINTE PVTDR,,,,0.00,N,Not at Intersection,N,Non-Junction,None,,,         ,Phillip,Lovell,Rain,Not Collision with Motor Vehicle in Transport,no,no,no,no,no,False
103312046,METROPOLITAN NASHVILLE POLICE DEPT,20220259260,Davidson,Nashville,5/26/2022 6:55:00 AM,1,0,0,36.125250,-86.905800,I 40,,,,0.00,,,,,,,200.50,N,Not at Intersection,N,Non-Junction,None,,,         ,Wesley,Tilley,Rain,Not Collision with Motor Vehicle in Transport,no,no,no,no,no,False
103312078,METROPOLITAN NASHVILLE POLICE DEPT,20220259298,Davidson,Nashville,5/26/2022 7:24:00 AM,1,0,0,36.169520,-86.606540,I40 E EXT RAMP,,,,0.00,,,I 40,,,,0.00,Y,OTHER,Y,Entrance/Exit Ramp Related,None,,,         ,Michael,Brooks,Rain,Not Collision with Motor Vehicle in Transport,no,no,no,no,no,False
103312083,METROPOLITAN NASHVILLE POLICE DEPT,20220259319,Davidson,Not in City Limit,5/26/2022 7:17:00 AM,1,0,0,36.009300,-87.028110,HIGHWAY 96,,,,242.00,Feet,South,OLD HARDING PKE,,,,0.00,N,Not at Intersection,N,Non-Junction,None,,,         ,Amanda,Hanna,"Cloudy, Rain",Not Collision with Motor Vehicle in Transport,no,no,no,no,no,False
103312093,METROPOLITAN NASHVILLE POLICE DEPT,20220259307,Davidson,Nashville,5/26/2022 6:45:00 AM,2,1,0,36.234230,-86.718900,BRILEY PKWYE,,,,406.00,Feet,East,BRILEY PKWYW,,,,0.00,N,Not at Intersection,N,Non-Junction,None,,,         ,Ryan,Papp,Rain,Angle,no,no,no,no,no,False
103312095,METROPOLITAN NASHVILLE POLICE DEPT,20220259043,Davidson,Not in City Limit,5/26/2022 2:52:00 AM,1,1,0,36.052480,-86.952110,OLD HARDING PKE,,,,230.00,Feet,North,SOUTH COLONY DR,,,,0.00,N,Not at Intersection,N,Non-Junction,None,,,         ,Ryan,Allen,Rain,Not Collision with Motor Vehicle in Transport,no,no,no,no,no,False
103312101,METROPOLITAN NASHVILLE POLICE DEPT,20220259463,Davidson,Nashville,5/26/2022 8:10:00 AM,2,0,0,36.044780,-86.713190,NOLENSVILLE PKE,,,,195.00,Feet,North,BRENTWOOD EAST DR,,,,0.00,N,Not at Intersection, ,Non-Junction,None,,,         ,Sekou,Samassi,Rain,"Sideswipe, Same Direction",no,no,no,no,no,False
103312111,METROPOLITAN NASHVILLE POLICE DEPT,20220259406,Davidson,Nashville,5/26/2022 8:25:00 AM,2,0,0,36.163440,-86.787640,CHARLOTTE AV,,,,0.00,,,ROSA L PARKS BLVD,,,,0.00,Y,Four-Way, ,Intersection,None,,,         ,Wesley,Young,Cloudy,Front to Rear,no,no,no,no,no,False
103312112,METROPOLITAN NASHVILLE POLICE DEPT,20220259595,Davidson,Nashville,5/26/2022 9:57:00 AM,1,1,0,36.239440,-86.776320,BRILEY PKWYW,,,,978.00,Feet,West,MOOREWOOD DR,,,,0.00,N,Not at Intersection,N,Non-Junction,None,,,         ,Christopher,Littles,"Cloudy, Rain",Not Collision with Motor Vehicle in Transport,no,no,no,no,no,False
103312119,METROPOLITAN NASHVILLE POLICE DEPT,20220259507,Davidson,Nashville,5/26/2022 9:04:00 AM,2,0,0,36.143280,-86.686200,I 40,,,,0.00,,,,,,,215.50,N,Not at Intersection,N,Non-Junction,None,,,         ,Beri,Scott,"Cloudy, Rain",Front to Rear,no,no,no,no,yes,False
103312128,METROPOLITAN NASHVILLE POLICE DEPT,20220259408,Davidson,Nashville,5/26/2022 12:00:00 AM,3,0,0,36.145430,-86.740790,I 40,,,,0.00,,,,,,,212.25,N,Not at Intersection, ,Non-Junction,None,,,         ,Ashley,Kappenmacher,Rain,Front to Rear,no,no,no,no,no,False
103312133,METROPOLITAN NASHVILLE POLICE DEPT,20220259352,Davidson,Nashville,5/26/2022 7:35:00 AM,2,1,0,36.071870,-86.636180,BELL RD,,,,0.00,Feet,,MURFREESBORO PKE,,,,0.00,Y,Four-Way,N,Intersection,None,,,         ,Jonas,Elias,"Cloudy, Rain",Front to Rear,no,no,no,no,no,False
103312135,METROPOLITAN NASHVILLE POLICE DEPT,20220259271,Davidson,Nashville,5/26/2022 7:10:00 AM,2,1,0,36.232170,-86.826650,BRILEY PKWYW,,,,452.00,Feet,West,BUENA VISTA PKE,,,,0.00,N,Not at Intersection,N,Non-Junction,None,,,         ,Jeanine,Sarno,Rain,"Sideswipe, Same Direction",no,no,no,no,no,False
103312139,METROPOLITAN NASHVILLE POLICE DEPT,20220259485,Davidson,Nashville,5/26/2022 8:38:00 AM,2,0,0,36.194200,-86.618400,OLD HICKORY BLVD,,,,55.00,Feet,West,HERMITAGE MARKETPLACE PVTDR,,,,0.00,N,Not at Intersection, ,Non-Junction,None,,,         ,Peabo,McAlmont,Cloudy,Front to Rear,no,no,no,no,no,False
103312143,METROPOLITAN NASHVILLE POLICE DEPT,20220259465,Davidson,Nashville,5/25/2022 3:55:00 PM,2,0,0,36.178040,-86.784510,MONROE ST,,,,0.00,,,,,,,0.00,,,N,Non-Junction,None,,,         ,Wesley,Young,Cloudy,Angle,no,no,no,yes,yes,False
103312153,METROPOLITAN NASHVILLE POLICE DEPT,20220259612,Davidson,Nashville,5/26/2022 8:30:00 AM,2,0,0,36.073850,-86.677990,PINEAPPLE LN,,,,200.00,Feet,East,WAIKIKI BLVD,,,,0.00,N,Not at Intersection, ,Non-Junction,None,,,         ,Eric,Ziegler,"Cloudy, Rain",Rear to Side,no,no,no,no,no,False
103312154,METROPOLITAN NASHVILLE POLICE DEPT,20220259580,Davidson,Nashville,5/26/2022 9:35:00 AM,1,0,0,36.128530,-86.900560,I 40,,,,0.00,,,,,,,200.90,N,Not at Intersection,N,OtherLocation,None,,,         ,Darren,Key,Rain,Not Collision with Motor Vehicle in Transport,no,no,no,no,no,False
103312161,GOODLETTSVILLE POLICE DEPT,22-15935,Davidson,Goodlettsville,5/26/2022 9:30:00 AM,1,0,0,36.311590,-86.697950,CONFERENCE DR,,,,232.00,Feet,South,PROFESSIONAL PARK DR,,,,0.00,N,Not at Intersection,N,Non-Junction,None,,,         ,Rico,Jones,Rain,Not Collision with Motor Vehicle in Transport,no,no,no,no,no,False
103312164,GOODLETTSVILLE POLICE DEPT,22-15937,Davidson,Goodlettsville,5/26/2022 10:00:00 AM,2,1,0,36.306740,-86.695030,VIETNAM VETERANS BLVD NB EXT R,,,,207.00,Feet,West,CONFERENCE DR,,,,0.00,N,Not at Intersection,N,Entrance/Exit Ramp Related,None,,,         ,George,Forbes,Rain,Front to Rear,no,no,no,no,no,False
103312170,METROPOLITAN NASHVILLE POLICE DEPT,20220259606,Davidson,Nashville,5/26/2022 10:03:00 AM,2,2,0,36.174100,-86.608520,CENTRAL PKE,,,,0.00,,,FRIST BLVD,,,,0.00,Y,Four-Way,N,Intersection,None,,,         ,Larry,Benz,Rain,Angle,no,no,no,no,no,False
103312180,METROPOLITAN NASHVILLE POLICE DEPT,20220596668,Davidson,Nashville,5/6/2022 5:00:00 PM,2,0,0,36.045610,-86.719770,OLD HICKORY BLVD,,,,0.00,Feet,East,ZERMATT AV,,,,0.00,N,Not at Intersection, ,OtherLocation,None,,,         ,George,Spencer,Clear,Front to Rear,no,no,no,no,no,False
103312184,METROPOLITAN NASHVILLE POLICE DEPT,20220259503,Davidson,Nashville,5/26/2022 8:45:00 AM,2,0,0,36.206270,-86.773480,W TRINITY LN,,,,0.00,Feet,,I65 N ENT RAMP,,,,0.00,Y,T-Intersection,N,Entrance/Exit Ramp Related,None,,,         ,Donald,Davidson,Rain,Angle,no,no,no,no,yes,False
103312192,VANDERBILT UNIVERSITY POLICE,20220259709,Davidson,Nashville,5/26/2022 11:05:00 AM,2,0,0,36.139710,-86.800490,21ST AVS,,,,114.00,Feet,North,PIERCE AV,,,,0.00,N,Not at Intersection, ,Non-Junction,None,,,         ,Brent,Clark,Cloudy,"Sideswipe, Same Direction",no,no,no,yes,no,Campus
103312200,METROPOLITAN NASHVILLE POLICE DEPT,20220259666,Davidson,Nashville,5/26/2022 10:21:00 AM,2,0,0,36.069120,-86.682790,RICHARDS RD,,,,312.00,Feet,East,ANTIOCH PKE,,,,0.00,N,Not at Intersection,N,Non-Junction,None,,,         ,Jonas,Elias,Cloudy,"Sideswipe, Same Direction",no,no,no,no,yes,False
103312201,METROPOLITAN NASHVILLE POLICE DEPT,20220259719,Davidson,Nashville,5/26/2022 10:55:00 AM,2,1,0,36.107030,-86.672600,DONELSON PKE,,,,300.00,Feet,North,MURFREESBORO PKE,,,,0.00,N,Not at Intersection,N,Non-Junction,None,,,         ,John,Melia,Cloudy,Front to Rear,no,no,no,no,no,False
103312225,METROPOLITAN NASHVILLE POLICE DEPT,20220259723,Davidson,Nashville,5/26/2022 11:22:00 AM,2,1,0,36.116350,-86.703930,BRILEY PKWYS,,,,482.00,Feet,West,BRILEY PKWYN,,,,0.00,N,Not at Intersection,N,Entrance/Exit Ramp Related,None,,,         ,Jonas,Elias,Cloudy,Front to Rear,no,no,no,no,yes,False
103312244,METROPOLITAN NASHVILLE POLICE DEPT,20220259805,Davidson,Nashville,5/26/2022 12:00:00 AM,2,0,0,36.153270,-86.756410,I 40,,,,0.00,,,,,,,211.20,N,Not at Intersection, ,Non-Junction,None,,,         ,Ashley,Kappenmacher,Cloudy,Other,no,no,no,no,no,False
103312261,METROPOLITAN NASHVILLE POLICE DEPT,20220259716,Davidson,Nashville,5/25/2022 1:42:00 PM,1,0,0,36.161880,-86.835350,,,I440,,0.00,,,,,,,3.00,N,Not at Intersection,N,Non-Junction,None,,,         ,Bianca,Crawford,Rain,Not Collision with Motor Vehicle in Transport,no,no,no,no,no,False
103312272,METROPOLITAN NASHVILLE POLICE DEPT,20220259847,Davidson,Nashville,5/26/2022 12:56:00 PM,2,1,0,36.083650,-86.707480,HARDING PL,,,,245.00,Feet,North,LARGO DR,,,,0.00,N,Not at Intersection,N,Non-Junction,None,,,         ,Stanley,Collins,Rain,Front to Rear,no,no,no,no,no,False
103312279,METROPOLITAN NASHVILLE POLICE DEPT,20220259716,Davidson,Nashville,5/24/2022 1:15:00 PM,1,0,0,36.136000,-86.800950,21ST AVS,,,,92.00,Feet,North,ACKLEN AV,,,,0.00,N,Not at Intersection,N,Non-Junction,None,,,         ,Bianca,Crawford,Clear,Not Collision with Motor Vehicle in Transport,no,no,no,no,yes,Campus
103312299,METROPOLITAN NASHVILLE POLICE DEPT,20220259809,Davidson,Nashville,5/26/2022 12:20:00 PM,1,0,0,36.215410,-86.826400,TUCKER RD,,,,156.00,Feet,North,DOVE PL,,,,0.00,N,Not at Intersection,N,Non-Junction,None,,,         ,Billy,Price,Cloudy,Not Collision with Motor Vehicle in Transport,no,no,no,yes,no,False
103312307,METROPOLITAN NASHVILLE POLICE DEPT,20220259665,Davidson,Nashville,5/26/2022 8:21:00 AM,2,0,0,36.117130,-86.726900,GLENROSE AV,,,,0.00,,,MASHBURN RD,,,,0.00,Y,T-Intersection, ,Intersection-Related,None,,,         ,Beri,Scott,"Cloudy, Rain",Front to Rear,no,no,no,no,no,False
103312308,METROPOLITAN NASHVILLE POLICE DEPT,20220259690,Davidson,Nashville,5/26/2022 10:40:00 AM,2,0,0,36.117130,-86.726900,GLENROSE AV,,,,0.00,,,MASHBURN RD,,,,0.00,Y,T-Intersection, ,Intersection-Related,None,,,         ,Beri,Scott,Cloudy,HeadOn,no,no,no,no,no,False
103312333,METROPOLITAN NASHVILLE POLICE DEPT,20220259795,Davidson,Nashville,5/26/2022 12:20:00 PM,2,0,0,36.154150,-86.885180,AMERICAN RD,,,,161.00,Feet,East,BASSWOOD AV,,,,0.00,N,Not at Intersection,N,Non-Junction,None,,,         ,George,Spencer,Clear,HeadOn,no,no,no,no,no,False
103312335,METROPOLITAN NASHVILLE POLICE DEPT,20220259881,Davidson,Nashville,5/26/2022 1:22:00 PM,2,0,0,36.193240,-86.830550,CLARKSVILLE PKE,,,,249.00,Feet,East,BUENA VISTA PKE,,,,0.00,N,Not at Intersection, ,Non-Junction,None,,,         ,Jeanine,Sarno,Cloudy,Angle,no,no,no,no,no,False
103312362,METROPOLITAN NASHVILLE POLICE DEPT,20220259864,Davidson,Nashville,5/26/2022 1:09:00 PM,2,0,0,36.141710,-86.733240,I 40,,,,0.00,,,,,,,212.70,N,Not at Intersection, ,Non-Junction,None,,,         ,Larry,Benz,Clear,Angle,no,no,no,no,no,False
103312365,METROPOLITAN NASHVILLE POLICE DEPT,20220260071,Davidson,Nashville,5/26/2022 3:20:00 PM,1,0,0,36.239140,-86.776900,BRILEY PKWYE,,,,1231.00,Feet,East,BRICK CHURCH PKE,,,,0.00,N,Not at Intersection,N,Non-Junction,None,,,         ,Christopher,Littles,"Cloudy, Rain",Not Collision with Motor Vehicle in Transport,no,no,no,no,no,False
103312371,METROPOLITAN NASHVILLE POLICE DEPT,20220259965,Davidson,Nashville,5/26/2022 2:15:00 PM,2,1,0,36.083470,-86.704800,LINBAR DR,,,,284.00,Feet,East,LARGO DR,,,,0.00,N,Not at Intersection,N,Non-Junction,None,,,         ,Ryan,Howard,Cloudy,Angle,no,no,no,no,yes,False
103312393,METROPOLITAN NASHVILLE POLICE DEPT,20220260046,Davidson,Nashville,5/26/2022 3:00:00 PM,2,0,0,36.173010,-86.769690,I 24,,,,0.00,,,,,,,48.20,N,Not at Intersection,N,Non-Junction,None,,,         ,James,McDugle,Cloudy,"Sideswipe, Same Direction",no,no,no,no,yes,False
103312413,METROPOLITAN NASHVILLE POLICE DEPT,20220260100,Davidson,Nashville,5/26/2022 2:25:00 PM,2,2,0,36.131430,-86.834320,WEST END AV,,,,0.00,,,WILSON BLVDS,,,,0.00,Y,T-Intersection,N,Intersection-Related,None,,,         ,Heather,Fox,Clear,Angle,no,no,no,no,no,False
103312414,METROPOLITAN NASHVILLE POLICE DEPT,20220260078,Davidson,Nashville,5/26/2022 3:37:00 PM,2,1,0,36.065780,-86.680450,ANTIOCH PKE,,,,0.00,,,,,,,0.00,,,N,Non-Junction,None,,,         ,Joseph,Hurst,Rain,Front to Rear,no,no,no,no,no,False
103312417,METROPOLITAN NASHVILLE POLICE DEPT,20220259725,Davidson,Nashville,5/26/2022 11:27:00 AM,3,0,0,36.212240,-86.775750,I 65,,,,0.00,,,,,,,87.70,N,Not at Intersection,N,Non-Junction,None,,,         ,Stacia,Getz,Cloudy,"Sideswipe, Same Direction",no,no,no,no,no,False
103312418,METROPOLITAN NASHVILLE POLICE DEPT,20220260070,Davidson,Nashville,5/26/2022 3:29:00 PM,2,0,0,36.060980,-86.914470,HIGHWAY 100,,,,505.00,Feet,East,OLD HICKORY BLVD,,,,0.00,N,Not at Intersection,N,Non-Junction,None,,,         ,Brandon,Pedigo,Cloudy,Front to Rear,no,no,no,no,no,False
103312432,METROPOLITAN NASHVILLE POLICE DEPT,20220260082,Davidson,Nashville,5/26/2022 12:00:00 AM,2,2,0,36.155480,-86.765800,HERMITAGE AV,,,,0.00,,,ACADEMY PL,,,,0.00,Y,Four-Way,Y,Intersection,None,,,         ,Trevor,Taylor,Clear,Angle,no,no,no,no,no,False
103312437,METROPOLITAN NASHVILLE POLICE DEPT,20220258049,Davidson,Nashville,5/25/2022 5:03:00 PM,1,0,0,36.163800,-86.868500,JAMES AV,,,,100.00,Feet,East,VERNON AV,,,,0.00,N,Not at Intersection, ,Non-Junction,None,,,         ,Andrew,McCarron,Clear,Not Collision with Motor Vehicle in Transport,no,no,no,no,no,False
103312453,METROPOLITAN NASHVILLE POLICE DEPT,20220260172,Davidson,Nashville,5/26/2022 4:43:00 PM,2,0,0,36.153900,-86.746950,LEBANON PKE,,,,211.00,Feet,East,HERMITAGE AV,,,,0.00,N,Not at Intersection, ,Non-Junction,None,,,         ,Brandon,Chapman,Clear,"Sideswipe, Same Direction",no,no,no,no,no,False
103312457,METROPOLITAN NASHVILLE POLICE DEPT,20220260180,Davidson,Nashville,5/26/2022 12:00:00 AM,2,0,0,36.199880,-86.620710,OLD HICKORY BLVD,,,,146.00,Feet,North,LEBANON PKE WB EXT RAMP,,,,0.00,N,Not at Intersection, ,Non-Junction,None,,,         ,Esther,Poysti,Cloudy,Front to Rear,no,no,no,no,no,False
103312462,METROPOLITAN NASHVILLE POLICE DEPT,20220260105,Davidson,Nashville,5/26/2022 4:01:00 PM,2,1,0,36.097060,-86.708750,I 24,,,,0.00,,,,,,,54.80,N,Not at Intersection,N,Non-Junction,None,,,         ,Austin,Binner,Cloudy,"Sideswipe, Same Direction",no,no,no,no,no,False
103312463,METROPOLITAN NASHVILLE POLICE DEPT,20220260107,Davidson,Nashville,5/26/2022 3:59:00 PM,2,1,0,36.095630,-86.707590,I 24,,,,0.00,,,,,,,54.90,N,Not at Intersection,N,Non-Junction,None,,,         ,Joseph,Hurst,Rain,Front to Rear,no,no,no,no,no,False
103312464,METROPOLITAN NASHVILLE POLICE DEPT,20220260129,Davidson,Nashville,5/26/2022 4:13:00 PM,2,0,0,36.163510,-86.762340,I 24,,,,0.00,,,,,,,49.20,N,Not at Intersection, ,,None,,,         ,Kency,Le,,,no,no,no,no,no,False
103312468,METROPOLITAN NASHVILLE POLICE DEPT,20220260258,Davidson,Nashville,5/26/2022 2:23:00 PM,2,0,0,36.117810,-86.800350,,,I440,,1.00,Feet,West,,,,,3.00,N,Not at Intersection,N,Non-Junction,None,,,         ,Dakota,Davis,Clear,"Sideswipe, Same Direction",no,no,no,no,yes,False
103312483,METROPOLITAN NASHVILLE POLICE DEPT,20220260167,Davidson,Nashville,5/26/2022 4:35:00 PM,2,1,0,36.171840,-86.764770,S 5TH ST,,,,0.00,,,WOODLAND ST,,,,0.00,Y,Four-Way,Y,Intersection,None,,,         ,Kelsey,Hemminger,Clear,Angle,no,no,no,no,no,False
103312488,METROPOLITAN NASHVILLE POLICE DEPT,20220260222,Davidson,Not in City Limit,5/26/2022 4:37:00 PM,2,0,0,36.263460,-86.684270,STATE RT 45,,,,0.00,,,LARKIN SPRINGS RD,,,,0.00,Y,T-Intersection,N,Non-Junction,None,,,         ,William,Hudson,Clear,Front to Rear,no,no,no,no,yes,False
103312499,VANDERBILT UNIVERSITY POLICE,2022-0260209,Davidson,Nashville,5/26/2022 3:00:00 PM,2,0,0,36.138840,-86.800590,CAPERS AV,,,,0.00,,,21ST AVS,,,,0.00,Y,Four-Way, ,Non-Junction,None,,,         ,Shaneithia,Lewis,,Unknown,no,no,no,no,yes,Campus
103312528,METROPOLITAN NASHVILLE POLICE DEPT,20220260301,Davidson,Nashville,5/26/2022 6:13:00 PM,2,0,0,36.196910,-86.776160,I 65,,,,0.00,,,,,,,86.65,N,Not at Intersection, ,Non-Junction,None,,,         ,Zachary,Carter,Clear,"Sideswipe, Same Direction",no,no,no,no,no,False
103312543,METROPOLITAN NASHVILLE POLICE DEPT,20220260243,Davidson,Nashville,5/26/2022 5:35:00 PM,2,0,0,36.239740,-86.773040,MOOREWOOD DR,,,,19.00,Feet,South,BRILEY PKWYW,,,,0.00,N,Not at Intersection, ,Non-Junction,None,,,         ,Kyle,Eicholtz,Clear,Front to Rear,no,no,no,no,no,False
103312556,METROPOLITAN NASHVILLE POLICE DEPT,20220260427,Davidson,Nashville,5/26/2022 5:39:00 PM,2,0,0,36.135960,-86.727090,I 24,,,,0.00,,,,,,,51.10,N,Not at Intersection, ,,None,,,         ,Joseph,Hurst,,,no,no,no,no,no,False
103312572,METROPOLITAN NASHVILLE POLICE DEPT,20220260421,Davidson,Nashville,5/26/2022 4:30:00 PM,2,0,0,36.085720,-86.698800,I24 W EXT RAMP,,,,0.00,Feet,East,I 24,,,,0.00,N,Not at Intersection,N,Entrance/Exit Ramp Related,None,,,         ,Austin,Binner,Clear,"Sideswipe, Same Direction",no,no,no,no,yes,False
103312573,METROPOLITAN NASHVILLE POLICE DEPT,20220260454,Davidson,Nashville,5/26/2022 6:15:00 PM,2,0,0,36.146790,-86.766630,MILDRED SHUTE AV,,,,0.00,,,3RD AVS,,,,0.00,Y,Four-Way,N,Intersection,None,,,         ,Joseph,Hurst,Clear,Front to Rear,no,no,no,no,yes,False
103312588,METROPOLITAN NASHVILLE POLICE DEPT,20220260187,Davidson,Nashville,5/26/2022 4:50:00 PM,3,1,0,36.143070,-86.684770,I 40,,,,0.00,,,,,,,215.55,N,Not at Intersection,N,Non-Junction,None,,,         ,Donovan,Coble,Clear,Front to Rear,no,no,no,no,no,False
103312593,METROPOLITAN NASHVILLE POLICE DEPT,20220260399,Davidson,Nashville,5/26/2022 12:00:00 AM,1,0,0,36.150890,-86.764620,UNIVERSITY CT,,,,415.00,Feet,East,1ST AVS,,,,0.00,N,Not at Intersection,N,"Driveway, Alley Access, etc",None,,,         ,Roger,Luther,Clear,Not Collision with Motor Vehicle in Transport,no,no,no,yes,no,False
103312609,METROPOLITAN NASHVILLE POLICE DEPT,20220260484,Davidson,Nashville,5/26/2022 8:00:00 PM,2,0,0,36.239400,-86.753990,I 65,,,,0.00,,,,,,,90.15,N,Not at Intersection, ,Non-Junction,None,,,         ,Kyle,Eicholtz,Clear,"Sideswipe, Same Direction",no,no,no,no,no,False
103312614,METROPOLITAN NASHVILLE POLICE DEPT,20220260312,Davidson,Nashville,5/26/2022 6:19:00 PM,2,1,0,36.146860,-86.876500,MERCOMATIC DR,,,,0.00,,,PREMIER DR,,,,0.00,Y,T-Intersection,N,Intersection,None,,,         ,Brandon,Pedigo,Cloudy,Angle,no,no,no,no,yes,False
103312619,METROPOLITAN NASHVILLE POLICE DEPT,20220260248,Davidson,Nashville,5/26/2022 5:40:00 PM,2,1,0,36.127810,-86.707270,PATRICIA DR,,,,221.00,Feet,North,THOMPSON PL,,,,0.00,N,Not at Intersection,N,Non-Junction,None,,,         ,Theodore,Flick,Clear,Angle,no,no,no,no,yes,False
103312652,METROPOLITAN NASHVILLE POLICE DEPT,20220260265,Davidson,Nashville,5/26/2022 5:40:00 PM,2,1,0,36.146870,-86.808580,WEST END AV,,,,19.00,Feet,East,25TH AVN,,,,0.00,N,Not at Intersection,N,Non-Junction,None,,,         ,Cory,Stratton,Clear,Front to Rear,no,no,no,no,no,Campus
103312654,METROPOLITAN NASHVILLE POLICE DEPT,20220260216,Davidson,Nashville,5/26/2022 5:15:00 PM,2,0,0,36.265630,-86.791020,I 24,,,,0.00,,,,,,,41.45,N,Not at Intersection,N,Non-Junction,None,,,         ,Wesley,Carver,Cloudy,Angle,no,no,no,no,no,False
103312657,METROPOLITAN NASHVILLE POLICE DEPT,20220260325,Davidson,Nashville,5/26/2022 6:18:00 PM,2,2,0,36.134740,-86.784080,WEDGEWOOD AV,,,,0.00,,,HILLSIDE AV,,,,0.00,Y,T-Intersection,N,Non-Junction,None,,,         ,Dakota,Davis,Clear,Angle,no,no,no,no,no,False
103312662,METROPOLITAN NASHVILLE POLICE DEPT,20220260400,Davidson,Nashville,5/26/2022 7:17:00 PM,3,1,0,36.051510,-86.714360,OCALA DR,,,,0.00,,,NOLENSVILLE PKE,,,,0.00,Y,Four-Way,N,Intersection,None,,,         ,Nathaniel,Myers,Clear,Angle,no,no,no,no,no,False
103312676,METROPOLITAN NASHVILLE POLICE DEPT,20220260140,Davidson,Nashville,5/26/2022 3:24:00 PM,2,0,0,36.169870,-86.673640,LEBANON PKE,,,,0.00,,,SHADY GROVE RD,,,,0.00,Y,T-Intersection, ,Intersection,None,,,         ,Donovan,Coble,Clear,Angle,no,no,no,no,no,False
103312688,METROPOLITAN NASHVILLE POLICE DEPT,20220260393,Davidson,Goodlettsville,5/26/2022 7:15:00 PM,2,3,0,36.299790,-86.696600,CUDE LN,,,,0.00,Feet,East,GALLATIN PKEN,,,,0.00,N,Not at Intersection,N,Non-Junction,None,,,         ,Wesley,Carver,Clear,Angle,no,no,no,no,no,False
103312689,METROPOLITAN NASHVILLE POLICE DEPT,20220260667,Davidson,Nashville,5/26/2022 5:43:00 PM,2,0,0,36.080840,-86.762620,I65 N EXT RAMP,,,,0.00,Feet,East,I 65,,,,0.00,N,Not at Intersection, ,Non-Junction,None,,,         ,Jack,Pfeiffer,Cloudy,"Sideswipe, Same Direction",no,no,no,no,yes,False
103312690,METROPOLITAN NASHVILLE POLICE DEPT,20220260560,Davidson,Nashville,5/26/2022 12:00:00 AM,2,0,0,36.145950,-86.666600,ROYAL PKWY,,,,0.00,,,DONELSON PKE,,,,0.00,Y,Four-Way,Y,Intersection,None,,,         ,Jacob,Snyder,Cloudy,Angle,no,no,no,no,yes,False
103312697,METROPOLITAN NASHVILLE POLICE DEPT,20220260036,Davidson,Nashville,5/26/2022 2:29:00 AM,1,1,0,36.156580,-86.787480,12TH AVS,,,,0.00,,,BROADWAY,,,,0.00,Y,Four-Way,N,Intersection,None,,,         ,Forrest,Punke,Clear,Not Collision with Motor Vehicle in Transport,yes,no,no,no,yes,False
103312704,METROPOLITAN NASHVILLE POLICE DEPT,20220260343,Davidson,Nashville,5/26/2022 6:40:00 PM,3,2,0,36.193510,-86.617160,OLD HICKORY BLVD,,,,0.00,,,,,,,0.00,,,N,Non-Junction,None,,,         ,Cheri,Cox,Clear,Not Collision with Motor Vehicle in Transport,no,no,no,yes,no,False
103312720,METROPOLITAN NASHVILLE POLICE DEPT,20220260148,Davidson,Nashville,5/26/2022 3:50:00 PM,2,0,0,36.083180,-86.761610,SIDCO DR,,,,50.00,Feet,South,CSX DR,,,,0.00,N,Not at Intersection,N,Non-Junction,None,,,         ,Eric,Modransky,Clear,Angle,no,no,no,no,no,False
103312739,METROPOLITAN NASHVILLE POLICE DEPT,20220260605,Davidson,Nashville,5/26/2022 9:38:00 PM,2,0,0,36.164570,-86.776910,CHURCH ST,,,,0.00,,,2ND AVN,,,,0.00,Y,Four-Way,N,Intersection-Related,None,,,         ,James,Hill,Clear,Angle,no,no,no,no,no,False