master_record_number,agency,agency_tracking_number,county,city,collision_date,vehicles_involved,number_injured,number_dead,latitude,longitude,roadway_name,roadway_suffix,roadway_number,roadway_local_id,distance_from_reference,miles-feet_indicator,direction_from_reference,intersection_road_name,intersection_road_name_suffix,intersection_road_number,intersection_local_id,mile_marker,intersection_indicator,intersect_type,interchange_related_indicator,relation_to_junction,work_zone_type,construction_maintenance_zone,construction_maintenance_zone_location,fatal_case_number,officer_first_name,officer_last_name,weather_condition(s),manner_of_crash,pedestrian,bicycle,scooter,parking,hitrun,mou
103315112,METROPOLITAN NASHVILLE POLICE DEPT,20220264987,Davidson,Nashville,5/29/2022 1:50:00 PM,2,0,0,36.153130,-86.847310,ALABAMA AV,,,,0.00,,,50TH AVN,,,,0.00,Y,Four-Way, ,Intersection,None,,,         ,Tony,Folad,Clear,Angle,no,no,no,no,yes,False
103315114,METROPOLITAN NASHVILLE POLICE DEPT,20220265016,Davidson,Nashville,5/29/2022 2:30:00 PM,3,2,0,36.051900,-86.670100,I 24,,,,0.00,,,,,,,58.65,N,Not at Intersection,N,Non-Junction,None,,,         ,Zachary,Wilbanks,Clear,Front to Rear,no,no,no,no,no,False
103315121,METROPOLITAN NASHVILLE POLICE DEPT,20220265006,Davidson,Nashville,5/29/2022 12:00:00 AM,2,1,0,36.255190,-86.847340,CLARKSVILLE PKE,,,,459.00,Feet,East,DRY FORK RD,,,,0.00,N,Not at Intersection,N,Non-Junction,None,,,         ,Alex,Gibson,Clear,Angle,no,no,no,no,no,False
103315123,METROPOLITAN NASHVILLE POLICE DEPT,20220265014,Davidson,Nashville,5/29/2022 2:31:00 PM,2,7,0,36.150480,-86.770350,4TH AVS,,,,0.00,,,I40 E EXT RAMP,,,,0.00,Y,Four-Way,N,Intersection-Related,None,,,         ,Michael,Moss,Clear,Angle,no,no,no,no,no,False
103315138,METROPOLITAN NASHVILLE POLICE DEPT,20220265134,Davidson,Nashville,5/29/2022 3:58:00 PM,2,0,0,36.231520,-86.795630,EWING DR,,,,0.00,,,VISTA LN,,,,0.00,Y,Four-Way,N,Intersection,None,,,         ,Tyler,Jordan,Clear,Angle,no,no,no,no,no,False
103315158,METROPOLITAN NASHVILLE POLICE DEPT,20220265092,Davidson,Nashville,5/29/2022 3:33:00 PM,2,0,0,36.264230,-86.737810,I 65,,,,0.00,,,,,,,92.20,N,Not at Intersection, ,Non-Junction,None,,,         ,William,Badger,Clear,"Sideswipe, Same Direction",no,no,no,no,no,False
103315163,GOODLETTSVILLE POLICE DEPT,22-16226,Davidson,Goodlettsville,5/29/2022 12:52:00 PM,3,0,0,36.307840,-86.703980,RIVERGATE PKWY,,,,0.00,,,I65 N ENT RAMP,,,,0.00,Y,OTHER,Y,Intersection-Related,None,,,         ,Benny,Alexander,Clear,Front to Rear,no,no,no,no,no,False
103315213,METROPOLITAN NASHVILLE POLICE DEPT,20220265234,Davidson,Nashville,5/29/2022 5:20:00 PM,2,0,0,36.179680,-86.810880,DR D B TODD JR BLVD,,,,79.00,Feet,North,17TH AVN,,,,0.00,N,Not at Intersection, ,Non-Junction,None,,,         ,Dylan,Ramos,Clear,Front to Rear,no,no,no,yes,no,False
103315223,METROPOLITAN NASHVILLE POLICE DEPT,20220265174,Davidson,Nashville,5/29/2022 3:42:00 PM,2,0,0,36.144430,-86.872720,CHARLOTTE PKE,,,,0.00,,,AMERICAN RD,,,,0.00,Y,T-Intersection, ,,None,,,         ,Jared,Dick,,,no,no,no,no,no,False
103315224,METROPOLITAN NASHVILLE POLICE DEPT,20220265148,Davidson,Nashville,5/29/2022 4:00:00 PM,1,1,0,36.148680,-86.640370,I 40,,,,0.00,,,,,,,218.25,N,Not at Intersection,N,Non-Junction,None,,,         ,Dylan,Colquhoun,Clear,Not Collision with Motor Vehicle in Transport,no,no,no,no,no,False
103315263,METROPOLITAN NASHVILLE POLICE DEPT,20220265068,Davidson,Nashville,5/29/2022 1:38:00 PM,1,0,0,36.237970,-86.785900,I 24,,,,0.00,,,,,,,43.40,N,Not at Intersection, ,Non-Junction,None,,,         ,Brandon,Lopez,Clear,Not Collision with Motor Vehicle in Transport,no,no,no,no,no,False
103315266,METROPOLITAN NASHVILLE POLICE DEPT,20220265203,Davidson,Nashville,5/29/2022 4:50:00 PM,2,0,0,36.157290,-86.774250,KOREAN VETERANS BLVD,,,,62.00,Feet,West,ALMOND ST,,,,0.00,N,Not at Intersection, ,Non-Junction,None,,,         ,Blake,Curry,Clear,Front to Rear,no,no,no,no,no,False
103315292,METROPOLITAN NASHVILLE POLICE DEPT,20220265155,Davidson,Goodlettsville,5/29/2022 4:07:00 PM,1,1,0,36.290980,-86.703490,GALLATIN PKEN,,,,83.00,Feet,North,ALTUS AV,,,,0.00,N,Not at Intersection,N,Non-Junction,None,,,         ,DuJuan,Kendrick,Clear,Not Collision with Motor Vehicle in Transport,no,no,no,no,no,False
103315362,METROPOLITAN NASHVILLE POLICE DEPT,20220265131,Davidson,Nashville,5/29/2022 3:15:00 PM,2,0,0,36.101270,-86.818380,HILLSBORO PKE,,,,156.00,Feet,North,OVERHILL DR,,,,0.00,N,Not at Intersection,N,Non-Junction,None,,,         ,Flynn,Ireland,Clear,Front to Rear,no,no,no,no,no,False
103315400,METROPOLITAN NASHVILLE POLICE DEPT,20220265383,Davidson,Nashville,5/29/2022 7:42:00 PM,2,4,0,36.147950,-86.642020,I 40,,,,0.00,,,,,,,218.10,N,Not at Intersection,N,Non-Junction,None,,,         ,Forrest,Punke,,Angle,no,no,no,no,no,False
103315413,METROPOLITAN NASHVILLE POLICE DEPT,20220265545,Davidson,Nashville,5/29/2022 9:57:00 PM,2,2,0,36.156690,-86.794180,CHURCH ST,,,,122.00,Feet,East,16TH AVN,,,,0.00,N,Not at Intersection,N,Non-Junction,None,,,         ,Dallas,Johnson,,Angle,no,no,no,no,no,False
103315448,METROPOLITAN NASHVILLE POLICE DEPT,20220265310,Davidson,Nashville,5/29/2022 6:30:00 PM,2,1,0,36.239740,-86.753370,I 65,,,,0.00,,,,,,,90.20,N,Not at Intersection,N,Non-Junction,None,,,         ,William,Badger,Clear,"Sideswipe, Same Direction",no,no,no,no,yes,False
103315449,METROPOLITAN NASHVILLE POLICE DEPT,20220264517,Davidson,Nashville,5/29/2022 2:15:00 AM,2,2,0,36.045370,-86.713260,OLD HICKORY BLVD,,,,0.00,,,NOLENSVILLE PKE,,,,0.00,Y,Four-Way,N,Intersection,None,,,         ,Mitchell,Cook,Cloudy,Angle,no,no,no,no,no,False
103315465,METROPOLITAN NASHVILLE POLICE DEPT,20220265667,Davidson,Nashville,5/29/2022 10:19:00 PM,2,0,0,36.148130,-86.796220,ADELICIA ST,,,,39.00,Feet,West,19TH AVS,,,,0.00,N,Not at Intersection,N,Non-Junction,None,,,         ,Dallas,Johnson,,"Sideswipe, Same Direction",no,no,no,no,no,False
103315476,METROPOLITAN NASHVILLE POLICE DEPT,20220265640,Davidson,Nashville,5/29/2022 11:10:00 PM,2,0,0,36.159610,-86.796260,CHARLOTTE AV,,,,0.00,Feet,East,16TH AVN,,,,0.00,N,Not at Intersection, ,Non-Junction,None,,,         ,Jacob,Krispin,Clear,Front to Rear,no,no,no,no,no,False
103315481,METROPOLITAN NASHVILLE POLICE DEPT,20220265578,Davidson,Nashville,5/29/2022 9:15:00 PM,2,0,0,36.145900,-86.666130,ROYAL PKWY,,,,140.00,Feet,East,DONELSON PKE,,,,0.00,N,Not at Intersection, ,Non-Junction,None,,,         ,Connor,Hosey,,Front to Rear,no,no,no,yes,yes,False
103315483,METROPOLITAN NASHVILLE POLICE DEPT,20220265440,Davidson,Nashville,5/29/2022 5:37:00 PM,2,0,0,36.111060,-86.754320,THOMPSON LN,,,,44.00,Feet,East,EUGENIA AV,,,,0.00,N,Not at Intersection,N,Non-Junction,None,,,         ,Gabriel,Hamilton,Clear,Front to Rear,no,no,no,no,no,False
103315484,METROPOLITAN NASHVILLE POLICE DEPT,20220265622,Davidson,Antioch,5/29/2022 11:01:00 PM,1,0,0,36.040200,-86.610100,HOBSON PKE,,,,1424.00,Feet,West,MURFREESBORO PKE,,,,0.00,N,Not at Intersection,N,Non-Junction,None,,,         ,Michael,Overberg,Clear,Not Collision with Motor Vehicle in Transport,no,no,no,no,yes,False
103315511,METROPOLITAN NASHVILLE POLICE DEPT,20220265786,Davidson,Nashville,5/29/2022 11:00:00 PM,2,0,0,36.089450,-86.718540,PARAGON MILLS RD,,,,54.00,Feet,West,ASTER DR,,,,0.00,N,Not at Intersection,N,Non-Junction,None,,,         ,Sefer,Kerim,Clear,Front to Rear,no,no,no,no,yes,False
103315513,METROPOLITAN NASHVILLE POLICE DEPT,20220265777,Davidson,Not in City Limit,5/30/2022 1:05:00 AM,1,0,0,36.261450,-86.738140,I65 N EXT RAMP,,,,0.00,,,I 65,,,,0.00,Y,OTHER,Y,Entrance/Exit Ramp Related,None,,,         ,Paul,Hughes II,Clear,Not Collision with Motor Vehicle in Transport,no,no,no,no,no,False
103315518,METROPOLITAN NASHVILLE POLICE DEPT,20220265832,Davidson,Nashville,5/30/2022 2:15:00 AM,1,1,0,36.147610,-86.625830,BELL RD,,,,100.00,Feet,North,TRAILS CIR,,,,0.00,N,Not at Intersection,N,Non-Junction,None,,,         ,Patrick,Deau,,Not Collision with Motor Vehicle in Transport,no,no,no,no,no,False
103315522,METROPOLITAN NASHVILLE POLICE DEPT,20220265853,Davidson,Not in City Limit,5/30/2022 1:23:00 AM,1,1,0,36.083500,-86.998010,NEWSOM STATION RD,,,,1117.00,Feet,East,ARBOR VISTA DR,,,,0.00,N,Not at Intersection,N,Non-Junction,None,,,         ,Nicholas,Smith,Clear,Not Collision with Motor Vehicle in Transport,no,no,no,no,no,False
103315523,METROPOLITAN NASHVILLE POLICE DEPT,20220265589,Davidson,Not in City Limit,5/29/2022 10:30:00 PM,1,0,0,36.072950,-86.926430,HICKS RD,,,,90.00,Feet,North,OLD HARDING PKE,,,,0.00,N,Not at Intersection,N,Non-Junction,None,,,         ,Nicholaus,George,Clear,Unknown,no,no,no,no,no,False
103315542,VANDERBILT UNIVERSITY POLICE,220265839,Davidson,Nashville,5/30/2022 2:00:00 AM,1,0,0,36.146010,-86.805640,24TH AVE S,,,,0.00,,,,,,,0.00,,T-Intersection, ,Non-Junction,None,,,         ,Tyvon,Gentry,Clear,Not Collision with Motor Vehicle in Transport,no,no,no,yes,no,Campus
103315544,METROPOLITAN NASHVILLE POLICE DEPT,20220265524,Davidson,Nashville,5/30/2022 12:00:00 AM,2,0,0,36.255630,-86.707270,NEELYS BEND RD,,,,0.00,Feet,East,IDLEWILD AV,,,,0.00,N,Not at Intersection, ,Non-Junction,None,,,         ,Zachary,Smith,Clear,Angle,no,no,no,no,no,False
103315554,METROPOLITAN NASHVILLE POLICE DEPT,20220265871,Davidson,Nashville,5/30/2022 3:05:00 AM,3,1,0,36.048890,-86.665380,I 24,,,,0.00,,,,,,,59.00,N,Not at Intersection,N,Non-Junction,None,,,         ,Alex,DiBernardo,Clear,"Sideswipe, Same Direction",no,no,no,no,no,False
103315557,METROPOLITAN NASHVILLE POLICE DEPT,20220264149,Davidson,Goodlettsville,5/28/2022 10:14:00 PM,2,0,0,36.296170,-86.699830,GALLATIN PKEN,,,,88.00,Feet,North,MCHENRY CENTER PVTDR,,,,0.00,N,Not at Intersection,N,Non-Junction,None,,,         ,John,Robish,Clear,Front to Rear,no,no,no,no,yes,False
103315558,METROPOLITAN NASHVILLE POLICE DEPT,20220265687,Davidson,Nashville,5/29/2022 11:46:00 PM,2,0,0,36.238380,-86.779920,BRILEY PKWYE,,,,112.00,Feet,East,BRILEY PKWY W ENT RAMP,,,,0.00,N,Not at Intersection,N,Non-Junction,None,,,         ,John,Robish,Clear,Front to Rear,no,no,no,no,yes,False
103315572,METROPOLITAN NASHVILLE POLICE DEPT,20220265748,Davidson,Nashville,5/30/2022 12:42:00 AM,2,3,0,36.141970,-86.778710,8TH AVS,,,,91.00,Feet,North,CHESTNUT ST,,,,0.00,N,Not at Intersection,N,Non-Junction,None,,,         ,Peyton,Wheatley,Clear,"Sideswipe, Same Direction",no,no,no,no,yes,False
103315587,METROPOLITAN NASHVILLE POLICE DEPT,20220265758,Davidson,Nashville,5/30/2022 12:47:00 AM,2,1,0,36.089240,-86.708570,SCOTWOOD DR,,,,146.00,Feet,West,DONNA KAY DR,,,,0.00,N,Not at Intersection,N,Non-Junction,None,,,         ,Sullivan,Souksanh,Clear,Angle,no,no,no,no,no,False
103315588,METROPOLITAN NASHVILLE POLICE DEPT,20220265818,Davidson,Nashville,5/30/2022 1:52:00 AM,1,0,0,36.065560,-86.679970,REEVES RD,,,,40.00,Feet,East,ANTIOCH PKE,,,,0.00,N,Not at Intersection,N,Non-Junction,None,,,         ,Sullivan,Souksanh,Clear,Not Collision with Motor Vehicle in Transport,no,no,no,no,no,False
103315589,METROPOLITAN NASHVILLE POLICE DEPT,20220265600,Davidson,Nashville,5/29/2022 10:43:00 PM,1,0,0,36.036550,-86.648660,I24 E ENT RAMP,,,,916.00,Feet,East,I 24,,,,0.00,N,Not at Intersection,N,Non-Junction,Work Zone,,,         ,Jason,Lyons,,Not Collision with Motor Vehicle in Transport,no,no,no,yes,yes,False
103315592,METROPOLITAN NASHVILLE POLICE DEPT,20220265886,Davidson,Nashville,5/30/2022 3:30:00 AM,3,3,0,36.106210,-86.673060,MURFREESBORO PKE,,,,0.00,,,DONELSON PKE,,,,0.00,Y,Four-Way,N,Intersection,None,,,         ,Samuel,Fredericks,Clear,Front to Rear,no,no,no,no,no,False
103315608,METROPOLITAN NASHVILLE POLICE DEPT,20220265938,Davidson,Nashville,5/29/2022 7:00:00 AM,1,0,0,36.238870,-86.669910,JOE PYRON DR,,,,155.00,Feet,South,CHESTERTON CT,,,,0.00,N,Not at Intersection,N,Non-Junction,None,,,         ,Jose,Oliveros,Clear,Not Collision with Motor Vehicle in Transport,no,no,no,yes,yes,False
103315618,METROPOLITAN NASHVILLE POLICE DEPT,20220265649,Davidson,Nashville,5/29/2022 11:15:00 PM,3,0,0,36.156870,-86.780840,8TH AVS,,,,0.00,,,DEMONBREUN ST,,,,0.00,Y,Four-Way,N,Intersection,None,,,         ,Courtney,Kirtley,Clear,Front to Rear,no,no,no,no,yes,False
103315632,METROPOLITAN NASHVILLE POLICE DEPT,20220265921,Davidson,Nashville,5/30/2022 4:11:00 AM,2,4,0,36.145410,-86.776970,I 65,,,,0.00,,,,,,,82.20,N,Not at Intersection,N,Non-Junction,None,,,         ,Dallas,Johnson,Clear,HeadOn,no,no,no,no,no,False
103315643,METROPOLITAN NASHVILLE POLICE DEPT,20220265952,Davidson,Not in City Limit,5/30/2022 4:37:00 AM,1,0,0,36.080440,-86.966270,SADDLE RIDGE TRC,,,,0.00,,,HIGHWAY 70S,,,,0.00,Y,T-Intersection,N,Intersection-Related,None,,,         ,Kyle,Lund,Clear,Not Collision with Motor Vehicle in Transport,no,no,no,no,no,False
103315647,METROPOLITAN NASHVILLE POLICE DEPT,20220266041,Davidson,Nashville,5/30/2022 6:34:00 AM,2,0,0,36.089590,-86.688520,HARDING PL,,,,0.00,,,EZELL PKE,,,,0.00,Y,Four-Way,N,Intersection-Related,None,,,         ,Eric,Burford,Clear,Front to Rear,no,no,no,no,no,False
103315651,METROPOLITAN NASHVILLE POLICE DEPT,20220266000,Davidson,Nashville,5/30/2022 12:00:00 AM,2,0,0,36.058880,-86.678730,I 24,,,,0.00,,,,,,,58.00,N,Not at Intersection,N,Non-Junction,None,,,         ,Benjamin,Tasto,Clear,Front to Rear,no,no,no,no,no,False
103315657,METROPOLITAN NASHVILLE POLICE DEPT,20220263507,Davidson,Nashville,5/28/2022 1:50:00 PM,2,1,0,36.049650,-86.600000,HOBSON PKE,PIKE,,,0.00,,,PIN HOOK RD,RD,SR,,0.00,Y,Four-Way,Y,Intersection,None,,,         ,Thomas,White,Clear,Angle,no,no,no,no,no,False
103315658,THP District 9 - Administrative,322043091,Davidson,Nashville,5/30/2022 6:32:00 AM,1,0,0,36.171480,-86.790250,ROSA L PARKS BLVD,,,,50.00,Feet,North,LOCKLAYER ST,,,,0.00,N,Not at Intersection,N,Non-Junction,None,,,         ,Julio,Lassalle,Clear,Not Collision with Motor Vehicle in Transport,no,no,no,no,yes,False
103315723,METROPOLITAN NASHVILLE POLICE DEPT,20220266174,Davidson,Nashville,5/30/2022 12:00:00 AM,2,0,0,36.075010,-86.625830,EDGE MOOR DR,,,,77.00,Feet,East,GALESBURG DR,,,,0.00,N,Not at Intersection, ,Non-Junction,None,,,         ,Clayton,Smith,,Angle,no,no,no,no,no,False
103315738,METROPOLITAN NASHVILLE POLICE DEPT,20220266206,Davidson,Not in City Limit,5/30/2022 9:20:00 AM,2,0,0,36.078670,-86.951260,HIGHWAY 70S,,,,142.00,Feet,West,BELLEVUE CTR PVTDR,,,,0.00,N,Not at Intersection, ,Non-Junction,None,,,         ,Robert,Allen,Clear,Front to Rear,no,no,no,no,no,False
103315753,METROPOLITAN NASHVILLE POLICE DEPT,20220266214,Davidson,Nashville,5/30/2022 1:30:00 AM,1,0,0,36.056060,-86.654370,WINTON DR,,,,424.00,Feet,South,HIGHLAND RIDGE DR,,,,0.00,N,Not at Intersection,N,Non-Junction,None,,,         ,Stanley,Collins,Clear,Not Collision with Motor Vehicle in Transport,no,no,no,yes,yes,False
103315754,METROPOLITAN NASHVILLE POLICE DEPT,20220266263,Davidson,Goodlettsville,5/29/2022 3:15:00 PM,2,0,0,36.285310,-86.715470,CONNARE DR,,,,130.00,Feet,North,N GRAYCROFT AV,,,,0.00,N,Not at Intersection,N,Non-Junction,None,,,         ,Christopher,Littles,Clear,"Sideswipe, Opposite Direction",no,no,no,no,yes,False
103315761,METROPOLITAN NASHVILLE POLICE DEPT,2022-0266045,Davidson,Nashville,5/30/2022 7:05:00 AM,2,1,0,36.074720,-86.730950,EDMONDSON PKE,,,,796.00,Feet,South,MILNER DR,,,,0.00,N,Not at Intersection,N,Non-Junction,None,,,         ,Sean,Williams,Clear,"Sideswipe, Opposite Direction",no,no,no,no,no,False
103315778,METROPOLITAN NASHVILLE POLICE DEPT,20220266122,Davidson,Nashville,5/30/2022 12:00:00 AM,1,0,0,36.156260,-86.787270,12TH AVS,,,,134.00,Feet,South,BROADWAY,,,,0.00,N,Not at Intersection,N,Non-Junction,None,,,         ,Maria,Reynolds,Clear,Not Collision with Motor Vehicle in Transport,no,no,no,yes,no,False
103315805,METROPOLITAN NASHVILLE POLICE DEPT,20220266349,Davidson,Nashville,5/30/2022 12:11:00 PM,2,3,0,36.204760,-86.752100,E TRINITY LN,,,,145.00,Feet,East,OAKWOOD AV,,,,0.00,N,Not at Intersection,N,Non-Junction,None,,,         ,Jarret,Sonnenberg,Clear,Front to Rear,no,no,no,no,no,False
103315809,METROPOLITAN NASHVILLE POLICE DEPT,20220266321,Davidson,Nashville,5/30/2022 11:34:00 AM,2,0,0,36.170240,-86.768900,WOODLAND ST,,,,145.00,Feet,West,INTERSTATE DR,,,,0.00,N,Not at Intersection,N,Non-Junction,None,,,         ,Cecelia,Brown,Clear,Angle,no,no,no,no,no,False
103315836,METROPOLITAN NASHVILLE POLICE DEPT,20220266367,Davidson,Nashville,5/30/2022 12:20:00 PM,1,1,0,36.145140,-86.812180,WEST END AV,,,,60.00,Feet,East,28TH AVN,,,,0.00,N,Not at Intersection,N,Non-Junction,None,,,         ,Kyle,Kinsman,Clear,Not Collision with Motor Vehicle in Transport,yes,no,no,no,no,Campus
103315977,METROPOLITAN NASHVILLE POLICE DEPT,20220266391,Davidson,Not in City Limit,5/30/2022 12:51:00 PM,2,4,0,36.285840,-86.807420,I 24,,,,0.00,,,,,,,39.75,N,Not at Intersection,N,Non-Junction,None,,,         ,Christopher,Littles,Clear,Not Collision with Motor Vehicle in Transport,no,no,no,no,no,False
103316008,THP District 3 - Nashville,322042057,Davidson,Not in City Limit,5/27/2022 6:47:00 AM,3,0,0,36.021920,-86.628700,I 24,,,,0.00,,,,,,,61.90,N,Not at Intersection, ,Non-Junction,None,,,         ,Jason,Murray,Clear,Angle,no,no,no,no,yes,False
103316025,THP District 3 - Nashville,322042489,Davidson,Nashville,5/28/2022 12:36:00 PM,2,0,0,36.086870,-86.696270,HARDING PL,,,,0.00,,,METROPLEX DR,,,,0.00,Y,OTHER, ,Non-Junction,None,,,         ,Jason,Murray,Clear,Angle,no,no,no,no,no,False
103316066,METROPOLITAN NASHVILLE POLICE DEPT,20220266365,Davidson,Nashville,5/30/2022 12:19:00 PM,3,8,0,36.109210,-86.721220,I 24,,,,0.00,,,I24 W ENT RAMP,,,,0.00,Y,OTHER,Y,Entrance/Exit Ramp Related,None,,,         ,Eric,Burford,Clear,"Sideswipe, Same Direction",no,no,no,no,no,False
103316079,METROPOLITAN NASHVILLE POLICE DEPT,20220266358,Davidson,Nashville,5/29/2022 11:30:00 AM,2,0,0,36.115260,-86.733850,HARTFORD DR,,,,373.00,Feet,East,WHITSETT RD,,,,0.00,N,Not at Intersection, ,Non-Junction,None,,,         ,Jason,Hees,Clear,"Sideswipe, Same Direction",no,no,no,no,yes,False
103316108,METROPOLITAN NASHVILLE POLICE DEPT,20220266428,Davidson,Nashville,5/30/2022 1:00:00 PM,2,0,0,36.112250,-86.723100,I 24,,,,0.00,,,,,,,53.50,N,Not at Intersection,N,Non-Junction,None,,,         ,Todd,Watson,Clear,"Sideswipe, Same Direction",no,no,no,no,yes,False
103316120,METROPOLITAN NASHVILLE POLICE DEPT,20220266429,Davidson,Nashville,5/30/2022 1:11:00 PM,2,0,0,36.207770,-86.777770,BRICK CHURCH PKE,,,,62.00,Feet,South,I65 S EXT RAMP,,,,0.00,N,Not at Intersection,N,Non-Junction,None,,,         ,James,Wray,Clear,Angle,no,no,no,no,no,False
103316121,METROPOLITAN NASHVILLE POLICE DEPT,20220266555,Davidson,Nashville,5/30/2022 3:29:00 PM,2,1,0,36.065070,-86.685810,APACHE TRL,,,,0.00,,,PACKARD DR,,,,0.00,Y,T-Intersection,Y,Intersection-Related,None,,,         ,Laura,Williams,Clear,Front to Rear,no,no,no,no,no,False
103316161,METROPOLITAN NASHVILLE POLICE DEPT,20220266564,Davidson,Nashville,5/30/2022 12:00:00 AM,1,1,0,36.152340,-86.771580,4TH AVS,,,,0.00,,,ASH ST,,,,0.00,Y,Four-Way,Y,Intersection,None,,,         ,Trevor,Taylor,Clear,Not Collision with Motor Vehicle in Transport,no,yes,no,no,no,False
103316174,METROPOLITAN NASHVILLE POLICE DEPT,20220265303,Davidson,Not in City Limit,5/29/2022 6:23:00 PM,2,0,0,36.076890,-86.945220,HIGHWAY 70S,,,,0.00,,,SAWYER BROWN RD,,,,0.00,Y,Four-Way, ,Intersection,None,,,         ,Mark,Lemieux,Clear,Front to Rear,no,no,no,no,no,False
103316177,METROPOLITAN NASHVILLE POLICE DEPT,20220266570,Davidson,Not in City Limit,5/30/2022 12:00:00 AM,2,0,0,36.011020,-86.665420,PETTUS RD,,,,49.00,Feet,North,OLD HICKORY BLVD,,,,0.00,N,Not at Intersection, ,Non-Junction,None,,,         ,Derek,Garcia,Clear,Angle,no,no,no,no,no,False
103316188,METROPOLITAN NASHVILLE POLICE DEPT,20220266588,Davidson,Nashville,5/30/2022 3:56:00 PM,2,1,0,36.053398,-86.617769,MURFREESBORO,PIKE,,,200.00,Feet,South,MT VIEW,RD,,,0.00,N,Not at Intersection,N,Non-Junction,None,,,         ,John,McDonnell,Clear,Angle,no,no,no,no,no,False
103316217,METROPOLITAN NASHVILLE POLICE DEPT,20220266752,Davidson,Nashville,5/30/2022 5:53:00 PM,2,0,0,36.151720,-86.851670,CHARLOTTE AV,,,,136.00,Feet,East,MORROW RD,,,,0.00,N,Not at Intersection, ,,None,,,         ,Jared,Dick,,,no,no,no,no,no,False
103316230,METROPOLITAN NASHVILLE POLICE DEPT,20220266740,Davidson,Nashville,5/30/2022 5:29:00 PM,2,0,0,36.150970,-86.775690,FOGG ST,,,,0.00,,,EWING AV,,,,0.00,Y,T-Intersection, ,Intersection,None,,,         ,Zachary,Cooper,Clear,"Sideswipe, Same Direction",no,no,no,no,no,False
103316244,METROPOLITAN NASHVILLE POLICE DEPT,20220266706,Davidson,Nashville,5/30/2022 12:00:00 AM,2,0,0,36.160700,-86.778580,OPRY PL,,,,100.00,Feet,North,BROADWAY,,,,0.00,N,Not at Intersection,N,Non-Junction,None,,,         ,Trevor,Taylor,Clear,"Sideswipe, Same Direction",no,no,no,no,yes,False
103316245,METROPOLITAN NASHVILLE POLICE DEPT,20220266583,Davidson,Nashville,5/30/2022 3:49:00 PM,2,3,0,36.206880,-86.749870,ELLINGTON PKWYS,,,,75.00,Feet,West,ELLINGTON PKWYN,,,,0.00,N,Not at Intersection,Y,Non-Junction,None,,,         ,Daniel,Carney,Clear,Angle,no,no,no,no,yes,False
103316247,METROPOLITAN NASHVILLE POLICE DEPT,20220266665,Davidson,Nashville,5/30/2022 5:07:00 PM,2,4,0,36.172640,-86.601910,OLD HICKORY BLVD,,,,4.00,Feet,South,PRINCETON PL,,,,0.00,N,Not at Intersection,N,Non-Junction,None,,,         ,Zacarias,Brito Jr.,Clear,Angle,no,no,no,no,no,False
103316248,METROPOLITAN NASHVILLE POLICE DEPT,20220266779,Davidson,Nashville,5/30/2022 6:16:00 PM,2,0,0,36.171730,-86.765040,WOODLAND ST,,,,90.00,Feet,West,S 5TH ST,,,,0.00,N,Not at Intersection, ,Non-Junction,None,,,         ,Joseph,Gonzales,Clear,Front to Rear,no,no,no,no,no,False
103316276,METROPOLITAN NASHVILLE POLICE DEPT,20220266810,Davidson,Nashville,5/30/2022 6:58:00 PM,1,1,0,36.148840,-86.762470,WHARF AV,,,,0.00,,,CHARLES E DAVIS BLVD,,,,0.00,Y,Four-Way,N,Non-Junction,None,,,         ,Douglas,Mann,Clear,Not Collision with Motor Vehicle in Transport,yes,no,no,no,yes,False
103316280,METROPOLITAN NASHVILLE POLICE DEPT,20220266700,Davidson,Nashville,5/29/2022 11:00:00 PM,1,0,0,36.083930,-86.628480,BELL RD,,,,0.00,,,,,,,0.00,,Not at Intersection,N,Non-Junction,None,,,         ,Phillip,Burke,Clear,Not Collision with Motor Vehicle in Transport,no,no,no,no,yes,False
103316286,METROPOLITAN NASHVILLE POLICE DEPT,20220266764,Davidson,Nashville,5/30/2022 6:10:00 PM,2,0,0,36.148500,-86.745580,I 40,,,,0.00,,,,,,,211.90,N,Not at Intersection,N,Non-Junction,None,,,         ,Dylan,Colquhoun,Clear,"Sideswipe, Same Direction",no,no,no,no,yes,False
103316315,METROPOLITAN NASHVILLE POLICE DEPT,20220266741,Davidson,Bellevue,5/30/2022 6:00:00 PM,1,1,0,36.080490,-86.957740,I 40,,,,0.00,,,,,,,196.25,N,Not at Intersection,N,Non-Junction,None,,,         ,Steven,Begley,Clear,Not Collision with Motor Vehicle in Transport,no,no,no,no,no,False
103316408,METROPOLITAN NASHVILLE POLICE DEPT,20220266727,Davidson,Nashville,5/30/2022 5:48:00 PM,2,1,0,36.044830,-86.670190,BELL RD,,,,71.00,Feet,East,HICKORY PARK DR,,,,0.00,N,Not at Intersection,N,Non-Junction,None,,,         ,Amgad,Bekhit,Clear,Angle,no,no,no,no,no,False