master_record_number,agency,agency_tracking_number,county,city,collision_date,vehicles_involved,number_injured,number_dead,latitude,longitude,roadway_name,roadway_suffix,roadway_number,roadway_local_id,distance_from_reference,miles-feet_indicator,direction_from_reference,intersection_road_name,intersection_road_name_suffix,intersection_road_number,intersection_local_id,mile_marker,intersection_indicator,intersect_type,interchange_related_indicator,relation_to_junction,work_zone_type,construction_maintenance_zone,construction_maintenance_zone_location,fatal_case_number,officer_first_name,officer_last_name,weather_condition(s),manner_of_crash,pedestrian,bicycle,scooter,parking,hitrun,mou
103323036,METROPOLITAN NASHVILLE POLICE DEPT,20220279849,Davidson,Antioch,6/6/2022 10:53:00 PM,2,2,0,36.047840,-86.612050,MURFREESBORO PKE,,,,1284.00,Feet,North,MOUNTAIN SPRINGS RD,,,,0.00,N,Not at Intersection,N,Non-Junction,None,,,         ,Lisa,Beck,Clear,HeadOn,no,no,no,no,no,False
103323039,METROPOLITAN NASHVILLE POLICE DEPT,20220279768,Davidson,Nashville,6/6/2022 10:00:00 PM,3,1,0,36.109450,-86.728050,BRILEY PKWYN,,,,0.00,Feet,North,BRILEY PKWYS,,,,0.00,N,Not at Intersection,N,Non-Junction,None,,,         ,Sean,McConnell,Rain,Front to Rear,no,no,no,no,no,False
103323045,METROPOLITAN NASHVILLE POLICE DEPT,20220279773,Davidson,Nashville,6/6/2022 8:07:00 PM,3,1,0,36.260800,-86.738420,I 65,,,,0.00,,,,,,,92.00,N,Not at Intersection,N,Non-Junction,None,,,         ,Miles,Posey,Cloudy,"Sideswipe, Same Direction",no,no,no,no,no,False
103323046,METROPOLITAN NASHVILLE POLICE DEPT,20220280009,Davidson,Nashville,6/7/2022 12:00:00 AM,1,0,0,36.079820,-86.621710,OWENDALE DR,,,,0.00,,,LERA JONES DR,,,,0.00,Y,T-Intersection, ,,None,,,         ,Samuel,Fredericks,,,no,no,no,no,no,False
103323076,METROPOLITAN NASHVILLE POLICE DEPT,20220279963,Davidson,Madison,6/6/2022 11:30:00 PM,1,1,0,36.263920,-86.736160,I65 N EXT RAMP,,,,0.00,,,I 65,,,,0.00,Y,T-Intersection,Y,Entrance/Exit Ramp Related,None,,,         ,Paul,Hughes II,Rain,Not Collision with Motor Vehicle in Transport,no,no,no,no,no,False
103323084,METROPOLITAN NASHVILLE POLICE DEPT,20220280123,Davidson,Nashville,6/7/2022 1:07:00 AM,1,0,0,36.093800,-86.710150,DONNA KAY DR,,,,202.00,Feet,North,KAY CT,,,,0.00,N,Not at Intersection,N,Non-Junction,None,,,         ,Jerrod,Kalinsky,Rain,Not Collision with Motor Vehicle in Transport,no,no,no,no,no,False
103323098,METROPOLITAN NASHVILLE POLICE DEPT,20220280141,Davidson,Nashville,6/7/2022 1:12:00 AM,2,0,0,36.077150,-86.737580,HARDING PL,,,,280.00,Feet,West,SHADESCREST DR,,,,0.00,N,Not at Intersection,N,Non-Junction,None,,,         ,David,Harms,Rain,Angle,no,no,no,yes,yes,False
103323110,METROPOLITAN NASHVILLE POLICE DEPT,20220280219,Davidson,Nashville,6/7/2022 3:55:00 AM,1,0,0,36.151880,-86.753000,I40 E ENT RAMP,,,,0.00,Feet,East,I 40,,,,0.00,N,Not at Intersection,N,Non-Junction,None,,,         ,Richard,Luellen,"Cloudy, Rain",Not Collision with Motor Vehicle in Transport,no,no,no,no,no,False
103323131,METROPOLITAN NASHVILLE POLICE DEPT,20220280247,Davidson,Nashville,6/7/2022 4:42:00 AM,1,0,0,36.159060,-86.623690,I 40,,,,0.00,,,,,,,219.35,N,Not at Intersection,N,Non-Junction,None,,,         ,Thomas,Vasquez,Rain,Not Collision with Motor Vehicle in Transport,no,no,no,no,no,False
103323138,METROPOLITAN NASHVILLE POLICE DEPT,20220280189,Davidson,Not in City Limit,6/7/2022 3:20:00 AM,3,0,0,36.075760,-86.980920,I 40,,,,0.00,,,,,,,194.80,N,Not at Intersection,N,Non-Junction,None,,,         ,Nicholaus,George,Rain,Other,no,no,no,no,no,False
103323149,METROPOLITAN NASHVILLE POLICE DEPT,20220276625,Davidson,Nashville,6/5/2022 12:04:00 AM,2,0,0,36.157300,-86.792890,CHURCH ST,,,,63.00,Feet,West,15TH AVN,,,,0.00,N,Not at Intersection,N,Non-Junction,None,,,         ,Alexander,Perry,Clear,Rear to Rear,no,no,no,no,no,False
103323160,METROPOLITAN NASHVILLE POLICE DEPT,20220280306,Davidson,Nashville,6/7/2022 6:00:00 AM,1,0,0,36.168140,-86.690340,LEBANON PKE,,,,53.00,Feet,West,BRILEY PKWY S EXT RAMP,,,,0.00,N,Not at Intersection,N,Non-Junction,None,,,         ,Bryson,Wilkins,Clear,Not Collision with Motor Vehicle in Transport,no,no,no,no,no,False
103323169,METROPOLITAN NASHVILLE POLICE DEPT,20220280291,Davidson,Nashville,6/7/2022 5:35:00 AM,2,0,0,36.085130,-86.755510,ELYSIAN FIELDS RD,,,,0.00,,,TROUSDALE DR,,,,0.00,Y,T-Intersection, ,Non-Junction,None,,,         ,Lemandries,Hawes,Clear,Angle,no,no,no,no,no,False
103323174,METROPOLITAN NASHVILLE POLICE DEPT,20220280313,Davidson,Nashville,6/7/2022 6:06:00 AM,2,1,0,36.137990,-86.727380,I24E,,,,282.00,Feet,North,I24 E ENT RAMP,,,,0.00,N,Not at Intersection,N,Non-Junction,None,,,         ,Andrew,Campbell,Cloudy,"Sideswipe, Same Direction",no,no,no,no,no,False
103323191,METROPOLITAN NASHVILLE POLICE DEPT,20220279299,Davidson,Nashville,6/6/2022 4:25:00 PM,2,0,0,36.170290,-86.740770,SHELBY AV,,,,150.00,Feet,West,S 17TH ST,,,,0.00,N,Not at Intersection, ,Non-Junction,None,,,         ,Donald,Davidson,Cloudy,Angle,no,no,no,no,no,False
103323196,VANDERBILT UNIVERSITY POLICE,20220278999,Davidson,Nashville,6/6/2022 12:50:00 PM,2,0,0,36.137710,-86.805080,24TH AVS,,,,117.00,Feet,South,BLAKEMORE AV,,,,0.00,N,Not at Intersection, ,"Driveway, Alley Access, etc",None,,,         ,Ray,Stanard,,Angle,no,no,no,no,no,Campus
103323213,METROPOLITAN NASHVILLE POLICE DEPT,20220280489,Davidson,Nashville,6/7/2022 8:00:00 AM,2,0,0,36.144780,-86.776930,I 65,,,,0.00,,,,,,,82.20,N,Not at Intersection, ,Non-Junction,None,,,         ,Wesley,Young,Clear,Front to Rear,no,no,no,no,no,False
103323222,METROPOLITAN NASHVILLE POLICE DEPT,20220280409,Davidson,Nashville,6/7/2022 7:21:00 AM,2,0,0,36.232290,-86.624730,SHUTE LN,,,,0.00,,,OLD HICKORY BLVD,,,,0.00,Y,T-Intersection,N,Intersection,None,,,         ,Cameron,Fritschie,Cloudy,Angle,no,no,no,no,no,False
103323232,METROPOLITAN NASHVILLE POLICE DEPT,20220280477,Davidson,Antioch,6/7/2022 7:49:00 AM,2,0,0,36.004260,-86.626600,OLD HICKORY BLVD,,,,24.00,Feet,East,BATTLE RD,,,,0.00,N,Not at Intersection, ,,None,,,         ,Patrick,Martin,,,no,no,no,no,no,False
103323235,METROPOLITAN NASHVILLE POLICE DEPT,20220278989,Davidson,Nashville,6/6/2022 11:44:00 AM,2,0,0,36.029720,-86.643630,OLD FRANKLIN RD,,,,0.00,,,CANE RIDGE PKWY,,,,0.00,Y,Four-Way,Y,Intersection,None,,,         ,Thomas,White,Clear,Angle,no,no,no,no,no,False
103323239,METROPOLITAN NASHVILLE POLICE DEPT,20220280490,Davidson,Nashville,6/7/2022 8:10:00 AM,2,0,0,36.170380,-86.758490,S 7TH ST,,,,0.00,,,BOSCOBEL ST,,,,0.00,Y,Four-Way, ,,None,,,         ,Eric,Hall,,,no,no,no,no,no,False
103323247,METROPOLITAN NASHVILLE POLICE DEPT,20220280536,Davidson,Nashville,6/7/2022 8:35:00 AM,3,0,0,36.124990,-86.752200,NOLENSVILLE PKE,,,,0.00,,,ROSEDALE AV,,,,0.00,Y,T-Intersection,N,Intersection-Related,None,,,         ,Earl,Davis,Cloudy,"Sideswipe, Same Direction",no,no,no,no,yes,False
103323252,METROPOLITAN NASHVILLE POLICE DEPT,20220280583,Davidson,Nashville,6/7/2022 8:51:00 AM,2,0,0,36.044950,-86.779540,I 65,,,,0.00,,,,,,,75.00,N,Not at Intersection,N,Non-Junction,None,,,         ,Justin,Pinkelton,Cloudy,"Sideswipe, Same Direction",no,no,no,no,no,False
103323255,METROPOLITAN NASHVILLE POLICE DEPT,20220280371,Davidson,Nashville,6/7/2022 6:55:00 AM,2,2,0,36.169090,-86.809600,JEFFERSON ST,,,,0.00,,,21ST AVN,,,,0.00,Y,Four-Way,N,Intersection,None,,,         ,Kenneth,Oneal,Clear,HeadOn,yes,no,no,no,no,False
103323262,METROPOLITAN NASHVILLE POLICE DEPT,20220280492,Davidson,Nashville,6/7/2022 8:06:00 AM,1,0,0,36.081180,-86.719610,WELCH RD,,,,457.00,Feet,West,JONQUIL DR,,,,0.00,N,Not at Intersection,N,Non-Junction,None,,,         ,Charles,Agius,Clear,Not Collision with Motor Vehicle in Transport,no,no,no,no,yes,False
103323268,METROPOLITAN NASHVILLE POLICE DEPT,20220280546,Davidson,Nashville,6/7/2022 8:33:00 AM,2,0,0,36.241370,-86.763530,BRILEY PKWYE,,,,251.00,Feet,West,BRILEY PKWYW,,,,0.00,N,Not at Intersection,N,Non-Junction,None,,,         ,Jason,Milyaro Lucas,Clear,"Sideswipe, Same Direction",no,no,no,no,yes,False
103323282,METROPOLITAN NASHVILLE POLICE DEPT,20220279161,Davidson,Nashville,6/6/2022 2:29:00 PM,2,0,0,36.176530,-86.769890,SPRING ST,,,,51.00,Feet,West,I24 W EXT RAMP,,,,0.00,N,Not at Intersection, ,,None,,,         ,Jeffery,Leiser,,,no,no,no,no,no,False
103323319,BELLE MEADE POLICE DEPT,220130,Davidson,Belle Meade,6/7/2022 7:55:00 AM,2,1,0,36.096470,-86.862960,HARDING PL,,,,475.00,Feet,West,WESTOVER AV,,,,0.00,N,Not at Intersection,N,Non-Junction,None,,,         ,Michael,Germany,Clear,HeadOn,no,no,no,no,no,False
103323321,METROPOLITAN NASHVILLE POLICE DEPT,20220278950,Davidson,Nashville,6/6/2022 12:30:00 PM,3,1,0,36.153920,-86.758220,I 40,,,,0.00,,,,,,,211.10,N,Not at Intersection,N,Non-Junction,None,,,         ,Kaytlin,huyler,Clear,"Sideswipe, Same Direction",no,no,no,no,no,False
103323322,METROPOLITAN NASHVILLE POLICE DEPT,20220280368,Davidson,Nashville,6/7/2022 6:53:00 AM,1,0,0,36.195290,-86.687680,BRILEY PKWY S ENT RAMP,,,,0.00,Feet,East,BRILEY PKWYS,,,,0.00,N,Not at Intersection,N,Non-Junction,None,,,         ,Kaytlin,huyler,Clear,Not Collision with Motor Vehicle in Transport,no,no,no,no,no,False
103323326,METROPOLITAN NASHVILLE POLICE DEPT,20220280839,Davidson,Nashville,6/7/2022 11:07:00 AM,2,1,0,36.250780,-86.718450,GALLATIN PKES,,,,0.00,,,MOVING CENTER CT,,,,0.00,Y,T-Intersection,N,Intersection,None,,,         ,Christopher,Littles,Clear,HeadOn,no,no,no,no,no,False
103323332,METROPOLITAN NASHVILLE POLICE DEPT,20220280740,Davidson,Nashville,6/7/2022 7:29:00 AM,2,0,0,36.184580,-86.812300,CASS ST,,,,0.00,,,18TH AVN,,,,0.00,Y,T-Intersection,Y,Intersection,None,,,         ,Jeanine,Sarno,Cloudy,Angle,no,no,no,no,yes,False
103323338,METROPOLITAN NASHVILLE POLICE DEPT,20220280832,Davidson,Nashville,6/7/2022 10:59:00 AM,2,0,0,36.176550,-86.770050,SPRING ST,,,,80.00,Feet,East,DICKERSON PKE,,,,0.00,N,Not at Intersection, ,,None,,,         ,Jeffery,Leiser,,,no,no,no,no,no,False
103323393,METROPOLITAN NASHVILLE POLICE DEPT,20220280634,Davidson,Nashville,6/7/2022 8:30:00 AM,2,0,0,36.160720,-86.775440,3RD AVS,,,,100.00,Feet,North,SHELBY ST PEDESTRIAN BRIDGE GR,,,,0.00,N,Not at Intersection,N,Non-Junction,None,,,         ,Joshua,Reece,Clear,Front to Rear,no,no,no,no,yes,False
103323411,METROPOLITAN NASHVILLE POLICE DEPT,20220281043,Davidson,Nashville,6/7/2022 1:00:00 PM,2,0,0,36.233000,-86.758680,DICKERSON PKE,,,,51.00,Feet,South,MAPLEWOOD TRC,,,,0.00,N,Not at Intersection, ,Non-Junction,None,,,         ,Steven,Meador,Clear,Angle,no,no,no,no,no,False
103323461,METROPOLITAN NASHVILLE POLICE DEPT,20220281001,Davidson,Nashville,6/7/2022 12:46:00 PM,2,2,0,36.042850,-86.606550,MURFREESBORO PKE,,,,0.00,,,HOBSON PKE,,,,0.00,Y,Four-Way,Y,Intersection,None,,,         ,Charles,Large,Clear,Front to Rear,no,no,no,no,no,False
103323475,METROPOLITAN NASHVILLE POLICE DEPT,20220281016,Davidson,Not in City Limit,6/7/2022 12:53:00 PM,2,1,0,36.273560,-86.817330,OLD HICKORY BLVD,,,,0.00,,,LICKTON PKE,,,,0.00,Y,T-Intersection,N,Non-Junction,None,,,         ,James,Wray,Clear,Angle,no,no,no,no,no,False
103323478,METROPOLITAN NASHVILLE POLICE DEPT,20220281187,Davidson,Nashville,6/7/2022 2:21:00 PM,2,0,0,36.112310,-86.811130,HILLSBORO PKE,,,,404.00,Feet,North,GRAYBAR LN,,,,0.00,N,Not at Intersection, ,Non-Junction,None,,,         ,Justin,Pinkelton,Cloudy,Front to Rear,no,no,no,no,no,False
103323485,METROPOLITAN NASHVILLE POLICE DEPT,20220281037,Davidson,Not in City Limit,6/7/2022 1:02:00 PM,2,6,0,36.309120,-86.677530,GALLATIN PKEN,,,,385.00,Feet,West,CUMBERLAND HILLS DR,,,,0.00,N,Not at Intersection,N,Non-Junction,None,,,         ,Christopher,Littles,Clear,HeadOn,no,no,no,no,no,False
103323515,METROPOLITAN NASHVILLE POLICE DEPT,20220280544,Davidson,Nashville,6/7/2022 8:25:00 AM,3,0,0,36.121670,-86.726840,I440 W ENT RAMP,,,,0.00,Feet,East,I 24,,,,0.00,N,Not at Intersection,N,Non-Junction,None,,,         ,Todd,Watson,Clear,Front to Rear,no,no,no,no,no,False
103323548,THP District 3 - Nashville,322045440,Davidson,Nashville,6/7/2022 6:48:00 AM,2,0,0,36.169550,-86.600980,OLD HICKORY BLVD,,,,0.00,,,I40 E ENT RAMP,,,,0.00,Y,Four-Way,N,Intersection-Related,None,,,         ,Joseph,Chery,Cloudy,Angle,no,no,no,no,no,False
103323566,METROPOLITAN NASHVILLE POLICE DEPT,20220281133,Davidson,Nashville,6/7/2022 1:45:00 PM,2,2,0,36.082560,-86.710480,TAMPA DR,,,,40.00,Feet,South,HARDING PL,,,,0.00,N,Not at Intersection,Y,Non-Junction,None,,,         ,Eric,Ziegler,Clear,Angle,no,no,no,no,no,False
103323575,METROPOLITAN NASHVILLE POLICE DEPT,20220281065,Davidson,Not in City Limit,6/7/2022 1:13:00 PM,2,1,0,36.264190,-86.735360,I65 N EXT RAMP,,,,0.00,,,OLD HICKORY BLVDW,,,,0.00,Y,T-Intersection,Y,Entrance/Exit Ramp Related,None,,,         ,Zera,Ntahonirukiye,Clear,Front to Rear,no,no,no,no,no,False
103323586,METROPOLITAN NASHVILLE POLICE DEPT,20220281220,Davidson,Not in City Limit,6/7/2022 1:29:00 PM,1,0,0,36.256790,-86.787340,I 24,,,,0.00,,,,,,,42.10,N,Not at Intersection,N,Non-Junction,None,,,         ,Jeanine,Sarno,Clear,Not Collision with Motor Vehicle in Transport,no,no,no,no,no,False
103323587,METROPOLITAN NASHVILLE POLICE DEPT,20220281278,Davidson,Nashville,6/7/2022 3:07:00 PM,2,0,0,36.149115,-86.822600,I 440,,,,0.00,,East,,,I,,0.60,N,Not at Intersection, ,Non-Junction,None,,,         ,Ryan,Thomas,Clear,"Sideswipe, Same Direction",no,no,no,no,no,False
103323588,METROPOLITAN NASHVILLE POLICE DEPT,20220281135,Davidson,Nashville,6/7/2022 1:51:00 PM,2,0,0,36.154080,-86.784420,LAUREL ST,,,,0.00,,,11TH AVS,,,,0.00,Y,OTHER,N,"Driveway, Alley Access, etc",None,,,         ,Michael,Douglas,Clear,Angle,no,no,no,no,no,False
103323589,METROPOLITAN NASHVILLE POLICE DEPT,20220281319,Davidson,Nashville,6/7/2022 3:21:00 PM,2,0,0,36.150050,-86.858380,CHARLOTTE PKE,,,,131.00,Feet,West,WHITE BRIDGE PKE,,,,0.00,N,Not at Intersection, ,Non-Junction,None,,,         ,Jared,Dick,Clear,Angle,no,no,no,no,no,False
103323593,METROPOLITAN NASHVILLE POLICE DEPT,20220281326,Davidson,Nashville,6/7/2022 3:48:00 PM,2,5,0,36.237560,-86.757880,DICKERSON PKE,,,,0.00,,,I65 N ENT RAMP,,,,0.00,Y,T-Intersection,N,Intersection,None,,,         ,Adam,Warren,Clear,Angle,no,no,no,no,no,False
103323617,METROPOLITAN NASHVILLE POLICE DEPT,20220281395,Davidson,Nashville,6/7/2022 2:56:00 PM,2,0,0,36.235500,-86.726430,BRILEY PKWY E EXT RAMP,,,,0.00,Feet,East,BRILEY PKWYE,,,,0.00,N,Not at Intersection,N,Non-Junction,None,,,         ,Adam,Warren,Clear,Angle,no,no,no,yes,yes,False
103323621,METROPOLITAN NASHVILLE POLICE DEPT,20220281286,Davidson,Not in City Limit,6/7/2022 2:58:00 PM,3,0,0,36.077310,-87.011590,I 40,,,,0.00,,,,,,,193.00,N,Not at Intersection,N,Non-Junction,None,,,         ,Eric,Westbrook,Rain,Front to Rear,no,no,no,no,no,False
103323642,METROPOLITAN NASHVILLE POLICE DEPT,20220281237,Davidson,Not in City Limit,6/7/2022 2:58:00 PM,4,0,0,36.077380,-87.008720,I 40,,,,0.00,,,,,,,193.20,N,Not at Intersection,N,Non-Junction,None,,,         ,Wesley,Tilley,Cloudy,Front to Rear,no,no,no,no,no,False
103323645,METROPOLITAN NASHVILLE POLICE DEPT,20220281442,Davidson,Nashville,6/7/2022 5:13:00 PM,2,0,0,36.145570,-86.776980,I 65,,,,0.00,,,,,,,82.20,N,Not at Intersection,N,Non-Junction,None,,,         ,Dakota,Davis,Cloudy,Front to Rear,no,no,no,no,yes,False
103323658,METROPOLITAN NASHVILLE POLICE DEPT,20220277184,Davidson,Nashville,6/5/2022 11:03:00 AM,2,1,0,36.206620,-86.777900,W TRINITY LN,,,,0.00,,,BRICK CHURCH PKE,,,,0.00,Y,Four-Way,N,Intersection,None,,,         ,Cressie,Prill,Clear,Angle,no,no,no,no,no,False
103323659,METROPOLITAN NASHVILLE POLICE DEPT,20220277765,Davidson,Nashville,6/5/2022 9:33:00 PM,5,2,1,36.036310,-86.644800,I 24,,,,0.00,,,,,,,60.40,N,Not at Intersection,N,Non-Junction,Construction Zone,,,         ,Cressie,Prill,Clear,"Sideswipe, Same Direction",no,no,no,no,no,False
103323668,WILLIAMSON CO SHERIFFS OFFICE,2212635,Davidson,Nashville,6/6/2022 5:01:00 PM,1,0,0,36.035890,-86.872430,HILLSBORO RD,,,,509.00,Feet,North,HILLSBORO VALLEY RD,,,,0.00,N,Not at Intersection,N,Non-Junction,None,,,         ,Hawken,King,Clear,Not Collision with Motor Vehicle in Transport,no,no,no,no,no,False
103323669,METROPOLITAN NASHVILLE POLICE DEPT,20220281413,Davidson,Nashville,6/7/2022 4:54:00 PM,2,0,0,36.146630,-86.779030,8TH AVS,,,,17.00,Feet,South,SOUTH ST,,,,0.00,N,Not at Intersection,N,Non-Junction,None,,,         ,Matthew,Hogan,Rain,Angle,no,no,no,no,no,False
103323670,VANDERBILT UNIVERSITY POLICE,20220281305,Davidson,Nashville,6/7/2022 3:15:00 PM,2,0,0,36.111750,-86.761100,THOMPSON LN,,,,1786.00,Feet,North,POWELL AV,,,,0.00,N,Not at Intersection, ,OtherLocation,None,,,         ,Anthony,Jones,Cloudy,Other,no,no,no,yes,no,False
103323680,METROPOLITAN NASHVILLE POLICE DEPT,20220281218,Davidson,Nashville,6/7/2022 2:21:00 PM,2,0,0,36.205260,-86.776610,I 65,,,,0.00,,,,,,,87.20,N,Not at Intersection,N,Non-Junction,None,,,         ,Craig,Paschetti,Rain,"Sideswipe, Same Direction",no,no,no,no,no,False
103323681,METROPOLITAN NASHVILLE POLICE DEPT,20220281514,Davidson,Nashville,6/7/2022 5:00:00 PM,2,0,0,36.176950,-86.811180,21ST AVN,,,,4.00,Feet,North,OSAGE ST,,,,0.00,N,Not at Intersection, ,,None,,,         ,Daniel,Kallman,,,no,no,no,no,no,False
103323682,METROPOLITAN NASHVILLE POLICE DEPT,20220281393,Davidson,Not in City Limit,6/7/2022 4:37:00 PM,2,0,0,36.079330,-86.960620,I 40,,,,0.00,,,,,,,196.10,N,Not at Intersection, ,Non-Junction,None,,,         ,Brandon,Pedigo,Cloudy,Front to Rear,no,no,no,no,no,False
103323688,METROPOLITAN NASHVILLE POLICE DEPT,20220281544,Davidson,Nashville,6/7/2022 6:20:00 PM,3,1,0,36.045740,-86.674350,BELL RD,,,,0.00,Feet,East,BLUE HOLE RD,,,,0.00,N,Not at Intersection,N,Non-Junction,None,,,         ,Megan,Arnett,Rain,Front to Rear,no,no,no,no,yes,False
103323710,METROPOLITAN NASHVILLE POLICE DEPT,20220281510,Davidson,Nashville,6/7/2022 6:00:00 PM,2,2,0,36.205260,-86.776610,I 65,,,,0.00,,,,,,,87.20,N,Not at Intersection,N,Non-Junction,None,,,         ,Craig,Paschetti,Rain,Other,no,no,no,no,no,False
103323711,METROPOLITAN NASHVILLE POLICE DEPT,20220281515,Davidson,Nashville,6/7/2022 6:00:00 PM,3,0,0,36.190280,-86.627770,LEBANON PKE,,,,0.00,,,,,,,0.00,,,N,Non-Junction,None,,,         ,Zaire,Murray,Rain,Angle,no,no,no,yes,no,False
103323714,METROPOLITAN NASHVILLE POLICE DEPT,20220281605,Davidson,Nashville,6/7/2022 6:08:00 PM,2,0,0,36.151520,-86.852340,CHARLOTTE AV,,,,80.00,Feet,West,MORROW RD,,,,0.00,N,Not at Intersection, ,Non-Junction,None,,,         ,Ryan,Thomas,Rain,"Sideswipe, Same Direction",no,no,no,no,no,False
103323715,METROPOLITAN NASHVILLE POLICE DEPT,2022-0279117,Davidson,Nashville,6/6/2022 2:12:00 PM,2,0,0,36.100670,-86.739490,CHILTON ST,,,,135.00,Feet,East,NOLENSVILLE PKE,,,,0.00,N,Not at Intersection, ,Non-Junction,None,,,         ,Sean,Williams,Clear,"Sideswipe, Opposite Direction",no,no,no,no,yes,False
103323717,METROPOLITAN NASHVILLE POLICE DEPT,20220281397,Davidson,Nashville,6/7/2022 4:36:00 PM,1,1,0,36.141860,-86.771690,HAGAN ST,,,,0.00,,,CHESTNUT ST,,,,0.00,Y,T-Intersection,N,Non-Junction,None,,,         ,Brady,Reynolds,Cloudy,Not Collision with Motor Vehicle in Transport,yes,no,no,no,no,False
103323764,METROPOLITAN NASHVILLE POLICE DEPT,20220281282,Davidson,Nashville,6/7/2022 3:26:00 PM,2,4,0,36.144620,-86.749840,MURFREESBORO PKE,,,,0.00,,,ELM HILL PKE,,,,0.00,Y,T-Intersection,Y,Intersection,None,,,         ,Sean,McConnell,Clear,Rear to Rear,no,no,no,no,no,False
103323767,METROPOLITAN NASHVILLE POLICE DEPT,20220281660,Davidson,Nashville,6/7/2022 8:00:00 PM,2,0,0,36.172720,-86.765270,S 5TH ST,,,,50.00,Feet,South,SPRING ST,,,,0.00,N,Not at Intersection, ,Non-Junction,None,,,         ,Russell,Freeman,Rain,Angle,no,no,no,no,no,False
103323777,METROPOLITAN NASHVILLE POLICE DEPT,20220281702,Davidson,Not in City Limit,6/7/2022 8:31:00 PM,1,0,0,36.202160,-86.980040,RIVER ROAD PKE,,,,835.00,Feet,West,RIVER ROAD PKE PVTDR,,,,0.00,N,Not at Intersection,N,Non-Junction,None,,,         ,Ryan,Thomas,Cloudy,Not Collision with Motor Vehicle in Transport,no,no,no,no,no,False
103323814,METROPOLITAN NASHVILLE POLICE DEPT,20220281694,Davidson,Nashville,6/7/2022 8:15:00 PM,2,1,0,36.166670,-86.779930,CHARLOTTE AV,,,,165.00,Feet,West,3RD AVN,,,,0.00,N,Not at Intersection,N,"Driveway, Alley Access, etc",None,,,         ,Russell,Freeman,Cloudy,Angle,no,no,no,no,no,False
103323821,METROPOLITAN NASHVILLE POLICE DEPT,20220281592,Davidson,Not in City Limit,6/7/2022 6:54:00 PM,1,1,0,36.290580,-86.848340,WHITES CREEK PKE,,,,1862.00,Feet,West,LAWS RD,,,,0.00,N,Not at Intersection,N,Non-Junction,None,,,         ,Robert,Laboy,Rain,Not Collision with Motor Vehicle in Transport,no,no,no,no,no,False
103323822,METROPOLITAN NASHVILLE POLICE DEPT,20220281831,Davidson,Nashville,6/7/2022 9:06:00 PM,2,0,0,36.152200,-86.791370,DIVISION ST,,,,0.00,Feet,,DEMONBREUN ST,,,,0.00,Y,Roundabout, ,Intersection,None,,,         ,Dallas,Johnson,Clear,"Sideswipe, Same Direction",no,no,no,no,yes,False
103323826,METROPOLITAN NASHVILLE POLICE DEPT,20220281313,Davidson,Nashville,6/7/2022 3:28:00 PM,3,0,0,36.142870,-86.776810,I 65,,,,0.00,,,,,,,82.00,N,Not at Intersection,N,Non-Junction,None,,,         ,Brady,Reynolds,Cloudy,Angle,no,no,no,no,yes,False
103323829,METROPOLITAN NASHVILLE POLICE DEPT,20220281334,Davidson,Nashville,6/7/2022 3:03:00 PM,1,1,0,36.081660,-86.646400,MURFREESBORO PKE,,,,51.00,Feet,North,SHIAWAY DR,,,,0.00,N,Not at Intersection,N,Non-Junction,None,,,         ,John,McDonnell,Clear,Not Collision with Motor Vehicle in Transport,no,no,no,no,no,False
103323834,METROPOLITAN NASHVILLE POLICE DEPT,20220281833,Davidson,Nashville,6/7/2022 9:38:00 PM,2,0,0,36.188620,-86.628730,LEBANON PKE,,,,224.00,Feet,East,HICKORY HILL LN,,,,0.00,N,Not at Intersection,N,Non-Junction,None,,,         ,Torry,Hill,Clear,Angle,no,no,no,no,no,False
103323843,METROPOLITAN NASHVILLE POLICE DEPT,20220281765,Davidson,Nashville,6/7/2022 6:49:00 PM,4,0,0,36.150930,-86.761640,CANNON ST,,,,155.00,Feet,East,CHARLES E DAVIS BLVD,,,,0.00,N,Not at Intersection,N,Non-Junction,None,,,         ,Andrew,Campbell,Clear,"Sideswipe, Same Direction",no,no,no,no,yes,False
103323844,METROPOLITAN NASHVILLE POLICE DEPT,20220281844,Davidson,Nashville,6/7/2022 9:50:00 PM,1,1,0,36.152480,-86.773240,5TH AVS,,,,0.00,,,LAFAYETTE ST,,,,0.00,Y,Four-Way,N,Intersection,None,,,         ,Courtney,Kirtley,Cloudy,Not Collision with Motor Vehicle in Transport,yes,no,no,no,yes,False
103323855,METROPOLITAN NASHVILLE POLICE DEPT,20220281624,Davidson,Goodlettsville,6/7/2022 6:00:00 PM,2,0,0,36.291510,-86.703230,GALLATIN PKEN,,,,284.00,Feet,South,RIVERGATE SQUARE PVTDR,,,,0.00,N,Not at Intersection, ,Non-Junction,None,,,         ,William,Badger,Cloudy,Angle,no,no,no,no,no,False
103323861,METROPOLITAN NASHVILLE POLICE DEPT,20220281766,Davidson,Antioch,6/7/2022 6:49:00 PM,2,0,0,36.027820,-86.589880,MURFREESBORO PKE,,,,261.00,Feet,South,LAVERGNE COUCHVILLE PKE,,,,0.00,N,Not at Intersection,N,Non-Junction,None,,,         ,Jerrod,Kalinsky,Rain,Front to Rear,no,no,no,no,no,False