master_record_number,agency,agency_tracking_number,county,city,collision_date,vehicles_involved,number_injured,number_dead,latitude,longitude,roadway_name,roadway_suffix,roadway_number,roadway_local_id,distance_from_reference,miles-feet_indicator,direction_from_reference,intersection_road_name,intersection_road_name_suffix,intersection_road_number,intersection_local_id,mile_marker,intersection_indicator,intersect_type,interchange_related_indicator,relation_to_junction,work_zone_type,construction_maintenance_zone,construction_maintenance_zone_location,fatal_case_number,officer_first_name,officer_last_name,weather_condition(s),manner_of_crash,pedestrian,bicycle,scooter,parking,hitrun,mou
103323873,METROPOLITAN NASHVILLE POLICE DEPT,20220281513,Davidson,Nashville,6/7/2022 4:07:00 PM,2,0,0,36.141480,-86.669550,I-440 E,,,,0.00,,,,,,,0.00,,, ,Non-Junction,None,,,         ,David,Harms,Rain,"Sideswipe, Same Direction",no,no,no,no,no,False
103323875,METROPOLITAN NASHVILLE POLICE DEPT,20220281953,Davidson,Nashville,6/7/2022 12:00:00 AM,2,0,0,36.042420,-86.782200,I 65,,,,0.00,,,,,,,74.90,N,Not at Intersection, ,Non-Junction,None,,,         ,Clayton,Cox,Clear,Angle,no,no,no,no,no,False
103323878,METROPOLITAN NASHVILLE POLICE DEPT,20220281474,Davidson,Madison,6/7/2022 5:37:00 PM,2,3,0,36.267040,-86.695150,N DUPONT AV,,,,0.00,,,MAY DR,,,,0.00,Y,T-Intersection,N,Intersection,None,,,         ,Derek,Sibley,Rain,HeadOn,no,no,no,no,no,False
103323891,METROPOLITAN NASHVILLE POLICE DEPT,20220281869,Davidson,Not in City Limit,6/7/2022 10:05:00 PM,3,2,0,36.079640,-86.960000,-- UNKNOWN RAMP/ROAD --,,,,0.00,Feet,East,I 40,,,,0.00,N,Not at Intersection,N,Non-Junction,None,,,         ,Nicholas,Smith,Rain,Front to Rear,no,no,no,no,yes,False
103323893,METROPOLITAN NASHVILLE POLICE DEPT,20220281875,Davidson,Goodlettsville,6/7/2022 6:45:00 PM,2,0,0,36.302750,-86.691850,RIVERGATE MARKETPLACE PVTDR,,,,0.00,,,GALLATIN PKEN,,,,0.00,Y,Four-Way, ,Intersection,None,,,         ,Brandon,Lopez,Clear,"Sideswipe, Opposite Direction",no,no,no,no,no,False
103323908,METROPOLITAN NASHVILLE POLICE DEPT,20220282183,Davidson,Nashville,6/8/2022 12:59:00 AM,2,1,0,36.113380,-86.724190,I24 E EXT RAMP,,,,214.00,Feet,South,I 24,,,,0.00,N,Not at Intersection,Y,Non-Junction,None,,,         ,Jerrod,Kalinsky,Clear,Angle,no,no,no,no,no,False
103323912,METROPOLITAN NASHVILLE POLICE DEPT,20220282081,Davidson,Nashville,6/7/2022 12:00:00 AM,1,0,0,36.081300,-86.753660,HARDING PL,,,,515.00,Feet,East,TIMBERHILL DR,,,,0.00,N,Not at Intersection,N,Non-Junction,None,,,         ,Clayton,Cox,Clear,Not Collision with Motor Vehicle in Transport,no,no,no,no,yes,False
103323913,METROPOLITAN NASHVILLE POLICE DEPT,20220281915,Davidson,Nashville,6/7/2022 10:17:00 PM,2,0,0,36.205910,-86.768850,W TRINITY LN,,,,70.00,Feet,West,E TRINITY LN,,,,0.00,N,Not at Intersection,N,Non-Junction,None,,,         ,Peter,Kinsey,Cloudy,Front to Rear,no,no,no,no,yes,False
103323914,METROPOLITAN NASHVILLE POLICE DEPT,20220282040,Davidson,Nashville,6/7/2022 11:40:00 PM,1,0,0,36.174720,-86.770630,OLDHAM ST,,,,92.00,Feet,East,I24 W EXT RAMP,,,,0.00,N,Not at Intersection,N,Non-Junction,None,,,         ,Peter,Kinsey,Cloudy,Not Collision with Motor Vehicle in Transport,no,no,no,no,no,False
103323921,METROPOLITAN NASHVILLE POLICE DEPT,20220282132,Davidson,Nashville,6/8/2022 12:00:00 AM,1,1,0,36.234020,-86.746480,ELLINGTON PKWYN,,,,180.00,Feet,South,I65 N ENT RAMP,,,,0.00,N,Not at Intersection,N,Non-Junction,None,,,         ,Matthew,Jankiewicz,Clear,Not Collision with Motor Vehicle in Transport,no,no,no,no,yes,False
103323923,METROPOLITAN NASHVILLE POLICE DEPT,20220282330,Davidson,Nashville,6/8/2022 3:44:00 AM,1,1,0,36.089860,-86.631090,NASHBORO BLVD,,,,52.00,Feet,East,FAIRWAY POINTE PVTDR,,,,0.00,N,Not at Intersection,N,Non-Junction,None,,,         ,Patrick,Deau,Rain,Not Collision with Motor Vehicle in Transport,no,no,no,no,no,False
103323953,METROPOLITAN NASHVILLE POLICE DEPT,20220282331,Davidson,Nashville,6/8/2022 3:45:00 AM,1,0,0,36.109230,-86.722820,BRILEY PKWYN,,,,62.00,Feet,East,I24 E EXT RAMP,,,,0.00,N,Not at Intersection,N,Unknown,Unknown,Unknown,Unknown,         ,Autumn,Manning,Unknown,Unknown,no,no,no,no,yes,False
103323966,METROPOLITAN NASHVILLE POLICE DEPT,20220282384,Davidson,Nashville,6/8/2022 4:53:00 AM,1,0,0,36.131400,-86.726730,I24 W ENT RAMP,,,,0.00,Feet,East,I 24,,,,0.00,N,Not at Intersection,N,Non-Junction,None,,,         ,Keith,Covert,Unknown,Unknown,no,no,no,no,yes,False
103323971,METROPOLITAN NASHVILLE POLICE DEPT,20220282395,Davidson,Nashville,6/8/2022 5:07:00 AM,1,0,0,36.058580,-86.774430,FRANKLIN PKE,,,,320.00,Feet,North,WILLOWDALE CT,,,,0.00,N,Not at Intersection, ,Non-Junction,None,,,         ,Tony,Mingsing,"Cloudy, Rain",Not Collision with Motor Vehicle in Transport,no,no,no,no,no,False
103323999,METROPOLITAN NASHVILLE POLICE DEPT,20220281137,Davidson,Nashville,6/7/2022 1:50:00 PM,2,0,0,36.149690,-86.779180,DIVISION ST,,,,0.00,,,8TH AVS,,,,0.00,Y,Four-Way,N,Intersection,None,,,         ,Wesley,Young,Clear,Angle,no,no,no,no,yes,False
103324006,METROPOLITAN NASHVILLE POLICE DEPT,20220282484,Davidson,Nashville,6/8/2022 6:28:00 AM,2,3,0,36.076570,-86.681880,ANTIOCH PKE,,,,144.00,Feet,South,LUNA DR,,,,0.00,N,Not at Intersection,N,Non-Junction,None,,,         ,Holly,Davis,Rain,Angle,no,no,no,no,no,False
103324012,METROPOLITAN NASHVILLE POLICE DEPT,20220282519,Davidson,Nashville,6/8/2022 6:45:00 AM,2,0,0,36.159560,-86.774640,3RD AVS,,,,0.00,,,DEMONBREUN ST,,,,0.00,Y,Four-Way, ,Intersection,None,,,         ,Wesley,Young,Clear,Front to Rear,no,no,no,no,no,False
103324013,VANDERBILT UNIVERSITY POLICE,20220281130,Davidson,Nashville,6/7/2022 12:00:00 AM,2,0,0,36.110370,-86.766360,POWELL AV,,,,0.00,,,,,,,0.00,,,N,Non-Junction,None,,,         ,Karl,Haury,Clear,Unknown,no,no,no,yes,yes,OHO
103324014,METROPOLITAN NASHVILLE POLICE DEPT,20220282472,Davidson,Nashville,6/8/2022 12:00:00 AM,1,0,0,36.072830,-86.645860,RICE RD,,,,341.00,Feet,East,EDGE O LAKE DR,,,,0.00,N,Not at Intersection,N,Non-Junction,None,,,         ,Stanley,Collins,Rain,Not Collision with Motor Vehicle in Transport,no,no,no,no,yes,False
103324015,METROPOLITAN NASHVILLE POLICE DEPT,20220282580,Davidson,Nashville,6/8/2022 7:32:00 AM,2,0,0,36.155930,-86.800150,19TH AVN,,,,127.00,Feet,South,PATTERSON ST,,,,0.00,N,Not at Intersection, ,Non-Junction,None,,,         ,Bianca,Crawford,Clear,Angle,no,no,no,no,no,False
103324024,METROPOLITAN NASHVILLE POLICE DEPT,20220282590,Davidson,Nashville,6/8/2022 7:40:00 AM,2,0,0,36.037430,-86.786340,OLD HICKORY BLVD,,,,68.00,Feet,East,FRANKLIN PKE,,,,0.00,N,Not at Intersection, ,,None,,,         ,Gary,Sneed,,,no,no,no,no,no,False
103324025,THP District 3 - Nashville,322044637,Davidson,Nashville,6/4/2022 1:15:00 AM,1,1,0,36.136580,-86.727200,I24 E EXT RAMP,,,,0.00,,,I 24,,,,0.00,Y,OTHER,Y,Entrance/Exit Ramp Related,None,,,         ,Alexander,Campbell,Clear,Not Collision with Motor Vehicle in Transport,no,no,no,no,no,False
103324054,METROPOLITAN NASHVILLE POLICE DEPT,20220282617,Davidson,Nashville,6/8/2022 7:49:00 AM,2,0,0,36.068560,-86.718960,HAYWOOD LN,,,,135.00,Feet,North,NOLENSVILLE PKE,,,,0.00,N,Not at Intersection,N,Non-Junction,None,,,         ,Kody,Littles,Unknown,Angle,no,no,no,yes,yes,False
103324055,METROPOLITAN NASHVILLE POLICE DEPT,20220282642,Davidson,Nashville,6/8/2022 8:14:00 AM,2,1,0,36.230980,-86.782680,I 24,,,,0.00,,,,,,,44.00,N,Not at Intersection,N,Non-Junction,None,,,         ,James,Wray,Cloudy,Front to Rear,no,no,no,no,no,False
103324061,METROPOLITAN NASHVILLE POLICE DEPT,20220275333,Davidson,Nashville,6/4/2022 2:15:00 AM,1,1,0,36.090320,-86.750190,TROUSDALE DR,,,,266.00,Feet,North,GRASSMERE PK,,,,0.00,N,Not at Intersection,N,Rail Grade Crossing,None,,,         ,Donald,Davidson,Clear,Not Collision with Motor Vehicle in Transport,no,no,no,no,no,False
103324068,METROPOLITAN NASHVILLE POLICE DEPT,20220282675,Davidson,Nashville,6/8/2022 12:00:00 AM,2,0,0,36.149500,-86.773790,I 40,,,,0.00,,,,,,,210.15,N,Not at Intersection, ,Non-Junction,None,,,         ,James,Thornton,Clear,Front to Rear,no,no,no,no,no,False
103324071,METROPOLITAN NASHVILLE POLICE DEPT,20220282763,Davidson,Nashville,6/7/2022 3:55:00 PM,1,1,0,36.161300,-86.776540,BROADWAY,,,,198.00,Feet,West,3RD AVN,,,,0.00,N,Not at Intersection,N,Non-Junction,None,,,         ,Ian,Wilson,Clear,Not Collision with Motor Vehicle in Transport,yes,no,no,yes,yes,False
103324078,METROPOLITAN NASHVILLE POLICE DEPT,20220282804,Davidson,Not in City Limit,6/8/2022 9:50:00 AM,2,0,0,36.063300,-86.941440,OLD HARDING PKE,,,,201.00,Feet,West,HARPETH PKWYW,,,,0.00,N,Not at Intersection, ,,None,,,         ,Wesley,Tilley,,,no,no,no,no,no,False
103324084,METROPOLITAN NASHVILLE POLICE DEPT,20220282601,Davidson,Nashville,6/8/2022 7:48:00 AM,3,2,0,36.046430,-86.654700,HICKORY HOLLOW PKWY,,,,0.00,,,HICKORY HOLLOW LN,,,,0.00,Y,Four-Way,N,Intersection,None,,,         ,Patrick,Martin,Clear,Angle,no,no,no,no,no,False
103324090,METROPOLITAN NASHVILLE POLICE DEPT,20220282009,Davidson,Nashville,6/7/2022 11:19:00 PM,1,0,0,36.177510,-86.810070,DR D B TODD JR BLVD,,,,153.00,Feet,North,OSAGE ST,,,,0.00,N,Not at Intersection,N,Non-Junction,None,,,         ,Christopher,Augustin,Cloudy,Not Collision with Motor Vehicle in Transport,no,no,no,no,no,False
103324106,METROPOLITAN NASHVILLE POLICE DEPT,20220282854,Davidson,Nashville,6/8/2022 12:00:00 AM,2,0,0,36.151070,-86.784340,DIVISION ST,,,,0.00,,,12TH AVS,,,,0.00,Y,Four-Way,N,Intersection,None,,,         ,James,Thornton,Cloudy,"Sideswipe, Same Direction",no,no,no,no,yes,False
103324109,METROPOLITAN NASHVILLE POLICE DEPT,20220282860,Davidson,Nashville,6/8/2022 10:13:00 AM,2,0,0,36.130780,-86.629160,BELL RD,,,,698.00,Feet,South,PRIEST WOODS DR,,,,0.00,N,Not at Intersection,N,Non-Junction,None,,,         ,Michael,Brooks,Cloudy,Front to Rear,no,no,no,no,no,False
103324118,METROPOLITAN NASHVILLE POLICE DEPT,20220282838,Davidson,Nashville,6/8/2022 9:55:00 AM,1,0,0,36.180060,-86.810750,BUCHANAN ST,,,,84.00,Feet,East,DR D B TODD JR BLVD,,,,0.00,N,Not at Intersection, ,Non-Junction,None,,,         ,Jean,McCormack,Clear,Not Collision with Motor Vehicle in Transport,no,no,no,no,no,False
103324119,METROPOLITAN NASHVILLE POLICE DEPT,2022-0282874,Davidson,Old Hickory,6/8/2022 10:15:00 AM,2,0,0,36.247760,-86.637690,28TH ST,,,,12.00,Feet,East,DABBS AV,,,,0.00,N,Not at Intersection,N,Non-Junction,None,,,         ,Calvin,Graham,Cloudy,Angle,no,no,no,no,yes,False
103324121,METROPOLITAN NASHVILLE POLICE DEPT,20220282878,Davidson,Nashville,6/8/2022 10:23:00 AM,2,0,0,36.079290,-86.726230,NOLENSVILLE PKE,,,,117.00,Feet,South,HARDING PL,,,,0.00,N,Not at Intersection, ,,None,,,         ,Jacob,Yore,,,no,no,no,no,no,False
103324122,THP District 9 - Administrative,322045541,Davidson,Nashville,6/7/2022 12:24:00 PM,2,0,0,36.164350,-86.785440,CHARLOTTE AV,,,,50.00,Feet,East,6TH AVN,,,,0.00,N,Not at Intersection,N,Non-Junction,Construction Zone,Laneclosure,Transition Area,         ,Steve,Sakarapanee,Cloudy,"Sideswipe, Same Direction",no,no,no,no,no,False
103324130,METROPOLITAN NASHVILLE POLICE DEPT,20220282465,Davidson,Nashville,6/8/2022 6:19:00 AM,14,0,0,36.195950,-86.776120,I 65,,,,0.00,,,,,,,86.55,N,Not at Intersection,N,Non-Junction,None,,,         ,Joel,Bennett,Cloudy,Front to Rear,no,no,no,no,yes,False
103324135,METROPOLITAN NASHVILLE POLICE DEPT,20220282991,Davidson,Nashville,6/8/2022 11:35:00 AM,2,0,0,36.122090,-86.807160,I440 E ENT RAMP,,,,0.00,,,I 440,,,,0.00,Y,OTHER, ,Entrance/Exit Ramp Related,None,,,         ,Justin,Pinkelton,Cloudy,Front to Rear,no,no,no,no,no,False
103324149,METROPOLITAN NASHVILLE POLICE DEPT,20220283054,Davidson,Nashville,6/8/2022 12:25:00 PM,2,1,0,36.153270,-86.769560,2ND AVS,,,,0.00,,,ASH ST,,,,0.00,Y,Four-Way,N,Intersection,None,,,         ,Wesley,Young,Clear,Angle,no,no,no,no,no,False
103324156,VANDERBILT UNIVERSITY POLICE,20220283008,Davidson,Nashville,6/8/2022 11:38:00 AM,1,0,0,36.145890,-86.807470,KENSINGTON PL,,,,41.00,Feet,East,25TH AVS,,,,0.00,N,Not at Intersection, ,"Driveway, Alley Access, etc",None,,,         ,Ray,Stanard,,Not Collision with Motor Vehicle in Transport,no,no,no,yes,no,Campus
103324181,METROPOLITAN NASHVILLE POLICE DEPT,20220282998,Davidson,Nashville,6/8/2022 11:53:00 AM,2,1,0,36.178880,-86.795120,HUME ST,,,,28.00,Feet,East,ROSA L PARKS BLVD,,,,0.00,N,Not at Intersection,N,Non-Junction,None,,,         ,Robert,Kerpka,Clear,Front to Rear,no,no,no,no,no,False
103324199,THP District 3 - Nashville,322045641,Davidson,Nashville,6/7/2022 5:43:00 PM,2,0,0,36.111200,-86.722800,I 24,,,,0.00,,,,,,,53.60,N,Not at Intersection, ,Non-Junction,None,,,         ,Christopher,Langley,"Cloudy, Rain",Front to Rear,no,no,no,no,no,False
103324208,METROPOLITAN NASHVILLE POLICE DEPT,20220283125,Davidson,Nashville,6/8/2022 1:12:00 PM,2,0,0,36.216350,-86.775260,I 65,,,,0.00,,,,,,,88.00,N,Not at Intersection, ,Non-Junction,None,,,         ,James,Wray,Clear,Front to Rear,no,no,no,no,yes,False
103324234,METROPOLITAN NASHVILLE POLICE DEPT,20220283176,Davidson,Nashville,6/8/2022 1:48:00 PM,1,1,0,36.105930,-86.813830,HILLSBORO PKE,,,,31.00,Feet,North,ABBOTT MARTIN RD,,,,0.00,N,Not at Intersection,N,Non-Junction,None,,,         ,Justin,Pinkelton,Cloudy,Not Collision with Motor Vehicle in Transport,yes,no,no,no,no,False
103324245,METROPOLITAN NASHVILLE POLICE DEPT,20220283101,Davidson,Nashville,6/8/2022 12:50:00 PM,1,1,0,36.031260,-86.658580,OLD FRANKLIN RD,,,,919.00,Feet,East,PRESTON RD,,,,0.00,N,Not at Intersection,N,OtherLocation,None,,,         ,Gregory,Scott,Clear,Not Collision with Motor Vehicle in Transport,no,no,no,no,no,False
103324263,METROPOLITAN NASHVILLE POLICE DEPT,20220283066,Davidson,Nashville,6/8/2022 12:27:00 PM,2,1,0,36.111300,-86.756630,THOMPSON LN,,,,408.00,Feet,East,KRAFT DR,,,,0.00,N,Not at Intersection,N,Non-Junction,None,,,         ,William,McDaniel,Clear,Front to Rear,no,no,no,no,no,False
103324273,METROPOLITAN NASHVILLE POLICE DEPT,20220283064,Davidson,Not in City Limit,6/8/2022 12:05:00 PM,2,0,0,36.258610,-86.685030,LARKIN SPRINGS RD,,,,0.00,,,NEW PROVIDENCE PASS,,,,0.00,Y,T-Intersection,N,Intersection,None,,,         ,Jerre,Fly,Clear,Front to Rear,no,no,no,no,yes,False
103324276,METROPOLITAN NASHVILLE POLICE DEPT,20220283218,Davidson,Nashville,6/8/2022 1:55:00 PM,2,0,0,36.046330,-86.713380,NOLENSVILLE PKE,,,,349.00,Feet,North,OLD HICKORY BLVD,,,,0.00,N,Not at Intersection, ,Non-Junction,None,,,         ,Sekou,Samassi,Clear,Front to Rear,no,no,no,no,no,False
103324283,METROPOLITAN NASHVILLE POLICE DEPT,20220283141,Davidson,Nashville,6/8/2022 11:00:00 AM,2,0,0,36.163190,-86.791930,NELSON MERRY ST,,,,353.00,Feet,East,GEORGE L DAVIS BLVD,,,,0.00,N,Not at Intersection,N,Non-Junction,None,,,         ,Russell,Freeman,Clear,Angle,no,no,no,no,yes,False
103324323,METROPOLITAN NASHVILLE POLICE DEPT,20220283193,Davidson,Nashville,6/8/2022 1:49:00 PM,2,0,0,36.135280,-86.812980,FAIRFAX AV,,,,405.00,Feet,East,32ND AVS,,,,0.00,N,Not at Intersection, ,Non-Junction,None,,,         ,Michael,Moss,Clear,"Sideswipe, Same Direction",no,no,no,no,no,False
103324328,METROPOLITAN NASHVILLE POLICE DEPT,20220283196,Davidson,Nashville,6/8/2022 1:50:00 PM,2,0,0,36.206680,-86.778770,W TRINITY LN,,,,100.00,Feet,West,HAMPTON ST,,,,0.00,N,Not at Intersection,N,Non-Junction,None,,,         ,Charles,Shaw,Clear,Angle,no,no,no,no,no,False
103324332,METROPOLITAN NASHVILLE POLICE DEPT,20220283312,Davidson,Nashville,6/8/2022 3:14:00 PM,2,0,0,36.088940,-86.702450,I 24,,,,0.00,,,,,,,55.45,N,Not at Intersection,N,Non-Junction,None,,,         ,Gary,Anderson,Clear,Front to Rear,no,no,no,no,yes,False
103324333,METROPOLITAN NASHVILLE POLICE DEPT,20220283232,Davidson,Nashville,6/8/2022 11:03:00 AM,2,0,0,36.082700,-86.647040,SHUMATE LN,,,,67.00,Feet,West,MURFREESBORO PKE,,,,0.00,N,Not at Intersection,N,Non-Junction,None,,,         ,Aimee,Ortiz,Cloudy,Other,no,no,no,no,yes,False
103324344,METROPOLITAN NASHVILLE POLICE DEPT,20220283076,Davidson,Nashville,6/8/2022 12:20:00 PM,2,1,0,36.203660,-86.724550,BRANCH ST,,,,11.00,Feet,South,MAXEY LN,,,,0.00,N,Not at Intersection,N,Non-Junction,None,,,         ,Faye,Denson,Clear,Angle,no,no,no,no,yes,False
103324345,METROPOLITAN NASHVILLE POLICE DEPT,2022-0282679,Davidson,Nashville,6/8/2022 8:37:00 AM,2,1,0,36.095790,-86.740480,ALLIED DR,,,,615.00,Feet,East,KEYSTONE AV,,,,0.00,N,Not at Intersection,N,Non-Junction,None,,,         ,Sean,Williams,Clear,Front to Rear,no,no,no,no,no,False
103324353,METROPOLITAN NASHVILLE POLICE DEPT,20220283167,Davidson,Nashville,6/8/2022 1:30:00 PM,2,2,0,36.100340,-86.871110,HARDING PKE,,,,0.00,,,PAGE RD,,,,0.00,Y,Four-Way,N,Intersection,None,,,         ,Michael,Pyle,Cloudy,Angle,no,no,no,no,no,False
103324366,METROPOLITAN NASHVILLE POLICE DEPT,20220283313,Davidson,Not in City Limit,6/8/2022 3:20:00 PM,1,1,0,36.336060,-86.782200,LUSTER RD,,,,249.00,Feet,South,UNION HILL RD,,,,0.00,N,Not at Intersection,N,Non-Junction,None,,,         ,DuJuan,Kendrick,Clear,Not Collision with Motor Vehicle in Transport,no,no,no,no,no,False
103324391,METROPOLITAN NASHVILLE POLICE DEPT,20220283414,Davidson,Nashville,6/8/2022 12:00:00 AM,2,0,0,36.180150,-86.835290,LEAWOOD DR,,,,370.00,Feet,North,VIKING RD,,,,0.00,N,Not at Intersection,N,Non-Junction,None,,,         ,Scarlett,Collins,Clear,"Sideswipe, Same Direction",no,no,no,no,yes,False
103324398,METROPOLITAN NASHVILLE POLICE DEPT,20220283399,Davidson,Nashville,6/8/2022 3:55:00 PM,2,0,0,36.170160,-86.807440,I 40,,,,0.00,,,,,,,207.25,N,Not at Intersection, ,Non-Junction,None,,,         ,Robert,Laboy,Clear,"Sideswipe, Same Direction",no,no,no,no,no,False
103324403,METROPOLITAN NASHVILLE POLICE DEPT,20220283279,Davidson,Nashville,6/8/2022 2:29:00 PM,2,0,0,36.155040,-86.797520,18TH AVN,,,,0.00,,,CHURCH ST,,,,0.00,Y,T-Intersection,N,Intersection,None,,,         ,Bianca,Crawford,Clear,Angle,no,no,no,no,no,False
103324407,METROPOLITAN NASHVILLE POLICE DEPT,20220283378,Davidson,Nashville,6/8/2022 3:56:00 PM,2,1,0,36.167560,-86.762210,S 5TH ST,,,,0.00,,,SHELBY AVE,,,,0.00,Y,Four-Way,N,Intersection,None,,,         ,Lindsey,Anderson,Clear,Front to Rear,no,no,no,no,no,False
103324410,METROPOLITAN NASHVILLE POLICE DEPT,20220283385,Davidson,Nashville,6/8/2022 12:00:00 AM,2,2,0,36.124080,-86.707730,MURFREESBORO PKE,,,,102.00,Feet,North,VULTEE BLVD,,,,0.00,N,Not at Intersection,N,Non-Junction,None,,,         ,Keenan,McCann,Clear,Angle,no,no,no,no,yes,False
103324422,METROPOLITAN NASHVILLE POLICE DEPT,20220283464,Davidson,Not in City Limit,6/8/2022 4:53:00 PM,2,0,0,36.269860,-86.736480,I 65,,,,0.00,,,,,,,92.60,N,Not at Intersection, ,Non-Junction,None,,,         ,DuJuan,Kendrick,Clear,Front to Rear,no,no,no,no,no,False
103324424,METROPOLITAN NASHVILLE POLICE DEPT,20220283419,Davidson,Nashville,6/8/2022 4:20:00 PM,2,0,0,36.157640,-86.874680,ROBERTSON AV,,,,0.00,,,CROLEY DR,,,,0.00,Y,Four-Way,N,Intersection,None,,,         ,Benjamin,Cantrell,Clear,Angle,no,no,no,no,no,False
103324428,METROPOLITAN NASHVILLE POLICE DEPT,20220283493,Davidson,Nashville,6/8/2022 4:50:00 PM,2,0,0,36.119670,-86.726710,I 24,,,,0.00,,,,,,,52.90,N,Not at Intersection, ,,None,,,         ,Dalton,Crum,,,no,no,no,no,no,False
103324438,METROPOLITAN NASHVILLE POLICE DEPT,20220283470,Davidson,Nashville,6/8/2022 4:54:00 PM,3,1,0,36.153100,-86.764740,I 40,,,,0.00,,,,,,,210.70,N,Not at Intersection,N,Non-Junction,None,,,         ,Evan,Grace,Cloudy,Front to Rear,no,no,no,no,no,False
103324439,METROPOLITAN NASHVILLE POLICE DEPT,20220283326,Davidson,Nashville,6/8/2022 3:30:00 PM,3,0,0,36.144700,-86.776930,I 65,,,,0.00,,,,,,,82.15,N,Not at Intersection, ,Non-Junction,None,,,         ,Cory,Stratton,Clear,Front to Rear,no,no,no,no,no,False
103324446,METROPOLITAN NASHVILLE POLICE DEPT,20220283437,Davidson,Nashville,6/8/2022 4:30:00 PM,2,0,0,36.121470,-86.804170,I440 E ENT RAMP,,,,0.00,Feet,East,I 440,,,,0.00,N,Not at Intersection,N,Non-Junction,None,,,         ,Tyler,Shanks,Clear,Front to Rear,no,no,no,no,yes,False
103324448,METROPOLITAN NASHVILLE POLICE DEPT,20220283295,Davidson,Nashville,6/8/2022 2:30:00 PM,2,0,0,36.136720,-86.799080,BELCOURT AV,,,,111.00,Feet,East,20TH AVS,,,,0.00,N,Not at Intersection, ,,None,,,         ,Cory,Stratton,,,no,no,no,no,no,False
103324454,METROPOLITAN NASHVILLE POLICE DEPT,20220283478,Davidson,Nashville,6/8/2022 5:03:00 PM,1,1,0,36.068200,-86.705310,HAYWOOD LN,,,,640.00,Feet,East,CHAMBERS DR,,,,0.00,N,Not at Intersection,N,Non-Junction,None,,,         ,Gary,Anderson,Clear,Not Collision with Motor Vehicle in Transport,no,no,no,no,no,False
103324455,METROPOLITAN NASHVILLE POLICE DEPT,20220283559,Davidson,Nashville,6/8/2022 2:45:00 PM,1,0,0,36.147540,-86.856600,ORLANDO AV,,,,0.00,,,PATINA CIR,,,,0.00,Y,T-Intersection, ,,None,,,         ,Benjamin,Cantrell,,,no,no,no,no,no,False
103324456,METROPOLITAN NASHVILLE POLICE DEPT,20220283507,Davidson,Nashville,6/8/2022 5:20:00 PM,2,1,0,36.244210,-86.780340,BRICK CHURCH PKE,,,,0.00,Feet,East,BRICK CHURCH LN,,,,0.00,N,Not at Intersection,N,Non-Junction,None,,,         ,Joshua,Dodge,Clear,Angle,no,no,no,no,no,False
103324459,METROPOLITAN NASHVILLE POLICE DEPT,20220283497,Davidson,Nashville,6/8/2022 5:00:00 PM,2,1,0,36.153240,-86.687680,ELM HILL PKE,,,,0.00,,,ATRIUM WAY,,,,0.00,Y,Four-Way,N,Intersection,None,,,         ,Donovan,Coble,Clear,Front to Rear,no,no,no,no,no,False
103324475,METROPOLITAN NASHVILLE POLICE DEPT,20220283521,Davidson,Nashville,6/7/2022 7:50:00 PM,2,0,0,36.049770,-86.652030,HICKORY HOLLOW MALL PVTDR PL,,,,198.00,Feet,North,BELL RD,,,,0.00,N,Not at Intersection,N,Non-Junction,None,,,         ,Alexandra,Herring,Cloudy,Angle,no,no,no,no,yes,False
103324476,METROPOLITAN NASHVILLE POLICE DEPT,20220283483,Davidson,Nashville,6/8/2022 4:33:00 PM,2,0,0,36.163620,-86.777330,3RD AVN,,,,248.00,Feet,South,CHURCH ST,,,,0.00,N,Not at Intersection, ,Non-Junction,None,,,         ,David,Snowden,Clear,Front to Rear,no,no,no,no,no,False
103324478,METROPOLITAN NASHVILLE POLICE DEPT,20220283590,Davidson,Nashville,6/8/2022 2:45:00 PM,2,0,0,36.155520,-86.694500,SANBORN DR,,,,50.00,Feet,East,BOUNTY DR,,,,0.00,N,Not at Intersection, ,,None,,,         ,Reagan,Heath,,,no,no,no,no,no,False
103324484,METROPOLITAN NASHVILLE POLICE DEPT,20220283582,Davidson,Nashville,6/8/2022 6:06:00 PM,4,1,0,36.060980,-86.914430,HIGHWAY 100,,,,517.00,Feet,East,OLD HICKORY BLVD,,,,0.00,N,Not at Intersection,N,Non-Junction,None,,,         ,Ryan,Thomas,Clear,Front to Rear,no,no,no,no,yes,False
103324485,METROPOLITAN NASHVILLE POLICE DEPT,20220283541,Davidson,Nashville,6/8/2022 5:38:00 PM,1,1,0,36.169920,-86.756200,S 8TH ST,,,,0.00,,,SHELBY AV,,,,0.00,Y,Four-Way,N,Intersection,None,,,         ,Adam,Warren,Clear,Not Collision with Motor Vehicle in Transport,no,no,yes,no,yes,False
103324491,METROPOLITAN NASHVILLE POLICE DEPT,20220283387,Davidson,Nashville,6/8/2022 4:00:00 PM,2,1,0,36.116050,-86.790530,,,I440 E,,1.00,Feet,East,,,,,4.00,N,Not at Intersection,N,Non-Junction,None,,,         ,Dakota,Davis,Clear,Front to Rear,no,no,no,no,no,False