master_record_number,agency,agency_tracking_number,county,city,collision_date,vehicles_involved,number_injured,number_dead,latitude,longitude,roadway_name,roadway_suffix,roadway_number,roadway_local_id,distance_from_reference,miles-feet_indicator,direction_from_reference,intersection_road_name,intersection_road_name_suffix,intersection_road_number,intersection_local_id,mile_marker,intersection_indicator,intersect_type,interchange_related_indicator,relation_to_junction,work_zone_type,construction_maintenance_zone,construction_maintenance_zone_location,fatal_case_number,officer_first_name,officer_last_name,weather_condition(s),manner_of_crash,pedestrian,bicycle,scooter,parking,hitrun,mou
103325596,METROPOLITAN NASHVILLE POLICE DEPT,20220285692,Davidson,Nashville,6/9/2022 7:26:00 PM,2,0,0,36.190000,-86.745640,GALLATIN AV,,,,154.00,Feet,South,W GREENWOOD AV,,,,0.00,N,Not at Intersection,N,Non-Junction,None,,,         ,Ronald,Conner,Clear,"Sideswipe, Same Direction",no,no,no,no,yes,False
103325597,METROPOLITAN NASHVILLE POLICE DEPT,20220285604,Davidson,Nashville,6/9/2022 6:27:00 PM,2,0,0,36.103880,-86.881560,JOCELYN HOLLOW RD,,,,0.00,,,,,,,0.00,,, ,"Driveway, Alley Access, etc",None,,,         ,Eric,Westbrook,Clear,Angle,no,no,no,yes,no,False
103325662,METROPOLITAN NASHVILLE POLICE DEPT,20220285809,Davidson,Nashville,6/9/2022 9:20:00 PM,3,0,0,36.070030,-86.624280,OWENDALE DR,,,,421.00,Feet,East,KINWOOD DR,,,,0.00,N,Not at Intersection, ,Non-Junction,None,,,         ,Douglas,Meringer,Clear,Not Collision with Motor Vehicle in Transport,no,no,no,no,no,False
103325665,METROPOLITAN NASHVILLE POLICE DEPT,20220285315,Davidson,Nashville,6/9/2022 4:12:00 PM,3,2,0,36.078390,-86.908960,HIGHWAY 70S,,,,0.00,,,ERIN LN,,,,0.00,Y,T-Intersection,N,Intersection-Related,None,,,         ,Brandon,Pedigo,Clear,"Sideswipe, Opposite Direction",no,no,no,no,no,False
103325675,METROPOLITAN NASHVILLE POLICE DEPT,20220285876,Davidson,Nashville,6/9/2022 11:10:00 PM,2,0,0,36.215130,-86.599640,LEBANON PKE,,,,480.00,Feet,North,ANDREW JACKSON PKWY,,,,0.00,N,Not at Intersection,N,Non-Junction,None,,,         ,Allison,Zornes,,HeadOn,no,no,no,no,no,False
103325681,METROPOLITAN NASHVILLE POLICE DEPT,20220285838,Davidson,Nashville,6/8/2022 7:00:00 AM,2,0,0,36.213900,-86.596420,TRENTON DR,,,,0.00,,,,,,,0.00,,,N,Non-Junction,None,,,         ,Zaire,Murray,Clear,Rear to Rear,no,no,no,yes,yes,False
103325683,METROPOLITAN NASHVILLE POLICE DEPT,20220285949,Davidson,Nashville,6/9/2022 11:55:00 PM,2,0,0,36.167110,-86.769930,S 2ND ST,,,,491.00,Feet,South,VICTORY AV,,,,0.00,N,Not at Intersection,N,Non-Junction,None,,,         ,Bryson,Wilkins,,Front to Rear,no,no,no,yes,yes,False
103325686,METROPOLITAN NASHVILLE POLICE DEPT,20220285741,Davidson,Nashville,6/9/2022 9:52:00 PM,3,3,0,36.074480,-86.920940,OLD HICKORY BLVD,,,,0.00,,,HIGHWAY 70S,,,,0.00,Y,Four-Way,Y,Intersection-Related,None,,,         ,Christopher,Alceus,Clear,Angle,no,no,no,no,no,False
103325689,METROPOLITAN NASHVILLE POLICE DEPT,20220285983,Davidson,Nashville,6/10/2022 12:11:00 AM,2,0,0,36.150650,-86.767850,LAFAYETTE ST,,,,32.00,Feet,East,2ND AVS,,,,0.00,N,Not at Intersection,N,Non-Junction,None,,,         ,Brandon,Chapman,Clear,Front to Rear,no,no,no,no,no,False
103325691,METROPOLITAN NASHVILLE POLICE DEPT,20220285785,Davidson,Not in City Limit,6/9/2022 10:10:00 PM,1,1,0,36.005890,-86.640220,CANE RIDGE RD,,,,1907.00,Feet,North,OLD HICKORY BLVD,,,,0.00,N,Not at Intersection,N,Non-Junction,None,,,         ,Jason,Lyons,Clear,Not Collision with Motor Vehicle in Transport,no,no,no,no,no,False
103325697,METROPOLITAN NASHVILLE POLICE DEPT,20220285727,Davidson,Nashville,6/8/2022 4:00:00 PM,2,0,0,36.044850,-86.661510,CANE RIDGE RD,,,,27.00,Feet,North,BELL RD,,,,0.00,N,Not at Intersection,N,Non-Junction,None,,,         ,Phillip,Lovell,Clear,Front to Rear,no,no,no,no,yes,False
103325712,METROPOLITAN NASHVILLE POLICE DEPT,20220286068,Davidson,Nashville,6/10/2022 1:18:00 AM,1,0,0,36.158930,-86.865230,BRILEY PKWYS,,,,535.00,Feet,West,BRILEY PKWYN,,,,0.00,N,Not at Intersection,N,Non-Junction,None,,,         ,John,Jones,Clear,Not Collision with Motor Vehicle in Transport,no,no,no,no,yes,False
103325789,METROPOLITAN NASHVILLE POLICE DEPT,20220286211,Davidson,Nashville,6/10/2022 5:06:00 AM,1,0,0,36.174030,-86.606070,I40 W ENT RAMP,,,,0.00,Feet,East,CENTRAL PKE,,,,0.00,N,Not at Intersection,N,Entrance/Exit Ramp Related,None,,,         ,Jeffrey,Palomino-Gonzalez,Clear,Not Collision with Motor Vehicle in Transport,no,no,no,no,yes,False
103325790,METROPOLITAN NASHVILLE POLICE DEPT,20220285708,Davidson,Nashville,6/9/2022 12:00:00 AM,2,0,0,36.155260,-86.799650,19TH AVE N,,,,0.00,,,STATE ST,,,,0.00,Y,Four-Way,N,Intersection,None,,,         ,Lynsey,Fish,Cloudy,Angle,no,no,no,no,no,False
103325810,METROPOLITAN NASHVILLE POLICE DEPT,20220286200,Davidson,Nashville,6/10/2022 4:31:00 AM,1,3,0,36.040110,-86.752670,OLD HICKORY BLVD,,,,106.00,Feet,West,CHADWICK LN,,,,0.00,N,Not at Intersection,N,Non-Junction,None,,,         ,Sierra,Walker,Clear,Not Collision with Motor Vehicle in Transport,no,no,no,no,no,False
103325813,METROPOLITAN NASHVILLE POLICE DEPT,20220286195,Davidson,Nashville,6/10/2022 4:25:00 AM,3,1,0,36.170360,-86.598160,I40 W EXT RAMP,,,,0.00,Feet,East,I 40,,,,0.00,N,Not at Intersection,N,Non-Junction,None,,,         ,Allison,Zornes,Clear,Angle,no,no,no,no,no,False
103325816,METROPOLITAN NASHVILLE POLICE DEPT,20220286294,Davidson,Nashville,6/10/2022 7:00:00 AM,2,1,0,36.031210,-86.639080,I 24,,,,0.00,,,,,,,60.90,N,Not at Intersection,N,Non-Junction,None,,,         ,Steven,Williams,Clear,Other,no,no,no,no,no,False
103325817,METROPOLITAN NASHVILLE POLICE DEPT,20220286292,Davidson,Nashville,6/10/2022 6:55:00 AM,2,0,0,36.060740,-86.592880,WINDCREST TRL,,,,265.00,Feet,West,BAYSHORE CV,,,,0.00,N,Not at Intersection, ,,None,,,         ,Tavin,Emlund,,,no,no,no,no,no,False
103325865,METROPOLITAN NASHVILLE POLICE DEPT,20220286245,Davidson,Nashville,6/10/2022 5:00:00 AM,2,0,0,36.046090,-86.657840,BELL RD,,,,40.00,Feet,North,COLLINS PARK DR,,,,0.00,N,Not at Intersection,N,Non-Junction,None,,,         ,Benjamin,Tasto,Clear,Front to Rear,no,no,no,no,no,False
103325866,METROPOLITAN NASHVILLE POLICE DEPT,20220286395,Davidson,Nashville,6/10/2022 8:27:00 AM,2,0,0,36.087750,-86.649210,MURFREESBORO PKE,,,,341.00,Feet,North,RANSOM PL,,,,0.00,N,Not at Intersection, ,Non-Junction,None,,,         ,Ronald,Conner,,"Sideswipe, Same Direction",no,no,no,no,no,False
103325867,METROPOLITAN NASHVILLE POLICE DEPT,20220286347,Davidson,Nashville,6/10/2022 7:32:00 AM,1,0,0,36.126400,-86.734330,S LYLE LN,,,,129.00,Feet,North,IMPERIAL DR,,,,0.00,N,Not at Intersection,N,Non-Junction,None,,,         ,Beri,Scott,Clear,Not Collision with Motor Vehicle in Transport,no,no,no,no,yes,False
103325889,METROPOLITAN NASHVILLE POLICE DEPT,20220286288,Davidson,Nashville,6/10/2022 6:56:00 AM,1,0,0,36.052460,-86.894290,OLD HICKORY BLVD,,,,0.00,Feet,East,GAUCHO ROAD PVTDR,,,,0.00,N,Not at Intersection, ,Non-Junction,None,,,         ,Christopher,Augustin,Clear,Not Collision with Motor Vehicle in Transport,no,no,no,no,no,False
103325899,METROPOLITAN NASHVILLE POLICE DEPT,20220286460,Davidson,Nashville,6/10/2022 8:57:00 AM,2,0,0,36.231990,-86.758840,DICKERSON PKE,,,,261.00,Feet,North,OAK VALLEY DR,,,,0.00,N,Not at Intersection, ,Non-Junction,None,,,         ,Miranda,Vaughn,Cloudy,"Sideswipe, Same Direction",no,no,no,no,no,False
103325941,METROPOLITAN NASHVILLE POLICE DEPT,20220286530,Davidson,Goodlettsville,6/10/2022 10:17:00 AM,2,2,0,36.302140,-86.692720,TWIN HILLS DR,,,,0.00,Feet,East,GALLATIN PKEN,,,,0.00,N,Not at Intersection,N,Non-Junction,None,,,         ,Melina,Tamborella,Cloudy,Angle,no,no,no,no,no,False
103325971,GOODLETTSVILLE POLICE DEPT,22-17305,Davidson,Goodlettsville,6/7/2022 5:00:00 PM,2,0,0,36.297220,-86.714190,I 65,,,,0.00,,,,,,,94.90,N,Not at Intersection, ,Non-Junction,None,,,         ,Donald,Brinton,Cloudy,Front to Rear,no,no,no,no,no,False
103325979,METROPOLITAN NASHVILLE POLICE DEPT,20220286465,Davidson,Nashville,6/10/2022 9:19:00 AM,2,0,0,36.109090,-86.725380,BRILEY PKWYS,,,,0.00,,,I24 E EXT RAMP,,,,0.00,Y,OTHER, ,Non-Junction,None,,,         ,Peabo,McAlmont,Clear,Angle,no,no,no,no,no,False
103325986,METROPOLITAN NASHVILLE POLICE DEPT,20220286590,Davidson,Nashville,6/10/2022 10:30:00 AM,2,0,0,36.167870,-86.809460,MEHARRY BLVD,,,,24.00,Feet,West,21ST AVN,,,,0.00,N,Not at Intersection, ,Non-Junction,None,,,         ,Anthony,Butler,Clear,Front to Rear,no,no,no,no,no,False
103326001,METROPOLITAN NASHVILLE POLICE DEPT,20220286563,Davidson,Nashville,6/10/2022 8:30:00 AM,2,0,0,36.185490,-86.803640,9TH AVN,,,,84.00,Feet,South,GOFF ST,,,,0.00,N,Not at Intersection, ,Non-Junction,None,,,         ,Kenneth,Oneal,Clear,"Sideswipe, Same Direction",no,no,no,no,no,False
103326002,METROPOLITAN NASHVILLE POLICE DEPT,20220286516,Davidson,Nashville,6/10/2022 10:06:00 AM,2,1,0,36.152200,-86.842220,CHARLOTTE AV,,,,0.00,,,46TH AVN,,,,0.00,Y,Four-Way,N,Intersection,None,,,         ,Michael,Pyle,Cloudy,Angle,no,no,no,no,no,False
103326012,METROPOLITAN NASHVILLE POLICE DEPT,20220286633,Davidson,Nashville,6/10/2022 11:48:00 AM,2,0,0,36.148930,-86.666920,ELM HILL PKE,,,,193.00,Feet,West,DONELSON PKE,,,,0.00,N,Not at Intersection,N,Non-Junction,None,,,         ,Brian,Ritz,Cloudy,Angle,no,no,no,no,no,False
103326040,METROPOLITAN NASHVILLE POLICE DEPT,20220286654,Davidson,Nashville,6/10/2022 12:00:00 AM,2,2,0,36.134880,-86.723810,MURFREESBORO PKE,,,,197.00,Feet,East,I24 W EXT RAMP,,,,0.00,N,Not at Intersection,N,Non-Junction,None,,,         ,James,Gilliam,Clear,Angle,no,no,no,no,no,False
103326043,METROPOLITAN NASHVILLE POLICE DEPT,20220286580,Davidson,Nashville,6/10/2022 11:01:00 AM,2,1,0,36.159810,-86.787730,CHURCH ST,,,,236.00,Feet,East,GULCH GRNWY,,,,0.00,N,Not at Intersection,N,Non-Junction,None,,,         ,Hunter,Hodge,Clear,Angle,no,no,no,no,no,False
103326049,METROPOLITAN NASHVILLE POLICE DEPT,20220286600,Davidson,Nashville,6/10/2022 11:04:00 AM,2,0,0,36.130850,-86.727060,I24E,,,,238.00,Feet,North,I24 W ENT RAMP,,,,0.00,N,Not at Intersection, ,Non-Junction,None,,,         ,Beri,Scott,Clear,Front to Rear,no,no,no,no,no,False
103326054,METROPOLITAN NASHVILLE POLICE DEPT,20220286692,Davidson,Nashville,6/10/2022 11:12:00 AM,2,0,0,36.077000,-86.725780,EDMONDSON PKE,,,,73.00,Feet,West,WALLACE RD,,,,0.00,N,Not at Intersection, ,Non-Junction,None,,,         ,Gary,Sneed,Cloudy,Front to Rear,no,no,no,no,no,False
103326065,METROPOLITAN NASHVILLE POLICE DEPT,20220286673,Davidson,Not in City Limit,6/10/2022 12:20:00 PM,2,1,0,36.285370,-86.745920,DICKERSON PKES,,,,0.00,,,,,,,0.00,,,N,Non-Junction,None,,,         ,Patrick,McGinnis,Cloudy,Angle,no,no,no,no,no,False
103326072,METROPOLITAN NASHVILLE POLICE DEPT,20220286598,Davidson,Nashville,6/10/2022 11:16:00 AM,2,0,0,36.154040,-86.787570,13TH AVS,,,,4.00,Feet,North,DEMONBREUN ST,,,,0.00,N,Not at Intersection,N,Non-Junction,None,,,         ,Cecelia,Brown,Clear,"Sideswipe, Same Direction",no,no,no,no,no,False
103326078,METROPOLITAN NASHVILLE POLICE DEPT,20220286705,Davidson,Nashville,6/10/2022 10:58:00 AM,2,0,0,36.121740,-86.750590,I440 E EXT RAMP,,,,0.00,,,I 440,,,,0.00,Y,T-Intersection, ,Entrance/Exit Ramp Related,None,,,         ,Justin,Pinkelton,Cloudy,Front to Rear,no,no,no,no,no,False
103326085,METROPOLITAN NASHVILLE POLICE DEPT,20220286602,Davidson,Nashville,6/10/2022 11:20:00 AM,2,1,0,36.105620,-86.671800,MURFREESBORO PKE,,,,0.00,,,EZELL PKE,,,,0.00,Y,T-Intersection,Y,Intersection,None,,,         ,David,Rehm,Cloudy,Angle,no,no,no,no,no,False
103326147,METROPOLITAN NASHVILLE POLICE DEPT,20220286723,Davidson,Nashville,6/10/2022 12:57:00 PM,3,1,0,36.154050,-86.757570,I 40,,,,0.00,,,,,,,211.10,N,Not at Intersection,Y,Non-Junction,None,,,         ,Brian,Ritz,Cloudy,Front to Rear,no,no,no,no,yes,False
103326151,METROPOLITAN NASHVILLE POLICE DEPT,20220286756,Davidson,Nashville,6/10/2022 12:48:00 PM,2,0,0,36.243510,-86.736430,BRIARVILLE RD,,,,356.00,Feet,North,WORTH ST,,,,0.00,N,Not at Intersection,N,Non-Junction,None,,,         ,Benjamin,Williams,Clear,"Sideswipe, Opposite Direction",no,no,no,no,no,False
103326247,METROPOLITAN NASHVILLE POLICE DEPT,20220286765,Davidson,Nashville,6/10/2022 1:24:00 PM,2,0,0,36.218950,-86.728380,HUNTERS MEADOW LN,,,,153.00,Feet,West,SUNNYMEADE DR,,,,0.00,N,Not at Intersection,N,Non-Junction,None,,,         ,Joseph,Progar,Clear,Rear to Rear,no,no,no,no,no,False
103326285,METROPOLITAN NASHVILLE POLICE DEPT,20220286864,Davidson,Nashville,6/10/2022 2:42:00 PM,2,0,0,36.157960,-86.801600,19TH AVN,,,,146.00,Feet,North,CHARLOTTE AV,,,,0.00,N,Not at Intersection,N,Non-Junction,None,,,         ,Austin,Bowles,Clear,Angle,no,no,no,no,yes,False
103326290,METROPOLITAN NASHVILLE POLICE DEPT,20220286832,Davidson,Nashville,6/10/2022 2:29:00 PM,2,1,0,36.115860,-86.785570,,,I440,,0.00,,,,,,,8.00,N,Not at Intersection,N,Non-Junction,None,,,         ,Bianca,Crawford,Clear,Front to Rear,no,no,no,no,no,False
103326294,METROPOLITAN NASHVILLE POLICE DEPT,20220286821,Davidson,Nashville,6/10/2022 11:33:00 AM,2,0,0,36.144930,-86.766660,4TH AVS,,,,0.00,,,CHESTNUT ST,,,,0.00,Y,OTHER,Y,Intersection,None,,,         ,David,Rehm,Cloudy,Angle,no,no,no,no,no,False
103326297,METROPOLITAN NASHVILLE POLICE DEPT,20220286887,Davidson,Nashville,6/10/2022 2:48:00 PM,2,0,0,36.140590,-86.721930,I 40,,,,0.00,,,,,,,213.50,N,Not at Intersection,N,Non-Junction,None,,,         ,Evan,Grace,Clear,Front to Rear,no,no,no,no,yes,False
103326315,METROPOLITAN NASHVILLE POLICE DEPT,20220286890,Davidson,Nashville,6/10/2022 3:20:00 PM,2,0,0,36.062390,-86.682380,I 24,,,,0.00,,,,,,,57.65,N,Not at Intersection,N,Non-Junction,None,,,         ,Taylor,Blackwelder,Clear,Front to Rear,no,no,no,no,no,False
103326327,METROPOLITAN NASHVILLE POLICE DEPT,20220286939,Davidson,Nashville,6/10/2022 3:57:00 PM,2,0,0,36.030180,-86.637950,I 24,,,,0.00,,,,,,,61.00,N,Not at Intersection, ,,Work Zone,,,         ,Jason,Lyons,,,no,no,no,no,no,False
103326329,METROPOLITAN NASHVILLE POLICE DEPT,20220286932,Davidson,Nashville,6/10/2022 3:59:00 PM,2,0,0,36.143440,-86.873910,CHARLOTTE PKE,,,,123.00,Feet,North,CHARLOTTE ROAD CIR,,,,0.00,N,Not at Intersection,N,Non-Junction,None,,,         ,Justin,Wells,Clear,Front to Rear,no,no,no,no,no,False
103326330,GOODLETTSVILLE POLICE DEPT,22-17696,Davidson,Goodlettsville,6/10/2022 3:05:00 PM,2,1,0,36.310790,-86.705380,RIVERGATE PKWY,,,,108.00,Feet,West,I-65 SB EXIT RAMP,,,,0.00,N,Not at Intersection,N,Non-Junction,None,,,         ,George,Henry,Clear,Front to Rear,no,no,no,no,no,False
103326365,METROPOLITAN NASHVILLE POLICE DEPT,20220286919,Davidson,Nashville,6/10/2022 3:49:00 PM,2,0,0,36.158620,-86.772100,1ST AVS,,,,135.00,Feet,North,KOREAN VETERANS BLVD,,,,0.00,N,Not at Intersection, ,"Driveway, Alley Access, etc",None,,,         ,Phillip,Murphy,Clear,Rear to Side,no,no,no,no,no,False
103326371,METROPOLITAN NASHVILLE POLICE DEPT,20220286992,Davidson,Nashville,6/10/2022 4:45:00 PM,2,0,0,36.173880,-86.788700,6TH AVN,,,,0.00,,,JEFFERSON ST,,,,0.00,Y,Four-Way, ,Intersection,None,,,         ,Russell,Freeman,Clear,Front to Rear,no,no,no,no,no,False
103326375,METROPOLITAN NASHVILLE POLICE DEPT,20220286967,Davidson,Nashville,6/10/2022 12:00:00 AM,2,0,0,36.128350,-86.842420,HARDING PKE,,,,516.00,Feet,East,WOODLAWN DR,,,,0.00,N,Not at Intersection,N,Non-Junction,None,,,         ,Blake,Langford,Clear,"Sideswipe, Same Direction",no,no,no,no,no,False
103326379,METROPOLITAN NASHVILLE POLICE DEPT,20220287024,Davidson,Not in City Limit,6/10/2022 3:30:00 PM,2,0,0,36.071970,-86.928270,OLD HARDING PKE,,,,26.00,Feet,East,WYNBROOK CT,,,,0.00,N,Not at Intersection, ,Non-Junction,None,,,         ,Eric,Westbrook,Clear,Angle,no,no,no,no,no,False
103326393,METROPOLITAN NASHVILLE POLICE DEPT,20220287054,Davidson,Nashville,6/10/2022 3:39:00 PM,2,0,0,36.174000,-86.813120,23RD AVN,,,,111.00,Feet,North,FORMOSA ST,,,,0.00,N,Not at Intersection,N,Non-Junction,None,,,         ,Austin,Bowles,Clear,Angle,no,no,no,no,no,False
103326397,METROPOLITAN NASHVILLE POLICE DEPT,20220286982,Davidson,Nashville,6/10/2022 4:15:00 PM,2,1,0,36.221140,-86.804900,REVELS DR,,,,0.00,,,WHITES CREEK PKE,,,,0.00,Y,OTHER,N,Intersection-Related,None,,,         ,Anna,Clayton,Clear,Front to Rear,no,no,no,no,yes,False
103326408,METROPOLITAN NASHVILLE POLICE DEPT,20220287007,Davidson,Nashville,6/10/2022 12:00:00 AM,2,1,0,36.081100,-86.758360,HARDING PL,,,,0.00,,,TROUSDALE DR,,,,0.00,Y,Four-Way,N,Intersection,None,,,         ,Darci,Stechman,Clear,Angle,no,no,no,no,no,False
103326415,METROPOLITAN NASHVILLE POLICE DEPT,20220287144,Davidson,Nashville,6/10/2022 4:39:00 PM,2,0,0,36.186330,-86.757940,ELLINGTON PKWYN,,,,65.00,Feet,West,ELLINGTON PKWY N ENT RAMP,,,,0.00,N,Not at Intersection,N,Non-Junction,None,,,         ,Adam,Warren,Clear,"Sideswipe, Same Direction",no,no,no,no,yes,False
103326416,METROPOLITAN NASHVILLE POLICE DEPT,20220287002,Davidson,Nashville,6/10/2022 4:34:00 PM,3,1,0,36.175410,-86.602990,OLD HICKORY BLVD,,,,354.00,Feet,North,BURNING TREE DR,,,,0.00,N,Not at Intersection,N,Non-Junction,None,,,         ,Forrest,Punke,Clear,Front to Rear,no,no,no,no,no,False
103326417,METROPOLITAN NASHVILLE POLICE DEPT,20220286969,Davidson,Nashville,6/10/2022 4:28:00 PM,2,1,0,36.167790,-86.765700,I 24,,,,0.00,,,,,,,48.85,N,Not at Intersection,N,Non-Junction,None,,,         ,Zachary,Aldrich,Clear,Front to Rear,no,no,no,no,no,False
103326423,METROPOLITAN NASHVILLE POLICE DEPT,20220287066,Davidson,Nashville,6/10/2022 5:33:00 PM,2,0,0,36.118810,-86.700000,BRILEY PKWY S EXT RAMP,,,,0.00,Feet,East,BRILEY PKWYS,,,,0.00,N,Not at Intersection,N,Non-Junction,None,,,         ,Adam,Kauffman,Clear,Front to Rear,no,no,no,no,no,False
103326426,METROPOLITAN NASHVILLE POLICE DEPT,20220286976,Davidson,Nashville,6/10/2022 4:32:00 PM,2,2,0,36.231560,-86.780870,EWING DR,,,,191.00,Feet,East,BRICK CHURCH PKE,,,,0.00,N,Not at Intersection,N,Non-Junction,None,,,         ,Joshua,Dodge,Clear,Angle,no,no,no,no,no,False
103326448,METROPOLITAN NASHVILLE POLICE DEPT,20220287159,Davidson,Nashville,6/10/2022 6:48:00 PM,2,2,0,36.062660,-86.630800,HAMILTON CHURCH RD,,,,0.00,Feet,South,HAMILTON CROSSINGS,,,,0.00,N,Not at Intersection,N,Non-Junction,None,,,         ,Nadine,Klemenz,Clear,Angle,no,no,no,no,no,False
103326449,METROPOLITAN NASHVILLE POLICE DEPT,20220287109,Davidson,Nashville,6/10/2022 2:40:00 PM,3,0,0,36.162680,-86.807840,HERMAN ST,,,,120.00,Feet,East,21ST AVN,,,,0.00,N,Not at Intersection,N,Non-Junction,None,,,         ,Tyler,Jordan,Clear,"Sideswipe, Same Direction",no,no,no,no,yes,False
103326455,METROPOLITAN NASHVILLE POLICE DEPT,20220287148,Davidson,Nashville,6/10/2022 6:40:00 PM,2,1,0,36.156010,-86.788850,13TH AVS,,,,0.00,Feet,,GEORGE L DAVIS BLVD,,,,0.00,Y,Four-Way,N,Intersection,None,,,         ,Kency,Le,Clear,Angle,no,no,no,no,no,False
103326456,METROPOLITAN NASHVILLE POLICE DEPT,20220287118,Davidson,Nashville,6/10/2022 6:12:00 PM,2,0,0,36.150150,-86.857950,CHARLOTTE PKE,,,,0.00,Feet,,WHITE BRIDGE PKE,,,,0.00,Y,Four-Way, ,Intersection,None,,,         ,Ryan,Thomas,Clear,"Sideswipe, Same Direction",no,no,no,no,no,False
103326469,METROPOLITAN NASHVILLE POLICE DEPT,20220287140,Davidson,Nashville,6/10/2022 6:28:00 PM,1,0,0,36.176690,-86.774640,N 1ST ST,,,,0.00,,,,,,,0.00,,,N,OtherLocation,None,,,         ,Russell,Freeman,Clear,Not Collision with Motor Vehicle in Transport,no,no,no,no,no,False
103326471,METROPOLITAN NASHVILLE POLICE DEPT,20220287216,Davidson,Nashville,6/10/2022 7:55:00 PM,2,0,0,36.171140,-86.803350,I 40,,,,0.00,,,,,,,207.45,N,Not at Intersection,N,Non-Junction,None,,,         ,Lucas,Thomas,Clear,Angle,no,no,no,no,yes,False
103326473,METROPOLITAN NASHVILLE POLICE DEPT,20220287043,Davidson,Nashville,6/10/2022 12:00:00 AM,2,1,0,36.128170,-86.713020,MURFREESBORO PKE,,,,0.00,Feet,East,PHILFRE CT,,,,0.00,N,Not at Intersection,N,Non-Junction,None,,,         ,Esther,Poysti,Clear,Angle,no,no,no,no,no,False
103326483,METROPOLITAN NASHVILLE POLICE DEPT,20220287208,Davidson,Nashville,6/10/2022 7:39:00 PM,1,1,0,36.137470,-86.760760,ENSLEY BLVD,,,,166.00,Feet,North,4TH AVS,,,,0.00,N,Not at Intersection,N,Non-Junction,None,,,         ,Michael,Hones,Clear,Not Collision with Motor Vehicle in Transport,no,no,no,no,no,False
103326485,METROPOLITAN NASHVILLE POLICE DEPT,20220287094,Davidson,Nashville,6/10/2022 5:55:00 PM,2,1,0,36.143960,-86.722570,ELM HILL PKE,,,,0.00,,,SPENCE LN,,,,0.00,Y,Four-Way,N,Intersection,None,,,         ,Theodore,Flick,Clear,Angle,no,no,no,no,no,False
103326560,METROPOLITAN NASHVILLE POLICE DEPT,20220287163,Davidson,Nashville,6/10/2022 4:48:00 PM,4,2,0,36.116410,-86.748010,NOLENSVILLE PKE,,,,33.00,Feet,South,JOYNER AV,,,,0.00,N,Not at Intersection,N,Non-Junction,None,,,         ,Austin,Binner,Clear,Front to Rear,no,no,no,no,no,False
103326562,METROPOLITAN NASHVILLE POLICE DEPT,20220287255,Davidson,Nashville,6/10/2022 8:18:00 PM,1,1,0,36.156140,-86.824930,I40 E EXT RAMP,,,,0.00,,,I 40,,,,0.00,Y,Y-Intersection,N,Non-Junction,None,,,         ,Ryan,Thomas,Clear,Not Collision with Motor Vehicle in Transport,no,no,no,no,no,False
103326604,METROPOLITAN NASHVILLE POLICE DEPT,20220287103,Davidson,Nashville,6/10/2022 12:00:00 AM,1,0,0,36.139010,-86.665810,I40 E ENT RAMP,,,,0.00,Feet,East,DONELSON PKE,,,,0.00,N,Not at Intersection,Y,Non-Junction,None,,,         ,Esther,Poysti,Clear,Not Collision with Motor Vehicle in Transport,no,no,no,no,no,False
103326655,METROPOLITAN NASHVILLE POLICE DEPT,20220287076,Davidson,Nashville,6/10/2022 5:41:00 PM,1,2,0,36.221070,-86.761900,DICKERSON PKE,,,,64.00,Feet,South,PINE RIDGE DR,,,,0.00,N,Not at Intersection,N,Non-Junction,None,,,         ,Joseph,Gonzales,Clear,Not Collision with Motor Vehicle in Transport,no,no,no,yes,no,False
103326660,METROPOLITAN NASHVILLE POLICE DEPT,20220287287,Davidson,Nashville,6/10/2022 9:13:00 PM,2,3,0,36.157110,-86.774670,KOREAN VETERANS BLVD,,,,0.00,,,4TH AVS,,,,0.00,Y,Four-Way,N,Intersection,None,,,         ,Joshua,Reece,Clear,Angle,no,no,no,no,no,False
103326661,METROPOLITAN NASHVILLE POLICE DEPT,20220287303,Davidson,Nashville,6/10/2022 9:17:00 PM,1,1,0,36.244380,-86.747700,I65 S EXT RAMP,,,,0.00,Feet,East,I 65,,,,0.00,N,Not at Intersection,Y,Entrance/Exit Ramp Related,None,,,         ,Paul,Hughes II,Clear,Not Collision with Motor Vehicle in Transport,no,no,no,no,no,False
103326662,METROPOLITAN NASHVILLE POLICE DEPT,20220287296,Davidson,Nashville,6/10/2022 9:17:00 PM,2,2,0,36.147530,-86.758590,LAFAYETTE ST,,,,0.00,,,,,,,0.00,,,N,Non-Junction,None,,,         ,Amgad,Bekhit,Clear,HeadOn,no,no,no,no,no,False
103326664,METROPOLITAN NASHVILLE POLICE DEPT,20220287440,Davidson,Nashville,6/10/2022 6:56:00 PM,2,0,0,36.109950,-86.722010,I 24,,,,0.00,,,,,,,53.70,N,Not at Intersection,N,Non-Junction,None,,,         ,Austin,Binner,Clear,Front to Rear,no,no,no,no,yes,False
103326666,METROPOLITAN NASHVILLE POLICE DEPT,20220287434,Davidson,Nashville,6/10/2022 10:40:00 PM,2,0,0,36.072080,-86.636390,MURFREESBORO PKE,,,,97.00,Feet,North,BELL RD,,,,0.00,N,Not at Intersection, ,,None,,,         ,John,Braxton,,,no,no,no,no,no,False