master_record_number,agency,agency_tracking_number,county,city,collision_date,vehicles_involved,number_injured,number_dead,latitude,longitude,roadway_name,roadway_suffix,roadway_number,roadway_local_id,distance_from_reference,miles-feet_indicator,direction_from_reference,intersection_road_name,intersection_road_name_suffix,intersection_road_number,intersection_local_id,mile_marker,intersection_indicator,intersect_type,interchange_related_indicator,relation_to_junction,work_zone_type,construction_maintenance_zone,construction_maintenance_zone_location,fatal_case_number,officer_first_name,officer_last_name,weather_condition(s),manner_of_crash,pedestrian,bicycle,scooter,parking,hitrun,mou
103327473,METROPOLITAN NASHVILLE POLICE DEPT,20220288739,Davidson,Nashville,6/11/2022 9:45:00 PM,2,0,0,36.151840,-86.791620,MUSIC SQE,,,,0.00,,,DIVISION ST,,,,0.00,Y,Roundabout, ,Non-Junction,None,,,         ,Mario,Diaz,Cloudy,"Sideswipe, Same Direction",no,no,no,no,yes,False
103327474,METROPOLITAN NASHVILLE POLICE DEPT,20220288771,Davidson,Nashville,6/11/2022 10:15:00 PM,2,1,0,36.158210,-86.791040,I 40,,,,0.00,,,,,,,208.10,N,Not at Intersection,N,Non-Junction,None,,,         ,Peyton,Wheatley,Clear,"Sideswipe, Same Direction",no,no,no,no,yes,False
103327483,METROPOLITAN NASHVILLE POLICE DEPT,20220288790,Davidson,Nashville,6/11/2022 10:47:00 PM,2,1,0,36.176640,-86.771010,SPRING ST,,,,0.00,,,DICKERSON PKE,,,,0.00,Y,T-Intersection,N,Intersection,None,,,         ,Joseph,Gonzales,Clear,Angle,no,no,no,no,yes,False
103327484,METROPOLITAN NASHVILLE POLICE DEPT,20220288649,Davidson,Nashville,6/11/2022 8:40:00 PM,1,1,0,36.244220,-86.780340,BRICK CHURCH PKE,,,,3.00,Feet,North,BRICK CHURCH LN,,,,0.00,N,Not at Intersection,N,Non-Junction,None,,,         ,Dylan,Bradley,Clear,Not Collision with Motor Vehicle in Transport,no,no,no,no,no,False
103327492,METROPOLITAN NASHVILLE POLICE DEPT,20220288609,Davidson,Nashville,6/11/2022 6:00:00 PM,2,1,0,36.183500,-86.610760,OLD HICKORY BLVD,,,,0.00,,,DODSON CHAPEL RD,,,,0.00,Y,Four-Way,N,Non-Junction,None,,,         ,Forrest,Punke,Clear,Front to Rear,no,no,no,no,no,False
103327493,METROPOLITAN NASHVILLE POLICE DEPT,20220288778,Davidson,Nashville,6/11/2022 12:00:00 AM,2,0,0,36.160670,-86.783250,ROSA L PARKS BLVD,,,,172.00,Feet,North,COMMERCE ST,,,,0.00,N,Not at Intersection,N,Non-Junction,None,,,         ,Jarrett,Messick,Clear,Unknown,no,no,no,yes,yes,False
103327500,METROPOLITAN NASHVILLE POLICE DEPT,20220288810,Davidson,Nashville,6/11/2022 10:55:00 PM,2,0,0,36.168870,-86.775750,JAMES ROBERTSON PKWY,,,,558.00,Feet,East,MAIN ST,,,,0.00,N,Not at Intersection,N,Non-Junction,None,,,         ,Ralph,Gault,Cloudy,Front to Rear,no,no,no,no,no,False
103327503,METROPOLITAN NASHVILLE POLICE DEPT,20220288802,Davidson,Nashville,6/11/2022 10:54:00 PM,4,1,0,36.169120,-86.775160,JAMES ROBERTSON PKWY,,,,752.00,Feet,East,MAIN ST,,,,0.00,N,Not at Intersection,N,Non-Junction,None,,,         ,Kevin,Steiner,Clear,Front to Rear,no,no,no,no,no,False
103327506,METROPOLITAN NASHVILLE POLICE DEPT,20220288502,Davidson,Antioch,6/11/2022 12:00:00 AM,2,1,0,36.027740,-86.589800,MURFREESBORO PKE,,,,299.00,Feet,South,LAVERGNE COUCHVILLE PKE,,,,0.00,N,Not at Intersection,N,Non-Junction,None,,,         ,Derek,Garcia,Clear,Front to Rear,no,no,no,no,no,False
103327508,METROPOLITAN NASHVILLE POLICE DEPT,20220288954,Davidson,Nashville,6/12/2022 12:56:00 AM,2,0,0,36.162900,-86.776860,COMMERCE ST,,,,0.00,,,3RD AVN,,,,0.00,Y,Four-Way, ,,None,,,         ,Joseph,Hurst,,,no,no,no,no,no,False
103327538,METROPOLITAN NASHVILLE POLICE DEPT,20220288989,Davidson,Nashville,6/12/2022 1:33:00 AM,2,1,0,36.143290,-86.882850,I 40,,,,0.00,,,,,,,202.35,N,Not at Intersection,N,Non-Junction,None,,,         ,Nicholas,Smith,Clear,Front to Rear,no,no,no,no,yes,False
103327570,METROPOLITAN NASHVILLE POLICE DEPT,20220288738,Davidson,Nashville,6/11/2022 9:58:00 PM,2,0,0,36.099480,-86.763880,I 65,,,,0.00,,,,,,,79.00,N,Not at Intersection,N,Non-Junction,None,,,         ,Sierra,Walker,Clear,"Sideswipe, Same Direction",no,no,no,no,no,False
103327572,METROPOLITAN NASHVILLE POLICE DEPT,20220289027,Davidson,Nashville,6/12/2022 2:28:00 AM,2,3,0,36.148810,-86.666280,ELM HILL PKE,,,,0.00,,,DONELSON PKE,,,,0.00,Y,Four-Way,Y,Intersection,None,,,         ,Sean,Fitzmaurice,Clear,Angle,no,no,no,no,no,False
103327574,METROPOLITAN NASHVILLE POLICE DEPT,20220288816,Davidson,Nashville,6/11/2022 11:06:00 PM,2,3,0,36.206270,-86.773490,I65 N EXT RAMP,,,,0.00,,,I65 N ENT RAMP,,,,0.00,Y,T-Intersection,N,Intersection,None,,,         ,Spencer,Arroyo,Clear,Angle,no,no,no,no,yes,False
103327575,METROPOLITAN NASHVILLE POLICE DEPT,20220288898,Davidson,Nashville,6/12/2022 12:08:00 AM,2,0,0,36.212690,-86.764840,GORDON TER,,,,0.00,,,DICKERSON PKE,,,,0.00,Y,T-Intersection,N,Non-Junction,None,,,         ,Spencer,Arroyo,Clear,Angle,no,no,no,no,yes,False
103327580,METROPOLITAN NASHVILLE POLICE DEPT,20220289050,Davidson,Nashville,6/12/2022 3:00:00 AM,2,0,0,36.142530,-86.682310,I 40,,,,0.00,,,,,,,215.70,N,Not at Intersection,N,Non-Junction,None,,,         ,Sean,Fitzmaurice,Clear,"Sideswipe, Same Direction",no,no,no,no,yes,False
103327593,METROPOLITAN NASHVILLE POLICE DEPT,20220289059,Davidson,Madison,6/12/2022 3:41:00 AM,1,0,0,36.263070,-86.711920,STATE RT 45,,,,0.00,,,GALLATIN PKEN,,,,0.00,Y,Four-Way,N,Intersection,None,,,         ,Kaleigh,Pearce,Clear,Not Collision with Motor Vehicle in Transport,no,no,no,no,no,False
103327612,METROPOLITAN NASHVILLE POLICE DEPT,20220289015,Davidson,Nashville,6/12/2022 1:46:00 AM,2,1,0,36.090860,-86.703720,I 24,,,,0.00,,,,,,,55.30,N,Not at Intersection,N,Non-Junction,None,,,         ,Jason,Lyons,Clear,Angle,no,no,no,no,no,False
103327614,METROPOLITAN NASHVILLE POLICE DEPT,20220289106,Davidson,Nashville,6/12/2022 4:23:00 AM,2,0,0,36.093990,-86.712280,BREVARD CT,,,,475.00,Feet,West,JESSIE DR,,,,0.00,N,Not at Intersection,N,Non-Junction,None,,,         ,Lisa,Beck,Clear,Front to Rear,no,no,no,no,no,False
103327627,METROPOLITAN NASHVILLE POLICE DEPT,20220288870,Davidson,Nashville,6/11/2022 11:53:00 PM,1,1,0,36.175780,-86.754430,WOODLAND ST,,,,91.00,Feet,East,MCFERRIN AV,,,,0.00,N,Not at Intersection,N,Non-Junction,None,,,         ,Jordan,Knight,Clear,Not Collision with Motor Vehicle in Transport,yes,no,no,no,no,False
103327648,METROPOLITAN NASHVILLE POLICE DEPT,20220289113,Davidson,Nashville,6/12/2022 12:00:00 AM,1,0,0,36.208840,-86.683470,MCGAVOCK PKE,,,,0.00,,,WESTERN HILLS DR,,,,0.00,Y,T-Intersection,N,Non-Junction,None,,,         ,Katelyn,Argeroplos,Clear,Not Collision with Motor Vehicle in Transport,no,no,no,no,yes,False
103327658,METROPOLITAN NASHVILLE POLICE DEPT,20220288998,Davidson,Nashville,6/12/2022 1:30:00 AM,2,0,0,36.145480,-86.777500,I 65,,,,0.00,,,,,,,82.20,N,Not at Intersection,Y,Entrance/Exit Ramp Related,None,,,         ,Sierra,Walker,Clear,Angle,no,no,no,no,no,False
103327660,METROPOLITAN NASHVILLE POLICE DEPT,20220289015,Davidson,Nashville,6/12/2022 12:00:00 AM,2,1,0,36.094780,-86.706900,I 24,,,,0.00,,,,,,,55.00,N,Not at Intersection,N,Non-Junction,None,,,         ,Kristopher,Sharpe,Clear,Front to Rear,no,no,no,no,no,False
103327664,METROPOLITAN NASHVILLE POLICE DEPT,20220289010,Davidson,Nashville,6/12/2022 12:00:00 AM,3,1,0,36.133420,-86.784700,ACKLEN AVE,,,,137.00,Feet,East,10TH AVE S,,,,0.00,N,Not at Intersection,N,Non-Junction,None,,,         ,Lynsey,Fish,Clear,Front to Rear,no,no,no,no,no,False
103327665,METROPOLITAN NASHVILLE POLICE DEPT,20220289043,Davidson,Nashville,6/12/2022 12:00:00 AM,2,0,0,36.155820,-86.795900,17TH AVE N,,,,0.00,,,CHURCH ST,,,,0.00,Y,Four-Way,N,Intersection,None,,,         ,Lynsey,Fish,Clear,Angle,no,no,no,no,no,False
103327709,METROPOLITAN NASHVILLE POLICE DEPT,20220289265,Davidson,Nashville,6/12/2022 12:00:00 AM,1,0,0,36.068200,-86.705240,HAYWOOD LN,,,,658.00,Feet,East,CHAMBERS DR,,,,0.00,N,Not at Intersection,N,Non-Junction,None,,,         ,Jason,Hees,Clear,Not Collision with Motor Vehicle in Transport,no,no,no,no,yes,False
103327711,METROPOLITAN NASHVILLE POLICE DEPT,20220289196,Davidson,Nashville,6/12/2022 7:29:00 AM,2,0,0,36.230610,-86.782320,I 24,,,,0.00,,,,,,,44.00,N,Not at Intersection, ,Non-Junction,None,,,         ,James,Wray,Clear,"Sideswipe, Same Direction",no,no,no,no,no,False
103327716,METROPOLITAN NASHVILLE POLICE DEPT,20220289264,Davidson,Nashville,6/12/2022 5:50:00 AM,2,0,0,36.086880,-86.696750,HARDING PL,,,,236.00,Feet,West,METROPLEX DR,,,,0.00,N,Not at Intersection,N,Non-Junction,None,,,         ,John,Walden,Clear,Front to Rear,no,no,no,no,yes,False
103327749,METROPOLITAN NASHVILLE POLICE DEPT,20220289409,Davidson,Nashville,6/12/2022 11:10:00 AM,2,0,0,36.049960,-86.666720,I 24,,,,0.00,,,,,,,58.90,N,Not at Intersection, ,,None,,,         ,Tavin,Emlund,,,no,no,no,no,no,False
103327759,METROPOLITAN NASHVILLE POLICE DEPT,20220289430,Davidson,Nashville,6/12/2022 11:30:00 AM,2,1,0,36.185650,-86.747570,SEYMOUR AV,,,,0.00,Feet,West,GALLATIN AV,,,,0.00,N,Not at Intersection,N,Non-Junction,None,,,         ,Goran,Manojlovic,Clear,Front to Rear,no,no,no,no,no,False
103327787,METROPOLITAN NASHVILLE POLICE DEPT,20220289368,Davidson,Nashville,6/12/2022 10:24:00 AM,2,2,0,36.221320,-86.759130,HART LN,,,,703.00,Feet,North,DICKERSON PKE,,,,0.00,N,Not at Intersection,N,Non-Junction,None,,,         ,Jason,Milyaro Lucas,Clear,Angle,no,no,no,no,no,False
103327804,Nashville Airport Police,2022-02401,Davidson,Nashville,6/12/2022 12:00:00 AM,2,2,0,36.137170,-86.664870,SATELLITE WAY,,,,0.00,,,SATELLITE WAY ENT RAMP,,,,0.00,Y,T-Intersection,Y,Intersection-Related,None,,,         ,Nathan,Holt,Clear,"Sideswipe, Opposite Direction",no,no,no,no,no,False
103327807,METROPOLITAN NASHVILLE POLICE DEPT,20220289419,Davidson,Nashville,6/12/2022 11:21:00 AM,2,5,0,36.080980,-86.702490,WALLACE RD,,,,367.00,Feet,South,LINBAR DR,,,,0.00,N,Not at Intersection,N,Non-Junction,None,,,         ,Jason,Hees,Clear,Angle,no,no,no,no,no,False
103327822,GOODLETTSVILLE POLICE DEPT,22-17863,Davidson,Goodlettsville,6/12/2022 12:30:00 PM,1,1,0,36.309490,-86.693920,VIETNAM VETERANS BLVD SB EXT R,,,,0.00,Feet,East,CONFERENCE DR,,,,0.00,N,Not at Intersection,Y,Entrance/Exit Ramp Related,None,,,         ,Benny,Alexander,Clear,Not Collision with Motor Vehicle in Transport,no,no,no,no,no,False
103327835,METROPOLITAN NASHVILLE POLICE DEPT,20220289503,Davidson,Not in City Limit,6/12/2022 12:00:00 PM,1,0,0,36.003470,-86.697980,NOLENSVILLE PKE,,,,17.00,Feet,North,AUTUMN OAKS DR,,,,0.00,N,Not at Intersection,N,Non-Junction,None,,,         ,Kyle,Kinsman,Clear,Not Collision with Motor Vehicle in Transport,no,no,no,no,no,False
103327843,METROPOLITAN NASHVILLE POLICE DEPT,20220289468,Davidson,Nashville,6/12/2022 11:54:00 AM,2,0,0,36.174850,-86.770940,I24 W EXT RAMP,,,,0.00,Feet,East,I 24,,,,0.00,N,Not at Intersection,N,Non-Junction,None,,,         ,Michael,Agee,Clear,Front to Rear,no,no,no,no,yes,False
103327862,METROPOLITAN NASHVILLE POLICE DEPT,20220289489,Davidson,Nashville,6/12/2022 1:00:00 PM,2,1,0,36.117760,-86.748680,NOLENSVILLE PKE,,,,0.00,,,LUTIE ST,,,,0.00,Y,T-Intersection,N,Intersection,None,,,         ,Wyatt,Blacker,Clear,Angle,no,no,no,no,no,False
103327929,METROPOLITAN NASHVILLE POLICE DEPT,20220289492,Davidson,Nashville,6/12/2022 1:03:00 PM,2,1,0,36.048290,-86.663840,I 24,,,,0.00,,,,,,,59.10,N,Not at Intersection,N,Non-Junction,None,,,         ,Jason,Hees,Clear,Front to Rear,no,no,no,no,no,False
103327953,METROPOLITAN NASHVILLE POLICE DEPT,20220289554,Davidson,Nashville,6/12/2022 1:31:00 PM,2,0,0,36.081240,-86.752770,HARDING PL,,,,356.00,Feet,West,WAUFORD DR,,,,0.00,N,Not at Intersection, ,Non-Junction,None,,,         ,Travis,Pemberton,Clear,"Sideswipe, Same Direction",no,no,no,no,no,False
103327964,METROPOLITAN NASHVILLE POLICE DEPT,20220289475,Davidson,Nashville,6/12/2022 12:30:00 PM,2,0,0,36.165030,-86.819250,I40 W EXT RAMP,,,,0.00,,,I 40,,,,0.00,Y,Y-Intersection,N,Non-Junction,None,,,         ,Anthony,Butler,Clear,Front to Rear,no,no,no,no,yes,False
103327968,METROPOLITAN NASHVILLE POLICE DEPT,20220289544,Davidson,Not in City Limit,6/12/2022 1:14:00 PM,2,0,0,36.268340,-86.756160,DICKERSON PKE,,,,0.00,Feet,East,BELL GRIMES LN,,,,0.00,N,Not at Intersection, ,Non-Junction,None,,,         ,Melina,Tamborella,Clear,"Sideswipe, Same Direction",no,no,no,no,no,False
103327969,METROPOLITAN NASHVILLE POLICE DEPT,20220289536,Davidson,Nashville,6/12/2022 2:04:00 PM,2,1,0,36.203680,-86.776810,I 65,,,,0.00,,,,,,,87.10,N,Not at Intersection,N,Non-Junction,None,,,         ,James,Wray,Clear,Front to Rear,no,no,no,no,no,False
103327993,METROPOLITAN NASHVILLE POLICE DEPT,20220289567,Davidson,Nashville,6/12/2022 3:00:00 PM,1,2,0,36.248100,-86.742970,I 65,,,,0.00,,,I65 S EXT RAMP,,,,0.00,Y,OTHER,Y,Entrance/Exit Ramp Related,None,,,         ,William,Coy,Clear,Not Collision with Motor Vehicle in Transport,no,no,no,no,no,False
103327997,GOODLETTSVILLE POLICE DEPT,22-17693,Davidson,Goodlettsville,6/10/2022 2:56:00 PM,1,1,0,36.314780,-86.709750,RIVERGATE PKWY,,,,25.00,Feet,North,EAST AV,,,,0.00,N,Not at Intersection,N,Non-Junction,None,,,         ,Benny,Alexander,Clear,Not Collision with Motor Vehicle in Transport,no,no,no,no,no,False
103328027,METROPOLITAN NASHVILLE POLICE DEPT,20220289393,Davidson,Nashville,6/12/2022 10:30:00 AM,2,0,0,36.088770,-86.608760,OLD SMITH SPRINGS RD,,,,304.00,Feet,East,SMITH SPRINGS RD,,,,0.00,N,Not at Intersection, ,Non-Junction,None,,,         ,Peabo,McAlmont,Clear,Angle,no,no,no,no,no,False
103328061,METROPOLITAN NASHVILLE POLICE DEPT,20220289739,Davidson,Nashville,6/12/2022 5:10:00 PM,2,0,0,36.045480,-86.647290,MT VIEW RD,,,,0.00,,,CROSSINGS BLVD,,,,0.00,Y,Four-Way,Y,Intersection,None,,,         ,John,McDonnell,Clear,Front to Rear,no,no,no,no,no,False
103328068,METROPOLITAN NASHVILLE POLICE DEPT,20220289577,Davidson,Not in City Limit,6/12/2022 2:23:00 PM,3,0,0,36.259730,-86.713100,GALLATIN PKES,,,,61.00,Feet,South,WOODRUFF ST,,,,0.00,N,Not at Intersection,N,Non-Junction,None,,,         ,Miles,Posey,Clear,Front to Rear,no,no,no,no,yes,False
103328072,METROPOLITAN NASHVILLE POLICE DEPT,20220289665,Davidson,Nashville,6/12/2022 12:00:00 AM,2,0,0,36.071230,-86.671920,DOWDY DR,,,,160.00,Feet,West,TERRAGON TRL,,,,0.00,N,Not at Intersection,N,Non-Junction,None,,,         ,John,Braun,Clear,Not Collision with Motor Vehicle in Transport,no,no,no,no,yes,False
103328078,METROPOLITAN NASHVILLE POLICE DEPT,20220289659,Davidson,Nashville,6/12/2022 6:15:00 PM,2,0,0,36.256190,-86.714390,NEELYS BEND RD,,,,0.00,,,GALLATIN PKES,,,,0.00,Y,T-Intersection,N,Intersection,None,,,         ,Miles,Posey,Clear,Angle,no,no,no,no,no,False
103328097,METROPOLITAN NASHVILLE POLICE DEPT,20220289775,Davidson,Not in City Limit,6/12/2022 6:09:00 PM,2,0,0,36.076560,-87.019980,I40 E EXT RAMP,,,,0.00,Feet,East,I 40,,,,0.00,N,Not at Intersection,N,Non-Junction,None,,,         ,Justin,Wells,Clear,Front to Rear,no,no,no,no,no,False
103328102,METROPOLITAN NASHVILLE POLICE DEPT,20220289455,Davidson,Nashville,6/12/2022 11:55:00 AM,2,0,0,36.160030,-86.843030,KENTUCKY AV,,,,416.00,Feet,North,48TH AVN,,,,0.00,N,Not at Intersection,N,Non-Junction,None,,,         ,Jonathan,Phipps,Clear,Rear to Side,no,no,no,no,yes,False
103328104,GOODLETTSVILLE POLICE DEPT,22-17819,Davidson,Goodlettsville,6/11/2022 8:16:00 PM,3,3,0,36.293190,-86.719440,I 65,,,,0.00,,,,,,,94.50,N,Not at Intersection,N,Non-Junction,None,,,         ,Timothy,Williams,Clear,"Sideswipe, Same Direction",no,no,no,no,no,False
103328125,METROPOLITAN NASHVILLE POLICE DEPT,20220289718,Davidson,Nashville,6/12/2022 12:00:00 AM,1,1,0,36.245030,-86.632510,LAKESHORE DR,,,,12.00,Feet,East,LAKEMEADE PT,,,,0.00,N,Not at Intersection,N,Non-Junction,None,,,         ,Keenan,McCann,Clear,Not Collision with Motor Vehicle in Transport,no,no,no,no,no,False
103328159,THP District 3 - Nashville,322046669,Davidson,Nashville,6/10/2022 6:38:00 PM,2,0,0,36.141190,-86.662900,I40 W EXT RAMP,,,,0.00,Feet,East,I 40,,,,0.00,N,Not at Intersection, ,Entrance/Exit Ramp Related,None,,,         ,Samuel,Nokes,Clear,Front to Rear,no,no,no,no,no,False
103328201,METROPOLITAN NASHVILLE POLICE DEPT,20220289017,Davidson,Nashville,6/12/2022 2:00:00 AM,2,0,0,36.161980,-86.776250,3RD AVN,,,,184.00,Feet,North,BROADWAY,,,,0.00,N,Not at Intersection,N,Non-Junction,None,,,         ,Courtney,Kirtley,Clear,"Sideswipe, Same Direction",no,no,no,no,no,False
103328202,METROPOLITAN NASHVILLE POLICE DEPT,20220289894,Davidson,Nashville,6/12/2022 6:39:00 PM,2,1,0,36.133890,-86.779130,8TH AVS,,,,113.00,Feet,North,ROYCROFT PL,,,,0.00,N,Not at Intersection,N,Non-Junction,None,,,         ,Garrett,Latham,Clear,Front to Rear,no,no,no,yes,no,False
103328203,METROPOLITAN NASHVILLE POLICE DEPT,20220289861,Davidson,Nashville,6/12/2022 7:17:00 PM,2,0,0,36.156010,-86.788850,13TH AVS,,,,0.00,,,GEORGE L DAVIS BLVD,,,,0.00,Y,Four-Way,N,Intersection,None,,,         ,Ralph,Gault,Clear,Angle,no,no,no,no,no,False
103328214,METROPOLITAN NASHVILLE POLICE DEPT,20220289884,Davidson,Nashville,6/12/2022 7:17:00 PM,2,1,0,36.229420,-86.759510,EWING DR,,,,69.00,Feet,West,DICKERSON PKE,,,,0.00,N,Not at Intersection,N,Non-Junction,None,,,         ,Seth,Wilson,Clear,Angle,no,no,no,no,yes,False
103328235,METROPOLITAN NASHVILLE POLICE DEPT,20220289812,Davidson,Not in City Limit,6/12/2022 5:30:00 PM,1,0,0,36.091600,-86.986990,NEWSOM STATION RD,,,,0.00,,,BUFFALO RD,,,,0.00,Y,Four-Way,N,Intersection,None,,,         ,Mark,Lemieux,Clear,Not Collision with Motor Vehicle in Transport,no,no,no,no,yes,False
103328244,METROPOLITAN NASHVILLE POLICE DEPT,20220289986,Davidson,Nashville,6/12/2022 9:35:00 PM,2,3,0,36.167150,-86.779610,3RD AVN,,,,0.00,,,JAMES ROBERTSON PKWY,,,,0.00,Y,Four-Way,Y,Intersection,None,,,         ,Jarrett,Messick,Clear,Angle,no,no,no,no,no,False
103328249,METROPOLITAN NASHVILLE POLICE DEPT,20220289052,Davidson,Nashville,6/12/2022 12:00:00 AM,1,0,0,36.106830,-86.772920,FRANKLIN PKE,,,,263.00,Feet,South,FRANKLIN PKE PVTDR,,,,0.00,N,Not at Intersection,N,Non-Junction,None,,,         ,Mitchell,Cook,Cloudy,Not Collision with Motor Vehicle in Transport,no,no,no,no,no,False
103328266,METROPOLITAN NASHVILLE POLICE DEPT,20220290092,Davidson,Not in City Limit,6/12/2022 9:30:00 PM,2,0,0,36.264260,-86.736130,I65 N EXT RAMP,,,,0.00,,,I 65,,,,0.00,Y,OTHER,N,Intersection,None,,,         ,Brandon,Lopez,Clear,Front to Rear,no,no,no,no,yes,False
103328276,METROPOLITAN NASHVILLE POLICE DEPT,20220289681,Davidson,Nashville,6/12/2022 4:28:00 PM,1,0,0,36.138870,-86.775860,I 65,,,,0.00,,,,,,,81.75,N,Not at Intersection, ,Non-Junction,None,,,         ,Dylan,Chambers,Clear,Not Collision with Motor Vehicle in Transport,no,no,no,no,no,False
103328277,METROPOLITAN NASHVILLE POLICE DEPT,20220290095,Davidson,Nashville,6/12/2022 9:30:00 PM,2,0,0,36.155650,-86.789720,BROADWAY,,,,0.00,,,I40 E EXT RAMP,,,,0.00,Y,Four-Way,Y,Intersection,None,,,         ,Garrett,Latham,Clear,Angle,no,no,no,no,yes,False
103328279,METROPOLITAN NASHVILLE POLICE DEPT,20220289988,Davidson,Nashville,6/12/2022 9:46:00 PM,1,1,0,36.130960,-86.741740,FOSTER AV,,,,175.00,Feet,North,TPS COMPLEX PVTDR,,,,0.00,N,Not at Intersection,N,Non-Junction,None,,,         ,Garrett,Reingardt,Clear,Not Collision with Motor Vehicle in Transport,yes,no,no,no,no,False
103328280,METROPOLITAN NASHVILLE POLICE DEPT,20220289989,Davidson,Nashville,6/12/2022 9:30:00 PM,2,0,0,36.044550,-86.686960,BELL RD,,,,188.00,Feet,West,HARRIS HILLS LN,,,,0.00,N,Not at Intersection,N,Non-Junction,None,,,         ,John,McDonnell,Clear,Front to Rear,no,no,no,no,yes,False
103328282,METROPOLITAN NASHVILLE POLICE DEPT,20220289656,Davidson,Nashville,6/12/2022 3:45:00 PM,2,0,0,36.129450,-86.854570,WHITE BRIDGE PKE,,,,0.00,,,TARGET PVTDR,,,,0.00,Y,Four-Way, ,Intersection,None,,,         ,Robert,Higgins,Clear,Angle,no,no,no,no,no,False
103328292,METROPOLITAN NASHVILLE POLICE DEPT,20220290139,Davidson,Nashville,6/12/2022 12:34:00 AM,2,0,0,36.134280,-86.779830,WEDGEWOOD AV,,,,217.00,Feet,East,BEECH AV,,,,0.00,N,Not at Intersection, ,Non-Junction,None,,,         ,Dallas,Johnson,Clear,Unknown,no,no,no,no,yes,False
103328294,METROPOLITAN NASHVILLE POLICE DEPT,20220290015,Davidson,Nashville,6/12/2022 9:40:00 PM,2,0,0,36.044650,-86.686790,BELL RD,,,,125.00,Feet,West,HARRIS HILLS LN,,,,0.00,N,Not at Intersection,N,Non-Junction,None,,,         ,John,McDonnell,Clear,Front to Rear,no,no,no,no,yes,False
103328302,METROPOLITAN NASHVILLE POLICE DEPT,20220289832,Davidson,Not in City Limit,6/12/2022 5:21:00 PM,2,0,0,36.266850,-86.737090,I 65,,,,0.00,,,,,,,92.40,N,Not at Intersection, ,Non-Junction,None,,,         ,Wesley,Carver,Clear,Front to Rear,no,no,no,no,no,False
103328303,METROPOLITAN NASHVILLE POLICE DEPT,20220289750,Davidson,Nashville,6/12/2022 5:43:00 PM,2,3,0,36.207410,-86.791990,WHITES CREEK PKE,,,,182.00,Feet,North,BAPTIST WORLD CENTER DR,,,,0.00,N,Not at Intersection,N,Non-Junction,None,,,         ,Anna,Clayton,Clear,HeadOn,no,no,no,no,no,False
103328315,METROPOLITAN NASHVILLE POLICE DEPT,20220290231,Davidson,Nashville,6/12/2022 11:21:00 PM,2,0,0,36.143680,-86.763380,2ND AVS,,,,446.00,Feet,West,1ST AVS,,,,0.00,N,Not at Intersection,N,Non-Junction,None,,,         ,Garrett,Reingardt,Clear,"Sideswipe, Same Direction",no,no,no,no,yes,False
103328319,METROPOLITAN NASHVILLE POLICE DEPT,20220290225,Davidson,Nashville,6/12/2022 8:30:00 PM,1,0,0,36.121820,-86.701360,SATURN DR,,,,119.00,Feet,North,MERCURY DR,,,,0.00,N,Not at Intersection, ,Non-Junction,None,,,         ,Andrew,Campbell,Clear,Not Collision with Motor Vehicle in Transport,no,no,no,yes,yes,False
103328326,METROPOLITAN NASHVILLE POLICE DEPT,20220290169,Davidson,Nashville,6/12/2022 10:55:00 PM,2,0,0,36.124150,-86.701070,VULTEE BLVD,,,,342.00,Feet,West,SATURN DR,,,,0.00,N,Not at Intersection,N,Non-Junction,None,,,         ,Dylan,Motes,Clear,Front to Rear,no,no,no,no,no,False
103328341,METROPOLITAN NASHVILLE POLICE DEPT,20220290054,Davidson,Nashville,6/12/2022 10:28:00 PM,2,0,0,36.082670,-86.710490,TAMPA DR,,,,0.00,,,HARDING PL,,,,0.00,Y,Four-Way,N,Intersection,None,,,         ,Jason,Lyons,Clear,Angle,no,no,no,no,no,False
103328342,METROPOLITAN NASHVILLE POLICE DEPT,20220290027,Davidson,Not in City Limit,6/12/2022 12:00:00 AM,3,0,0,36.281930,-86.707630,GALLATIN PKEN,,,,106.00,Feet,South,WELWORTH ST,,,,0.00,N,Not at Intersection,N,Non-Junction,None,,,         ,Zachary,Smith,Clear,Angle,no,no,no,no,no,False
103328357,METROPOLITAN NASHVILLE POLICE DEPT,20220290307,Davidson,Nashville,6/13/2022 1:55:00 AM,1,1,0,36.095510,-86.924270,OLD HICKORY BLVD,,,,544.00,Feet,East,RIDGELAKE PKWY,,,,0.00,N,Not at Intersection,N,Non-Junction,None,,,         ,Nicholaus,George,Clear,Unknown,no,no,no,no,no,False
103328372,METROPOLITAN NASHVILLE POLICE DEPT,20220290145,Davidson,Not in City Limit,6/12/2022 12:00:00 AM,1,2,0,36.272030,-86.685780,ANDERSON LN,,,,351.00,Feet,West,RIO VISTA DR,,,,0.00,N,Not at Intersection,N,Non-Junction,None,,,         ,Zachary,Smith,Clear,Not Collision with Motor Vehicle in Transport,yes,no,no,no,yes,False