master_record_number,agency,agency_tracking_number,county,city,collision_date,vehicles_involved,number_injured,number_dead,latitude,longitude,roadway_name,roadway_suffix,roadway_number,roadway_local_id,distance_from_reference,miles-feet_indicator,direction_from_reference,intersection_road_name,intersection_road_name_suffix,intersection_road_number,intersection_local_id,mile_marker,intersection_indicator,intersect_type,interchange_related_indicator,relation_to_junction,work_zone_type,construction_maintenance_zone,construction_maintenance_zone_location,fatal_case_number,officer_first_name,officer_last_name,weather_condition(s),manner_of_crash,pedestrian,bicycle,scooter,parking,hitrun,mou
103329235,METROPOLITAN NASHVILLE POLICE DEPT,20220291789,Davidson,Nashville,6/13/2022 7:20:00 PM,2,0,0,36.142820,-86.787860,EDGEHILL AV,,,,132.00,Feet,East,13TH AVS,,,,0.00,N,Not at Intersection, ,Non-Junction,None,,,         ,Lemandries,Hawes,Clear,"Sideswipe, Same Direction",no,no,no,yes,yes,False
103329246,METROPOLITAN NASHVILLE POLICE DEPT,20220291740,Davidson,Nashville,6/13/2022 9:30:00 PM,1,1,0,36.074480,-86.920940,OLD HICKORY BLVD,,,,0.00,,,HIGHWAY 70S,,,,0.00,Y,Four-Way,N,Intersection,None,,,         ,Steven,Begley,Clear,Not Collision with Motor Vehicle in Transport,yes,no,no,no,no,False
103329247,METROPOLITAN NASHVILLE POLICE DEPT,2022-0289131,Davidson,Nashville,6/12/2022 12:00:00 AM,2,0,0,36.154140,-86.757770,I 40,,,,0.00,,,,,,,211.10,N,Not at Intersection,N,Non-Junction,None,,,         ,Frank,Walker,Cloudy,Front to Rear,no,no,no,no,no,False
103329268,METROPOLITAN NASHVILLE POLICE DEPT,20220291729,Davidson,Nashville,6/13/2022 7:45:00 PM,2,0,0,36.057560,-86.677070,I 24,,,,0.00,,,,,,,58.10,N,Not at Intersection,N,Non-Junction,None,,,         ,Sullivan,Souksanh,Clear,"Sideswipe, Same Direction",no,no,no,no,yes,False
103329292,METROPOLITAN NASHVILLE POLICE DEPT,20220292153,Davidson,Nashville,6/14/2022 12:00:00 AM,1,0,0,36.046020,-86.657930,BELL RD,,,,1.00,Feet,East,COLLINS PARK DR,,,,0.00,N,Not at Intersection,N,Non-Junction,None,,,         ,Gregory,Rdzok,Clear,Unknown,no,no,no,no,yes,False
103329305,GOODLETTSVILLE POLICE DEPT,22-18054,Davidson,Goodlettsville,6/13/2022 8:46:00 PM,2,0,0,36.324070,-86.704020,I65 N EXT RAMP,,,,0.00,,,LONG HOLLOW PKE,,,,0.00,Y,Y-Intersection,N,Non-Junction,None,,,         ,Benjamin,Steck,Clear,Front to Rear,no,no,no,no,no,False
103329390,METROPOLITAN NASHVILLE POLICE DEPT,20220292416,Davidson,Nashville,6/14/2022 7:27:00 AM,2,0,0,36.209070,-86.777940,BRICK CHURCH PKE,,,,0.00,,,AVONDALE CIR,,,,0.00,Y,T-Intersection, ,Non-Junction,None,,,         ,James,Wray,Clear,Angle,no,no,no,no,no,False
103329392,METROPOLITAN NASHVILLE POLICE DEPT,20220292356,Davidson,Not in City Limit,6/14/2022 6:40:00 AM,2,0,0,36.295200,-86.811110,I 24,,,,0.00,,,,,,,39.05,N,Not at Intersection, ,Non-Junction,None,,,         ,Jeanine,Sarno,Clear,Front to Rear,no,no,no,no,no,False
103329393,METROPOLITAN NASHVILLE POLICE DEPT,20220292337,Davidson,Nashville,6/14/2022 6:27:00 AM,2,0,0,36.154480,-86.779430,8TH AVS,,,,0.00,,,8TH AVS,,,,0.00,Y,Roundabout, ,Intersection,None,,,         ,Joshua,Reece,Clear,Angle,no,no,no,no,no,False
103329402,METROPOLITAN NASHVILLE POLICE DEPT,20220292448,Davidson,Nashville,6/14/2022 7:50:00 AM,2,0,0,36.060090,-86.716400,NOLENSVILLE PKE,,,,0.00,Feet,,STRASSER DR,,,,0.00,Y,T-Intersection, ,Intersection,None,,,         ,Gary,Sneed,Clear,HeadOn,no,no,no,no,no,False
103329448,METROPOLITAN NASHVILLE POLICE DEPT,20220291251,Davidson,Nashville,6/13/2022 3:02:00 PM,1,0,0,36.175930,-86.607290,FRIST BLVD,,,,718.00,Feet,North,I40 W ENT RAMP,,,,0.00,N,Not at Intersection, ,,None,,,         ,Arend,Groeneweg,,,no,no,no,yes,no,False
103329452,METROPOLITAN NASHVILLE POLICE DEPT,20220292551,Davidson,Nashville,6/14/2022 9:08:00 AM,2,1,0,36.168350,-86.656860,STEWARTS FERRY PKE,,,,0.00,Feet,,LEBANON PKE,,,,0.00,Y,Four-Way,N,Intersection-Related,None,,,         ,Cameron,Fritschie,Cloudy,Front to Rear,no,no,no,no,no,False
103329453,METROPOLITAN NASHVILLE POLICE DEPT,20220292577,Davidson,Nashville,6/14/2022 9:30:00 AM,1,0,0,36.149480,-86.764380,LAFAYETTE ST,,,,422.00,Feet,East,UNIVERSITY CT,,,,0.00,N,Not at Intersection, ,Non-Junction,None,,,         ,Thomas,White,Clear,Not Collision with Motor Vehicle in Transport,yes,no,no,no,no,False
103329454,METROPOLITAN NASHVILLE POLICE DEPT,20220292513,Davidson,Nashville,6/14/2022 8:30:00 AM,2,0,0,36.188940,-86.820800,ROSA L PARKS BLVD,,,,412.00,Feet,North,CLARKSVILLE PKE,,,,0.00,N,Not at Intersection, ,OtherLocation,None,,,         ,Kenneth,Oneal,Clear,"Sideswipe, Same Direction",no,no,no,no,no,False
103329459,METROPOLITAN NASHVILLE POLICE DEPT,20220291796,Davidson,Nashville,6/13/2022 10:01:00 PM,2,2,0,36.192320,-86.616300,JUAREZ DR,,,,0.00,Feet,,OLD HICKORY BLVD,,,,0.00,Y,Four-Way,N,Intersection-Related,None,,,         ,Thomas,Vasquez,Clear,Angle,no,no,no,no,no,False
103329467,METROPOLITAN NASHVILLE POLICE DEPT,20220292524,Davidson,Nashville,6/14/2022 8:46:00 AM,2,1,0,36.155480,-86.765800,HERMITAGE AV,,,,0.00,,,ACADEMY PL,,,,0.00,Y,Four-Way,N,Intersection,None,,,         ,Michael,Douglas,Clear,Angle,no,no,no,no,no,False
103329497,METROPOLITAN NASHVILLE POLICE DEPT,20220292534,Davidson,Nashville,6/14/2022 8:55:00 AM,1,0,0,36.228220,-86.845730,BRILEY PKWYW,,,,1240.00,Feet,East,BRILEY PKWYE,,,,0.00,N,Not at Intersection,N,Non-Junction,None,,,         ,Jeanine,Sarno,Clear,Not Collision with Motor Vehicle in Transport,no,no,no,no,no,False
103329500,METROPOLITAN NASHVILLE POLICE DEPT,20220292683,Davidson,Nashville,6/14/2022 7:00:00 AM,2,0,0,36.148810,-86.666280,ELM HILL PKE,,,,0.00,,,DONELSON PKE,,,,0.00,Y,Four-Way, ,Intersection-Related,None,,,         ,Zachariah,Souza,Clear,Front to Rear,no,no,no,no,no,False
103329509,METROPOLITAN NASHVILLE POLICE DEPT,20220292720,Davidson,Nashville,6/14/2022 9:08:00 AM,2,0,0,36.088900,-86.797570,BATTERY LN,,,,134.00,Feet,West,BATTERY DR,,,,0.00,N,Not at Intersection, ,Non-Junction,None,,,         ,Sekou,Samassi,Clear,Front to Rear,no,no,no,no,no,False
103329531,METROPOLITAN NASHVILLE POLICE DEPT,20220292701,Davidson,Nashville,6/14/2022 8:59:00 AM,1,0,0,36.101480,-86.805050,BELMONT PARK TER,,,,30.00,Feet,South,SHACKLEFORD RD,,,,0.00,N,Not at Intersection,N,Non-Junction,None,,,         ,Gary,Sneed,Clear,Not Collision with Motor Vehicle in Transport,no,no,no,no,no,False
103329532,METROPOLITAN NASHVILLE POLICE DEPT,20220292707,Davidson,Antioch,6/14/2022 10:42:00 AM,3,0,0,36.022790,-86.630130,I 24,,,,0.00,,,,,,,61.80,N,Not at Intersection,N,Non-Junction,None,,,         ,Patrick,Martin,Clear,"Sideswipe, Same Direction",no,no,no,no,yes,False
103329546,METROPOLITAN NASHVILLE POLICE DEPT,20220292775,Davidson,Nashville,6/12/2022 4:00:00 PM,1,0,0,36.091310,-86.734920,NOLENSVILLE PKE,,,,59.00,Feet,East,YELTON CT,,,,0.00,N,Not at Intersection,N,Non-Junction,None,,,         ,Eric,Burford,Clear,Not Collision with Motor Vehicle in Transport,no,no,no,yes,yes,False
103329554,BELLE MEADE POLICE DEPT,22-0135,Davidson,Nashville,6/14/2022 9:05:00 AM,3,1,0,36.109690,-86.856360,JACKSON BLVD,,,,17.00,Feet,East,BELLE MEADE BLVD,,,,0.00,N,Not at Intersection,Y,Non-Junction,None,,,         ,David,Read,,Angle,no,no,no,no,no,False
103329582,METROPOLITAN NASHVILLE POLICE DEPT,20220292710,Davidson,Nashville,6/14/2022 10:58:00 AM,2,0,0,36.158290,-86.771890,KOREAN VETERANS BLVD,,,,0.00,,,1ST AVS,,,,0.00,Y,Four-Way, ,,None,,,         ,Michael,Douglas,,,no,no,no,no,no,False
103329583,METROPOLITAN NASHVILLE POLICE DEPT,20220292822,Davidson,Not in City Limit,6/14/2022 12:30:00 PM,2,0,0,36.076590,-86.945360,SAWYER BROWN RD,,,,115.00,Feet,South,HIGHWAY 70S,,,,0.00,N,Not at Intersection,N,Non-Junction,None,,,         ,Wesley,Tilley,Clear,Angle,no,no,no,no,no,False
103329585,METROPOLITAN NASHVILLE POLICE DEPT,20220292896,Davidson,Nashville,6/14/2022 1:11:00 PM,2,0,0,36.129040,-86.787510,LAWRENCE AV,,,,0.00,,,11TH AVS,,,,0.00,Y,Four-Way,N,Intersection,None,,,         ,Earl,Davis,Clear,Angle,no,no,no,no,no,False
103329631,METROPOLITAN NASHVILLE POLICE DEPT,20220292874,Davidson,Nashville,6/14/2022 12:26:00 PM,2,0,0,36.188630,-86.865310,COUNTY HOSPITAL RD,,,,0.00,,,BRILEY PKWY S EXT RAMP,,,,0.00,Y,OTHER,N,Non-Junction,None,,,         ,Ronald,Bright,Cloudy,Unknown,no,no,no,yes,yes,False
103329648,METROPOLITAN NASHVILLE POLICE DEPT,20220292804,Davidson,Nashville,6/14/2022 12:10:00 PM,2,0,0,36.075090,-86.919050,HIGHWAY 70S,,,,0.00,,,BELLE FOREST SHOPPING CENTER P,,,,0.00,Y,T-Intersection, ,Intersection,None,,,         ,Darren,Key,Clear,Angle,no,no,no,no,no,False
103329650,METROPOLITAN NASHVILLE POLICE DEPT,20220292802,Davidson,Nashville,6/14/2022 12:15:00 PM,2,1,0,36.044760,-86.695110,BELL RD,,,,475.00,Feet,South,BENZING RD,,,,0.00,N,Not at Intersection,N,Non-Junction,None,,,         ,Stanley,Collins,Clear,Front to Rear,no,no,no,no,no,False
103329680,METROPOLITAN NASHVILLE POLICE DEPT,20220292831,Davidson,Nashville,6/14/2022 12:31:00 PM,2,4,0,36.210320,-86.733550,GALLATIN PKE,,,,60.00,Feet,North,HOME RD,,,,0.00,N,Not at Intersection,N,Non-Junction,None,,,         ,Michael,Agee,Clear,Angle,no,no,no,no,no,False
103329755,METROPOLITAN NASHVILLE POLICE DEPT,20220292867,Davidson,Nashville,6/14/2022 12:45:00 PM,2,1,0,36.152860,-86.823530,CHARLOTTE AV,,,,0.00,,,33RD AVN,,,,0.00,Y,T-Intersection,N,Intersection,None,,,         ,Todd,Watson,Clear,Angle,no,no,no,no,no,False
103329756,METROPOLITAN NASHVILLE POLICE DEPT,20220292953,Davidson,Nashville,6/14/2022 1:45:00 PM,1,0,0,36.034660,-86.733810,WOODLAND HILLS DR,,,,135.00,Feet,East,MYRTLEWOOD DR,,,,0.00,N,Not at Intersection, ,Non-Junction,None,,,         ,Jacob,Yore,Clear,Not Collision with Motor Vehicle in Transport,no,no,no,no,no,False
103329757,METROPOLITAN NASHVILLE POLICE DEPT,20220293000,Davidson,Goodlettsville,6/14/2022 2:20:00 PM,2,1,0,36.302140,-86.692720,TWIN HILLS DR,,,,0.00,Feet,,GALLATIN PKEN,,,,0.00,Y,T-Intersection,N,Intersection-Related,None,,,         ,Michelle,Steidl,Clear,Angle,no,no,no,no,no,False
103329758,METROPOLITAN NASHVILLE POLICE DEPT,20220292901,Davidson,Nashville,6/14/2022 1:14:00 PM,2,0,0,36.193660,-86.831220,BUENA VISTA PKE,,,,0.00,,,CLARKSVILLE PKE,,,,0.00,Y,Four-Way, ,,None,,,         ,Kenneth,Oneal,,,no,no,no,no,no,False
103329764,METROPOLITAN NASHVILLE POLICE DEPT,2022-0292618,Davidson,Nashville,6/14/2022 9:50:00 AM,1,0,0,36.129830,-86.778320,8TH AVS,,,,247.00,Feet,South,PRENTICE AV,,,,0.00,N,Not at Intersection, ,Non-Junction,None,,,         ,Po,Cheng,Clear,Not Collision with Motor Vehicle in Transport,no,no,no,yes,no,False
103329765,METROPOLITAN NASHVILLE POLICE DEPT,20220292395,Davidson,Nashville,6/14/2022 6:58:00 AM,2,0,0,36.164980,-86.755400,S 7TH ST,,,,131.00,Feet,North,LENORE ST,,,,0.00,N,Not at Intersection,N,Non-Junction,None,,,         ,William,Clemons,Clear,"Sideswipe, Same Direction",no,no,no,no,yes,False
103329780,METROPOLITAN NASHVILLE POLICE DEPT,20220292795,Davidson,Nashville,6/14/2022 9:06:00 AM,2,0,0,36.090620,-86.771490,FRANKLIN PKE,,,,81.00,Feet,North,N CURTISWOOD LN,,,,0.00,N,Not at Intersection, ,Non-Junction,None,,,         ,Sekou,Samassi,Clear,Front to Rear,no,no,no,no,no,False
103329786,METROPOLITAN NASHVILLE POLICE DEPT,20220292956,Davidson,Nashville,6/14/2022 12:00:00 AM,2,2,0,36.139510,-86.700310,KAREN DR,,,,0.00,Feet,,BRILEY PKWY,,,,0.00,Y,Four-Way,Y,Intersection-Related,None,,,         ,Clayton,Smith,Clear,HeadOn,no,no,no,no,no,False
103329788,METROPOLITAN NASHVILLE POLICE DEPT,20220292965,Davidson,Nashville,6/13/2022 6:33:00 AM,1,0,0,36.185080,-86.759900,ELLINGTON PKWYS,,,,0.00,,,ELLINGTON PKWYS,,,,0.00,Y,OTHER, ,,None,,,         ,Ryan,Potts,,,no,no,no,no,no,False
103329792,METROPOLITAN NASHVILLE POLICE DEPT,20220293055,Davidson,Nashville,6/14/2022 2:45:00 PM,2,0,0,36.148370,-86.777060,I 40,,,,0.00,,,,,,,210.00,N,Not at Intersection, ,Non-Junction,None,,,         ,Michael,Brickman,Clear,"Sideswipe, Same Direction",no,no,no,no,no,False
103329802,METROPOLITAN NASHVILLE POLICE DEPT,20220293069,Davidson,Nashville,6/14/2022 2:27:00 PM,2,0,0,36.148210,-86.641610,I 40,,,,0.00,,,,,,,218.15,N,Not at Intersection, ,,None,,,         ,Evan,Grace,,,no,no,no,no,no,False
103329813,METROPOLITAN NASHVILLE POLICE DEPT,20220293038,Davidson,Nashville,6/14/2022 2:25:00 PM,2,0,0,36.216070,-86.775290,I 65,,,,0.00,,,,,,,88.00,N,Not at Intersection, ,Non-Junction,None,,,         ,Jeanine,Sarno,Clear,"Sideswipe, Same Direction",no,no,no,no,no,False
103329819,METROPOLITAN NASHVILLE POLICE DEPT,20220293067,Davidson,Nashville,6/14/2022 3:19:00 PM,2,1,0,36.131630,-86.629070,BELL RD,,,,395.00,Feet,South,PRIEST WOODS DR,,,,0.00,N,Not at Intersection,Y,Entrance/Exit Ramp Related,None,,,         ,Stanley,Collins,Clear,Front to Rear,no,no,no,no,no,False
103329820,METROPOLITAN NASHVILLE POLICE DEPT,2022-0290563,Davidson,Nashville,6/13/2022 7:23:00 AM,3,0,0,36.071150,-86.769870,I 65,,,,0.00,,,,,,,77.00,N,Not at Intersection,N,Non-Junction,None,,,         ,Sean,Williams,Clear,Other,no,no,no,no,no,False
103329831,METROPOLITAN NASHVILLE POLICE DEPT,20220293116,Davidson,Nashville,6/14/2022 3:35:00 PM,1,1,0,36.141370,-86.668410,I 40,,,,0.00,,,,,,,269.50,N,Not at Intersection,N,Non-Junction,None,,,         ,Theodore,Flick,Clear,Not Collision with Motor Vehicle in Transport,no,no,no,no,no,False
103329842,METROPOLITAN NASHVILLE POLICE DEPT,20220293141,Davidson,Nashville,6/14/2022 3:55:00 PM,2,0,0,36.134940,-86.704760,MASSMAN DR,,,,0.00,,,PATRICIA DR,,,,0.00,Y,Four-Way,N,Intersection,None,,,         ,Rami,Rouhi,Clear,Angle,no,no,no,no,no,False
103329888,METROPOLITAN NASHVILLE POLICE DEPT,20220293219,Davidson,Nashville,6/14/2022 4:55:00 PM,2,0,0,36.141080,-86.661550,I 40,,,,0.00,,,,,,,269.90,N,Not at Intersection, ,,None,,,         ,Reagan,Heath,,,no,no,no,no,no,False
103329902,METROPOLITAN NASHVILLE POLICE DEPT,20220293081,Davidson,Nashville,6/14/2022 2:51:00 PM,1,0,0,36.110970,-86.725560,EAST THOMPSON LN,,,,636.00,Feet,East,EAST THOMPSON LN PVTDR,,,,0.00,N,Not at Intersection, ,Non-Junction,None,,,         ,Alexandra,Herring,Clear,Not Collision with Motor Vehicle in Transport,no,no,no,yes,no,False
103329903,METROPOLITAN NASHVILLE POLICE DEPT,20220293198,Davidson,Nashville,6/14/2022 4:40:00 PM,2,1,0,36.143370,-86.686790,I 40,,,,0.00,,,,,,,215.45,N,Not at Intersection,N,Non-Junction,None,,,         ,Donovan,Coble,Clear,"Sideswipe, Same Direction",no,no,no,no,no,False
103329905,METROPOLITAN NASHVILLE POLICE DEPT,20220293283,Davidson,Not in City Limit,6/14/2022 5:25:00 PM,2,0,0,36.280380,-86.733060,I 65,,,,0.00,,,,,,,93.40,N,Not at Intersection, ,,None,,,         ,Kyle,Eicholtz,,,no,no,no,no,no,False
103329906,METROPOLITAN NASHVILLE POLICE DEPT,20220293150,Davidson,Nashville,6/14/2022 3:30:00 PM,2,0,0,36.084530,-86.715910,WHISPERING OAKS PL,,,,752.00,Feet,East,TANGLEWOOD CT,,,,0.00,N,Not at Intersection,N,Non-Junction,None,,,         ,Gary,Anderson,Clear,Angle,no,no,no,no,yes,False
103329907,METROPOLITAN NASHVILLE POLICE DEPT,20220293151,Davidson,Nashville,6/14/2022 3:12:00 PM,2,3,0,36.161790,-86.760850,I 24,,,,0.00,,,,,,,49.35,N,Not at Intersection,N,Non-Junction,None,,,         ,Michael,Foster,Clear,Front to Rear,no,no,no,no,no,False
103329912,METROPOLITAN NASHVILLE POLICE DEPT,20220293261,Davidson,Nashville,6/14/2022 4:31:00 PM,2,1,0,36.206690,-86.779030,W TRINITY LN,,,,174.00,Feet,West,HAMPTON ST,,,,0.00,N,Not at Intersection,N,Non-Junction,None,,,         ,Keegan,Winchell,Clear,Angle,no,no,no,yes,yes,False
103329934,METROPOLITAN NASHVILLE POLICE DEPT,20220293277,Davidson,Nashville,6/14/2022 5:25:00 PM,2,0,0,36.173270,-86.791400,ROSA L PARKS BLVD,,,,0.00,Feet,East,JEFFERSON ST,,,,0.00,N,Not at Intersection,N,Non-Junction,None,,,         ,Michael,Suagua,Clear,Front to Rear,no,no,no,no,yes,False
103329935,METROPOLITAN NASHVILLE POLICE DEPT,20220293286,Davidson,Nashville,6/14/2022 4:21:00 PM,2,0,0,36.146740,-86.743810,RUNDLE AV,,,,0.00,,,FESSLERS LN,,,,0.00,Y,T-Intersection,N,OtherLocation,None,,,         ,Douglas,Mann,Clear,"Sideswipe, Same Direction",no,no,no,no,yes,False
103329947,METROPOLITAN NASHVILLE POLICE DEPT,20220293273,Davidson,Nashville,6/14/2022 12:00:00 AM,2,0,0,36.248140,-86.642130,OLD HICKORY BLVD,,,,0.00,,,22ND ST,,,,0.00,Y,T-Intersection,N,Intersection,None,,,         ,Keenan,McCann,Clear,Angle,no,no,no,no,no,False
103329948,METROPOLITAN NASHVILLE POLICE DEPT,20220293100,Davidson,Nashville,6/14/2022 3:39:00 PM,2,0,0,36.097830,-86.742270,VERITAS ST,,,,0.00,Feet,,KEYSTONE AV,,,,0.00,Y,Four-Way,Y,Intersection-Related,None,,,         ,David,Harms,Clear,Angle,no,no,no,no,no,False
103329953,METROPOLITAN NASHVILLE POLICE DEPT,20220293263,Davidson,Nashville,6/14/2022 5:24:00 PM,1,0,0,36.179470,-86.837750,MEXICO DR,,,,101.00,Feet,East,LAGRANGE DR,,,,0.00,N,Not at Intersection,N,Non-Junction,None,,,         ,Tristen,Mayfield,Clear,Not Collision with Motor Vehicle in Transport,no,no,no,no,yes,False
103329958,METROPOLITAN NASHVILLE POLICE DEPT,20220293340,Davidson,Nashville,6/14/2022 5:28:00 PM,2,0,0,36.109380,-86.727770,BRILEY PKWYN,,,,84.00,Feet,East,BRILEY PKWYS,,,,0.00,N,Not at Intersection, ,Non-Junction,None,,,         ,Douglas,Atwood,Clear,Front to Rear,no,no,no,no,no,False
103329959,METROPOLITAN NASHVILLE POLICE DEPT,20220293306,Davidson,Nashville,6/14/2022 5:45:00 PM,2,0,0,36.157860,-86.759870,I 24,,,,0.00,,,,,,,49.75,N,Not at Intersection,N,Non-Junction,None,,,         ,Chad,Connors,Clear,Front to Rear,no,no,no,no,no,False
103329960,METROPOLITAN NASHVILLE POLICE DEPT,20220293006,Davidson,Nashville,6/14/2022 2:10:00 PM,2,0,0,36.113490,-86.810950,HILLSBORO PKE,,,,170.00,Feet,South,WOODMONT BLVD,,,,0.00,N,Not at Intersection, ,Non-Junction,None,,,         ,Jeremy,Huffine,Clear,Angle,no,no,no,no,no,False
103329969,Nashville Airport Police,2022-02435,Davidson,Nashville,6/14/2022 2:59:00 PM,2,0,0,36.133340,-86.668600,TERMINAL DR,,,,1069.00,Feet,South,I40 E EXT RAMP,,,,0.00,N,Not at Intersection, ,Non-Junction,None,,,         ,Gary,Polk,Clear,"Sideswipe, Same Direction",no,no,no,yes,no,False
103329971,METROPOLITAN NASHVILLE POLICE DEPT,20220293065,Davidson,Nashville,6/14/2022 3:00:00 PM,1,1,0,36.167380,-86.765430,I 24,,,,0.00,,,,,,,48.90,N,Not at Intersection,N,Non-Junction,None,,,         ,Chad,Connors,Clear,Not Collision with Motor Vehicle in Transport,no,no,no,no,no,False
103329974,GOODLETTSVILLE POLICE DEPT,22-18181,Davidson,Goodlettsville,6/14/2022 6:25:00 PM,2,0,0,36.306020,-86.706510,I 65,,,,0.00,,,,,,,95.65,N,Not at Intersection,N,Non-Junction,None,,,         ,William,Monaghan,Clear,Angle,no,no,no,no,yes,False
103329978,METROPOLITAN NASHVILLE POLICE DEPT,20220293227,Davidson,Not in City Limit,6/14/2022 3:00:00 PM,2,1,0,36.256950,-86.714080,GALLATIN PKES,,,,115.00,Feet,South,HARRINGTON AV,,,,0.00,N,Not at Intersection,N,Non-Junction,None,,,         ,William,Badger,Clear,Front to Rear,no,no,no,no,no,False
103329987,METROPOLITAN NASHVILLE POLICE DEPT,20220293374,Davidson,Nashville,6/14/2022 4:15:00 PM,2,0,0,36.167010,-86.763750,S 4TH ST,,,,0.00,,,SHELBY AV,,,,0.00,Y,Four-Way, ,Intersection,None,,,         ,Kevin,Clausius,Clear,"Sideswipe, Same Direction",no,no,no,no,no,False
103330001,METROPOLITAN NASHVILLE POLICE DEPT,20220293466,Davidson,Nashville,6/14/2022 5:15:00 PM,2,0,0,36.148510,-86.822220,I-440 WEST,,,,0.00,Feet,North,I-440 WEST,,,,0.00,N,Not at Intersection, ,Non-Junction,None,,,         ,Garrett,Latham,Clear,Front to Rear,no,no,no,no,no,False
103330003,METROPOLITAN NASHVILLE POLICE DEPT,20220293178,Davidson,Nashville,6/14/2022 4:24:00 PM,4,2,0,36.043510,-86.655650,I 24,,,,0.00,,,,,,,59.60,N,Not at Intersection,N,Non-Junction,None,,,         ,Keith,Parlato,Clear,Front to Rear,no,no,no,no,no,False
103330004,METROPOLITAN NASHVILLE POLICE DEPT,20220293420,Davidson,Antioch,6/14/2022 7:27:00 PM,2,2,0,36.074860,-86.572780,HOBSON PKE,,,,1134.00,Feet,North,LONDONVIEW PL,,,,0.00,N,Not at Intersection,N,Non-Junction,None,,,         ,John,McDonnell,Clear,HeadOn,no,no,no,no,no,False
103330007,METROPOLITAN NASHVILLE POLICE DEPT,20220293405,Davidson,Nashville,6/14/2022 6:20:00 PM,2,0,0,36.070030,-86.698800,HAYWOOD LN,,,,0.00,Feet,West,EAST RIDGE DR,,,,0.00,N,Not at Intersection, ,Non-Junction,None,,,         ,Douglas,Atwood,Clear,Angle,no,no,no,no,yes,False
103330083,METROPOLITAN NASHVILLE POLICE DEPT,20220293205,Davidson,Nashville,6/14/2022 4:45:00 PM,2,1,0,36.171370,-86.752340,SHELBY AV,,,,0.00,,,S 10TH ST,,,,0.00,Y,Four-Way,Y,Intersection,None,,,         ,Trevor,Jones,Clear,Angle,no,no,no,no,yes,False
103330084,METROPOLITAN NASHVILLE POLICE DEPT,20220293534,Davidson,Nashville,6/14/2022 8:40:00 PM,2,7,0,36.203650,-86.739330,E TRINITY LN,,,,238.00,Feet,West,GALLATIN PKE,,,,0.00,N,Not at Intersection,N,Non-Junction,None,,,         ,Adam,Warren,Clear,Angle,no,no,no,no,no,False
103330092,METROPOLITAN NASHVILLE POLICE DEPT,20220293442,Davidson,Antioch,6/14/2022 7:40:00 PM,3,1,0,36.047840,-86.612050,MURFREESBORO PKE,,,,1284.00,Feet,North,MOUNTAIN SPRINGS RD,,,,0.00,N,Not at Intersection,N,Non-Junction,None,,,         ,Jeffery,Leiser,Clear,Front to Rear,no,no,no,no,no,False
103330097,METROPOLITAN NASHVILLE POLICE DEPT,20220293537,Davidson,Nashville,6/14/2022 8:30:00 PM,1,0,0,36.159390,-86.772590,MOLLOY ST,,,,0.00,,,1ST AVS,,,,0.00,Y,T-Intersection, ,Intersection,None,,,         ,Courtney,Kirtley,Clear,Not Collision with Motor Vehicle in Transport,no,no,no,no,no,False
103330104,METROPOLITAN NASHVILLE POLICE DEPT,20220293460,Davidson,Nashville,6/14/2022 7:55:00 PM,2,1,0,36.087760,-86.647140,NASHBORO BLVD,,,,549.00,Feet,East,MURFREESBORO PKE,,,,0.00,N,Not at Intersection,N,Non-Junction,None,,,         ,Phillip,Burke,Clear,"Sideswipe, Opposite Direction",no,no,no,yes,yes,False
103330113,METROPOLITAN NASHVILLE POLICE DEPT,20220293454,Davidson,Nashville,6/13/2022 10:00:00 PM,2,0,0,36.175940,-86.747130,HOLLY ST,,,,60.00,Feet,East,S 13TH ST,,,,0.00,N,Not at Intersection,N,Non-Junction,None,,,         ,Chad,Connors,Clear,"Sideswipe, Opposite Direction",no,no,no,no,yes,False
103330122,METROPOLITAN NASHVILLE POLICE DEPT,20220293370,Davidson,Nashville,6/14/2022 4:30:00 PM,3,0,0,36.087330,-86.692420,HARDING PL,,,,71.00,Feet,West,ANTIOCH PKE,,,,0.00,N,Not at Intersection, ,Non-Junction,None,,,         ,Megan,Arnett,Clear,Front to Rear,no,no,no,no,no,False
103330147,METROPOLITAN NASHVILLE POLICE DEPT,20220293357,Davidson,Nashville,6/14/2022 6:40:00 PM,2,1,0,36.192590,-86.616120,HERMITAGE MARKETPLACE PVTDR,,,,0.00,,,,,,,0.00,,,N,Non-Junction,None,,,         ,Cheri,Cox,Clear,Angle,no,no,no,yes,no,False
103330165,METROPOLITAN NASHVILLE POLICE DEPT,20220293627,Davidson,Antioch,6/14/2022 9:51:00 PM,2,0,0,36.039960,-86.610190,HOBSON PKE,,,,1502.00,Feet,West,MURFREESBORO PKE,,,,0.00,N,Not at Intersection,N,Non-Junction,None,,,         ,John,McDonnell,Clear,"Sideswipe, Same Direction",no,no,no,no,no,False
103330168,METROPOLITAN NASHVILLE POLICE DEPT,20220293762,Davidson,Nashville,6/14/2022 9:56:00 PM,2,0,0,36.178190,-86.604770,OLD HICKORY BLVD,,,,112.00,Feet,North,I40 E EXT RAMP,,,,0.00,N,Not at Intersection, ,,None,,,         ,Torry,Hill,,,no,no,no,no,no,False