master_record_number,agency,agency_tracking_number,county,city,collision_date,vehicles_involved,number_injured,number_dead,latitude,longitude,roadway_name,roadway_suffix,roadway_number,roadway_local_id,distance_from_reference,miles-feet_indicator,direction_from_reference,intersection_road_name,intersection_road_name_suffix,intersection_road_number,intersection_local_id,mile_marker,intersection_indicator,intersect_type,interchange_related_indicator,relation_to_junction,work_zone_type,construction_maintenance_zone,construction_maintenance_zone_location,fatal_case_number,officer_first_name,officer_last_name,weather_condition(s),manner_of_crash,pedestrian,bicycle,scooter,parking,hitrun,mou
103334698,METROPOLITAN NASHVILLE POLICE DEPT,20220302208,Davidson,Nashville,6/19/2022 9:00:00 PM,2,0,0,36.243910,-86.785040,I 24,,,,0.00,,,,,,,43.00,N,Not at Intersection,N,Non-Junction,None,,,         ,Emelie,Skye,Clear,Angle,no,no,no,no,yes,False
103334699,METROPOLITAN NASHVILLE POLICE DEPT,20220302353,Davidson,Nashville,6/19/2022 11:34:00 PM,1,2,0,36.066850,-86.686720,I 24,,,,0.00,,,,,,,57.25,N,Not at Intersection,N,Non-Junction,None,,,         ,Jerrod,Kalinsky,Clear,Not Collision with Motor Vehicle in Transport,no,no,no,no,no,False
103334709,METROPOLITAN NASHVILLE POLICE DEPT,20220302370,Davidson,Nashville,6/19/2022 11:40:00 PM,4,1,0,36.191420,-86.786830,I 65,,,,0.00,,,,,,,85.90,N,Not at Intersection,N,Non-Junction,None,,,         ,Blake,Curry,Clear,Front to Rear,no,no,no,no,no,False
103334711,METROPOLITAN NASHVILLE POLICE DEPT,20220302285,Davidson,Nashville,6/19/2022 10:56:00 PM,2,0,0,36.049980,-86.649500,BELL RD,,,,0.00,,,MT VIEW RD,,,,0.00,Y,Four-Way,N,Non-Junction,None,,,         ,Gregory,Rdzok,Clear,Front to Rear,no,no,no,no,yes,False
103334714,METROPOLITAN NASHVILLE POLICE DEPT,20220302473,Davidson,Nashville,6/20/2022 12:51:00 AM,1,2,0,36.155850,-86.824040,I40 E EXT RAMP,,,,0.00,,,I 40,,,,0.00,Y,Y-Intersection,Y,Entrance/Exit Ramp Related,None,,,         ,Justin,McCormick,Clear,Not Collision with Motor Vehicle in Transport,no,no,no,no,no,False
103334727,VANDERBILT UNIVERSITY POLICE,20220302247,Davidson,Nashville,6/19/2022 10:30:00 PM,1,0,0,36.148240,-86.803540,WEST END AV,,,,0.00,,,,,,,0.00,,, ,"Driveway, Alley Access, etc",None,,,         ,O'Darra,Beauvais,Clear,Not Collision with Motor Vehicle in Transport,no,no,no,yes,no,Campus
103334732,METROPOLITAN NASHVILLE POLICE DEPT,20220302533,Davidson,Nashville,6/20/2022 2:21:00 AM,1,0,0,36.140900,-86.657860,I 40,,,,0.00,,,,,,,217.10,N,Not at Intersection,N,Non-Junction,None,,,         ,Dylan,Motes,,Not Collision with Motor Vehicle in Transport,no,no,no,no,no,False
103334734,METROPOLITAN NASHVILLE POLICE DEPT,20220302296,Davidson,Nashville,6/19/2022 10:59:00 PM,2,1,0,36.163580,-86.757540,S 6TH ST,,,,57.00,Feet,South,LENORE ST,,,,0.00,N,Not at Intersection,N,Non-Junction,None,,,         ,Nicholas,Cochran,Clear,Front to Rear,no,no,no,no,no,False
103334736,METROPOLITAN NASHVILLE POLICE DEPT,20220302560,Davidson,Nashville,6/20/2022 1:40:00 AM,1,0,0,36.081280,-86.625480,MOSSDALE DR,,,,160.00,Feet,East,WHORLEY DR,,,,0.00,N,Not at Intersection,N,Non-Junction,None,,,         ,Samuel,Fredericks,,Not Collision with Motor Vehicle in Transport,no,no,no,no,yes,False
103334753,METROPOLITAN NASHVILLE POLICE DEPT,20220300756,Davidson,Nashville,6/18/2022 9:10:00 PM,2,0,0,36.176510,-86.790400,6TH AVN,,,,101.00,Feet,North,MONROE ST,,,,0.00,N,Not at Intersection,N,Non-Junction,None,,,         ,Pamela,Caulder,Clear,Front to Rear,no,no,no,no,yes,False
103334757,METROPOLITAN NASHVILLE POLICE DEPT,20220302436,Davidson,Goodlettsville,6/20/2022 12:21:00 AM,2,0,0,36.302750,-86.691850,RIVERGATE MARKETPLACE PVTDR,,,,0.00,,,GALLATIN PKEN,,,,0.00,Y,Four-Way, ,,None,,,         ,John,Robish,,,no,no,no,no,no,False
103334763,METROPOLITAN NASHVILLE POLICE DEPT,20220302495,Davidson,Nashville,6/20/2022 12:58:00 AM,1,0,0,36.069560,-86.684110,ANTIOCH PKE,,,,292.00,Feet,South,HAYWOOD LN,,,,0.00,N,Not at Intersection,N,Non-Junction,None,,,         ,Jason,Lyons,Clear,Not Collision with Motor Vehicle in Transport,no,no,no,no,yes,False
103334818,METROPOLITAN NASHVILLE POLICE DEPT,20220302661,Davidson,Nashville,6/20/2022 5:49:00 AM,1,1,0,36.237190,-86.742110,BRILEY PKWY E ENT RAMP,,,,0.00,,,ELLINGTON PKWYN,,,,0.00,,Not at Intersection,N,Non-Junction,None,,,         ,Kristopher,Sutton,Clear,Not Collision with Motor Vehicle in Transport,no,no,no,no,no,False
103334845,METROPOLITAN NASHVILLE POLICE DEPT,20220302506,Davidson,Nashville,6/20/2022 1:30:00 AM,2,1,0,36.206620,-86.777900,W TRINITY LN,,,,0.00,Feet,,BRICK CHURCH PKE,,,,0.00,Y,Four-Way,N,Intersection,None,,,         ,Emelie,Skye,Clear,Angle,no,no,no,no,yes,False
103334865,METROPOLITAN NASHVILLE POLICE DEPT,20220302721,Davidson,Nashville,6/20/2022 6:42:00 AM,1,0,0,36.068700,-86.639830,RICE RD,,,,0.00,Feet,,RURAL HILL RD,,,,0.00,Y,Four-Way, ,Intersection-Related,None,,,         ,Charles,Agius,Clear,Not Collision with Motor Vehicle in Transport,no,no,no,no,no,False
103334867,BELLE MEADE POLICE DEPT,220137,Davidson,Belle Meade,6/16/2022 3:46:00 PM,3,0,0,36.123900,-86.849090,US HWY 70S,,,,868.00,Feet,East,LYNNWOOD BLVD,,,,0.00,N,Not at Intersection, ,Non-Junction,Work Zone,,,         ,Michael,Germany,,Front to Rear,no,no,no,no,no,False
103334874,METROPOLITAN NASHVILLE POLICE DEPT,20220302373,Davidson,Not in City Limit,6/19/2022 12:00:00 AM,3,0,0,36.017630,-86.668710,MORNING RD,,,,84.00,Feet,West,DAYBREAK DR,,,,0.00,N,Not at Intersection,N,Non-Junction,None,,,         ,Kristopher,Sharpe,Clear,Front to Rear,no,no,no,no,yes,False
103334891,METROPOLITAN NASHVILLE POLICE DEPT,20220302802,Davidson,Nashville,6/20/2022 7:39:00 AM,2,1,0,36.165940,-86.805210,DR D B TODD JR BLVD,,,,73.00,Feet,North,JACKSON ST,,,,0.00,N,Not at Intersection,N,Non-Junction,None,,,         ,Zachary,Akers,Clear,Angle,no,no,no,no,no,False
103334897,METROPOLITAN NASHVILLE POLICE DEPT,20220302893,Davidson,Nashville,6/20/2022 8:53:00 AM,1,0,0,36.102040,-86.764700,I65 N ENT RAMP,,,,0.00,,,I 65,,,,0.00,Y,OTHER,Y,Entrance/Exit Ramp Related,None,,,         ,Earl,Davis,Clear,Not Collision with Motor Vehicle in Transport,no,no,no,no,no,False
103334898,METROPOLITAN NASHVILLE POLICE DEPT,20220302839,Davidson,Nashville,6/20/2022 7:48:00 AM,2,0,0,36.153920,-86.757270,I 40,,,,0.00,,,,,,,211.10,N,Not at Intersection, ,,None,,,         ,Cameron,Fritschie,,,no,no,no,no,no,False
103334902,METROPOLITAN NASHVILLE POLICE DEPT,20220302819,Davidson,Nashville,6/20/2022 7:36:00 AM,2,0,0,36.056020,-86.703160,DELVIN DR,,,,0.00,,,BREWER DR,,,,0.00,Y,Four-Way,N,Intersection,None,,,         ,Stanley,Collins,Clear,Angle,no,no,no,no,no,False
103334906,METROPOLITAN NASHVILLE POLICE DEPT,20220302897,Davidson,Nashville,6/20/2022 8:57:00 AM,2,0,0,36.126080,-86.846100,HARDING PKE,,,,148.00,Feet,East,KENNER AVN,,,,0.00,N,Not at Intersection, ,Non-Junction,None,,,         ,Tony,Folad,Clear,Front to Rear,no,no,no,no,no,False
103334935,GOODLETTSVILLE POLICE DEPT,22-18786,Davidson,Goodlettsville,6/20/2022 7:38:00 AM,2,1,0,36.309430,-86.695530,VIETNAM VETERANS BLVD SB EXT R,,,,0.00,,,CONFERENCE DR,,,,0.00,Y,T-Intersection,Y,Entrance/Exit Ramp Related,None,,,         ,Benny,Alexander,Clear,Angle,no,no,no,no,no,False
103334946,METROPOLITAN NASHVILLE POLICE DEPT,20220303003,Davidson,Nashville,6/20/2022 8:01:00 AM,2,0,0,36.145950,-86.767340,4TH AVS,,,,241.00,Feet,South,MILDRED SHUTE AV,,,,0.00,N,Not at Intersection, ,Non-Junction,None,,,         ,Travis,Pemberton,Clear,Angle,no,no,no,no,no,False
103334948,METROPOLITAN NASHVILLE POLICE DEPT,20220303029,Davidson,Nashville,6/20/2022 10:14:00 AM,2,1,0,36.140300,-86.818060,WEST END AV,,,,275.00,Feet,South,ACKLEN PARK DR,,,,0.00,N,Not at Intersection,N,Non-Junction,None,,,         ,Earl,Davis,Clear,Angle,no,no,no,no,no,False
103334950,METROPOLITAN NASHVILLE POLICE DEPT,20220302922,Davidson,Nashville,6/20/2022 7:30:00 AM,2,0,0,36.047330,-86.683150,BRENTRIDGE DR,,,,295.00,Feet,North,BELL RD,,,,0.00,N,Not at Intersection,N,Non-Junction,None,,,         ,Leonard,Cato,Clear,Front to Rear,no,no,no,no,no,False
103334960,METROPOLITAN NASHVILLE POLICE DEPT,20220302989,Davidson,Not in City Limit,6/20/2022 9:55:00 AM,2,1,0,36.322660,-86.868580,I24 E ENT RAMP,,,,0.00,,,I24 E ENT RAMP,,,,0.00,Y,Y-Intersection,Y,Entrance/Exit Ramp Related,None,,,         ,Chase,Harriman,Clear,Front to Rear,no,no,no,no,no,False
103334962,METROPOLITAN NASHVILLE POLICE DEPT,20220303032,Davidson,Not in City Limit,6/20/2022 10:39:00 AM,2,1,0,36.262990,-86.680940,RIO VISTA DR,,,,0.00,,,STATE RT 45,,,,0.00,Y,Four-Way,N,Intersection,None,,,         ,Michelle,Steidl,Clear,Angle,no,no,no,no,no,False
103334979,Nashville Airport Police,2022-02515,Davidson,Nashville,6/20/2022 8:20:00 AM,2,0,0,36.133360,-86.665100,TERMINAL DR,,,,21.00,Feet,South,BNA DR,,,,0.00,N,Not at Intersection,Y,Unknown,None,,,         ,Dylan,Bollinger,Clear,"Sideswipe, Opposite Direction",no,no,no,no,no,False
103334981,VANDERBILT UNIVERSITY POLICE,20220303008,Davidson,Nashville,6/20/2022 10:14:00 AM,2,0,0,36.107970,-86.763880,POWELL AV,,,,0.00,,,,,,,0.00,,, ,Non-Junction,None,,,         ,Austin,Worrell,Clear,Angle,no,no,no,yes,no,OHO
103334990,METROPOLITAN NASHVILLE POLICE DEPT,20220302996,Davidson,Nashville,6/20/2022 10:11:00 AM,1,0,0,36.090890,-86.704800,I 24,,,,0.00,,,,,,,55.30,N,Not at Intersection,N,Non-Junction,None,,,         ,Jason,Hees,Clear,Not Collision with Motor Vehicle in Transport,no,no,no,no,no,False
103335004,METROPOLITAN NASHVILLE POLICE DEPT,20220303082,Davidson,Not in City Limit,6/20/2022 11:40:00 AM,2,1,0,36.010830,-86.702510,NOLENSVILLE PKE,,,,104.00,Feet,South,LENOX CREEKSIDE DR,,,,0.00,N,Not at Intersection,N,Non-Junction,None,,,         ,Timothy,Ward,Clear,Front to Rear,no,no,no,no,no,False
103335038,METROPOLITAN NASHVILLE POLICE DEPT,20220302970,Davidson,Nashville,6/20/2022 9:47:00 AM,2,2,0,36.181800,-86.641570,JACKSON DOWNS BLVD,,,,0.00,,,LEBANON PKE,,,,0.00,Y,Four-Way,N,Non-Junction,None,,,         ,Peabo,McAlmont,Clear,HeadOn,no,no,no,no,no,False
103335039,METROPOLITAN NASHVILLE POLICE DEPT,20220303085,Davidson,Nashville,6/20/2022 11:44:00 AM,2,2,0,36.092560,-86.692390,HARDING INDUSTRIAL DR,,,,1231.00,Feet,North,CANDY LN,,,,0.00,N,Not at Intersection,N,Non-Junction,None,,,         ,Eric,Burford,Clear,"Sideswipe, Same Direction",no,no,no,no,no,False
103335047,GOODLETTSVILLE POLICE DEPT,22-18801,Davidson,Goodlettsville,6/20/2022 11:18:00 AM,2,2,0,36.303030,-86.708870,I 65,,,,0.00,,,,,,,95.40,N,Not at Intersection,N,Non-Junction,None,,,         ,Benny,Alexander,Clear,Front to Rear,no,no,no,no,no,False
103335062,METROPOLITAN NASHVILLE POLICE DEPT,20220303116,Davidson,Nashville,6/20/2022 11:42:00 AM,2,0,0,36.045740,-86.674350,BELL RD,,,,0.00,,,BLUE HOLE RD,,,,0.00,Y,Four-Way,N,Intersection,None,,,         ,Stanley,Collins,Clear,Front to Rear,no,no,no,no,yes,False
103335096,METROPOLITAN NASHVILLE POLICE DEPT,20220303040,Davidson,Nashville,6/20/2022 10:43:00 AM,2,0,0,36.161330,-86.780600,COMMERCE ST,,,,0.00,,,6TH AVN,,,,0.00,Y,T-Intersection,N,Non-Junction,None,,,         ,Sean,Pulizzano,Clear,Angle,no,no,no,no,no,False
103335113,METROPOLITAN NASHVILLE POLICE DEPT,20220303127,Davidson,Nashville,6/20/2022 12:20:00 PM,1,1,0,36.153400,-86.800840,20TH AVN,,,,0.00,,,CHURCH ST,,,,0.00,Y,Four-Way,N,Intersection,None,,,         ,Travis,Pemberton,Clear,Not Collision with Motor Vehicle in Transport,yes,no,no,no,no,Campus
103335115,METROPOLITAN NASHVILLE POLICE DEPT,20220303102,Davidson,Nashville,6/20/2022 11:53:00 AM,2,0,0,36.128580,-86.906680,RIVER RD,,,,0.00,Feet,,CHARLOTTE PKE PVTDR,,,,0.00,Y,Four-Way, ,Intersection,None,,,         ,Jack,Crouch,Clear,"Sideswipe, Same Direction",no,no,no,no,no,False
103335118,METROPOLITAN NASHVILLE POLICE DEPT,20220303157,Davidson,Nashville,6/20/2022 12:20:00 PM,2,0,0,36.042990,-86.842190,OLD HICKORY BLVD,,,,35.00,Feet,East,KINGSBURY DR,,,,0.00,N,Not at Intersection,N,Non-Junction,None,,,         ,Wyatt,Blacker,Clear,Front to Rear,no,no,no,no,no,False
103335121,METROPOLITAN NASHVILLE POLICE DEPT,20220303131,Davidson,Nashville,6/20/2022 1:00:00 PM,2,0,0,36.168310,-86.760330,SHELBY AV,,,,0.00,,,S 6TH ST,,,,0.00,Y,T-Intersection, ,Intersection-Related,None,,,         ,Kelcey,Bell,Clear,Angle,no,no,no,no,no,False
103335142,METROPOLITAN NASHVILLE POLICE DEPT,20220303150,Davidson,Nashville,6/20/2022 12:34:00 PM,2,0,0,36.193140,-86.744140,GALLATIN AV,,,,170.00,Feet,North,DOUGLAS AV,,,,0.00,N,Not at Intersection, ,Non-Junction,None,,,         ,Michael,Agee,Clear,Front to Rear,no,no,no,no,no,False
103335176,METROPOLITAN NASHVILLE POLICE DEPT,20220303167,Davidson,Not in City Limit,6/20/2022 12:30:00 PM,2,0,0,36.044310,-86.957100,HIGHWAY 100,,,,263.00,Feet,West,LEARNING LN,,,,0.00,N,Not at Intersection,N,Non-Junction,None,,,         ,Robert,Allen,Clear,Front to Rear,no,no,no,no,no,False
103335178,METROPOLITAN NASHVILLE POLICE DEPT,20220303211,Davidson,Nashville,6/18/2022 7:30:00 AM,2,0,0,36.119610,-86.738430,STERLING BOONE DR,,,,87.00,Feet,South,PEACHTREE ST,,,,0.00,N,Not at Intersection,N,Non-Junction,None,,,         ,Luis,Pena,Clear,"Sideswipe, Same Direction",no,no,no,yes,yes,False
103335202,METROPOLITAN NASHVILLE POLICE DEPT,20220303054,Davidson,Nashville,6/20/2022 11:04:00 AM,1,0,0,36.121980,-86.754810,I 440,,,,0.00,,,WINFORD AV,,,,0.00,Y,OTHER,N,Non-Junction,None,,,         ,Sean,Williams,Clear,Not Collision with Motor Vehicle in Transport,no,no,no,no,no,False
103335224,METROPOLITAN NASHVILLE POLICE DEPT,20220303376,Davidson,Nashville,6/20/2022 11:35:00 AM,2,0,0,36.155740,-86.739720,OMOHUNDRO PL,,,,150.00,Feet,South,FREIGHTLINER DR,,,,0.00,N,Not at Intersection,N,Non-Junction,None,,,         ,Reagan,Heath,Clear,Front to Rear,no,no,no,no,no,False
103335236,GOODLETTSVILLE POLICE DEPT,22-18815,Davidson,Goodlettsville,6/20/2022 2:39:00 PM,2,0,0,36.300470,-86.711130,I 65,,,,0.00,,,,,,,95.15,N,Not at Intersection, ,Entrance/Exit Ramp Related,None,,,         ,Benny,Alexander,Clear,"Sideswipe, Same Direction",no,no,no,no,no,False
103335247,METROPOLITAN NASHVILLE POLICE DEPT,20220303343,Davidson,Nashville,6/20/2022 12:00:00 AM,1,0,0,36.150690,-86.785300,I 40,,,,0.00,,,,,,,209.50,N,Not at Intersection,N,Non-Junction,None,,,         ,Trevor,Taylor,Clear,Not Collision with Motor Vehicle in Transport,no,no,no,no,no,False
103335250,METROPOLITAN NASHVILLE POLICE DEPT,20220303422,Davidson,Nashville,6/20/2022 3:17:00 PM,2,0,0,36.045750,-86.708670,OLD HICKORY BLVD,,,,664.00,Feet,West,HICKORY VALLEY CONDOS PVTDR,,,,0.00,N,Not at Intersection, ,Non-Junction,None,,,         ,John,McDonnell,Clear,"Sideswipe, Opposite Direction",no,no,no,no,no,False
103335252,METROPOLITAN NASHVILLE POLICE DEPT,20220303327,Davidson,Nashville,6/20/2022 3:10:00 PM,3,0,0,36.149830,-86.772340,I 40,,,,0.00,,,,,,,210.25,N,Not at Intersection, ,Non-Junction,None,,,         ,Garrett,Latham,Clear,Front to Rear,no,no,no,no,no,False
103335267,METROPOLITAN NASHVILLE POLICE DEPT,20220303472,Davidson,Nashville,6/20/2022 4:30:00 PM,2,0,0,36.170940,-86.873890,CENTENNIAL BLVD,,,,56.00,Feet,South,COCKRILL BEND BLVD,,,,0.00,N,Not at Intersection, ,,None,,,         ,Jared,Dick,,,no,no,no,no,no,False
103335280,METROPOLITAN NASHVILLE POLICE DEPT,20220303448,Davidson,Nashville,6/20/2022 4:25:00 PM,2,0,0,36.157060,-86.708980,OMOHUNDRO DR,,,,4.00,Feet,North,LEBANON PKE,,,,0.00,N,Not at Intersection,N,Non-Junction,None,,,         ,Reagan,Heath,Clear,Angle,no,no,no,no,no,False
103335287,GOODLETTSVILLE POLICE DEPT,22-18823,Davidson,Goodlettsville,6/20/2022 4:15:00 PM,2,1,0,36.309470,-86.695640,VIETNAM VETERANS BLVD SB EXT R,,,,0.00,Feet,East,CONFERENCE DR,,,,0.00,N,Not at Intersection,N,Non-Junction,None,,,         ,Donald,Brinton,Clear,Front to Rear,no,no,no,no,no,False
103335292,METROPOLITAN NASHVILLE POLICE DEPT,20220303475,Davidson,Nashville,6/20/2022 3:36:00 PM,2,0,0,36.139870,-86.724230,I40 E ENT RAMP,,,,0.00,,,I 40,,,,0.00,Y,OTHER, ,Entrance/Exit Ramp Related,None,,,         ,Robert,Marquez,Clear,"Sideswipe, Same Direction",no,no,no,no,no,False
103335311,METROPOLITAN NASHVILLE POLICE DEPT,20220303452,Davidson,Nashville,6/20/2022 4:30:00 PM,2,0,0,36.152240,-86.625080,BELL RD,,,,1.00,Feet,West,STEWARTS FERRY PKE,,,,0.00,N,Not at Intersection, ,Non-Junction,None,,,         ,Zacarias,Brito Jr.,Clear,"Sideswipe, Same Direction",no,no,no,no,no,False
103335315,METROPOLITAN NASHVILLE POLICE DEPT,20220303560,Davidson,Nashville,6/20/2022 4:30:00 PM,2,0,0,36.103620,-86.666480,FAIRCLOTH LN,,,,0.00,,,OLD MURFREESBORO PKE,,,,0.00,Y,Four-Way,N,Intersection,None,,,         ,Robert,Marquez,Clear,Angle,no,no,no,no,yes,False
103335320,METROPOLITAN NASHVILLE POLICE DEPT,20220303519,Davidson,Nashville,6/20/2022 10:00:00 AM,2,0,0,36.191250,-86.804790,PONDER PL,,,,219.00,Feet,North,VILLAS AT METROCENTER PVTDR,,,,0.00,N,Not at Intersection, ,Non-Junction,None,,,         ,Hendrik,Kruger,Unknown,Unknown,no,no,no,yes,yes,False
103335321,METROPOLITAN NASHVILLE POLICE DEPT,20220303538,Davidson,Nashville,6/20/2022 5:35:00 PM,2,0,0,36.205540,-86.763670,E TRINITY LN,,,,92.00,Feet,West,SULTANA AV,,,,0.00,N,Not at Intersection, ,Non-Junction,None,,,         ,Cooper,HIll,Clear,Angle,no,no,no,no,no,False
103335322,METROPOLITAN NASHVILLE POLICE DEPT,37027,Davidson,Nashville,6/20/2022 6:13:00 PM,2,0,0,36.174260,-86.614330,DODSON CHAPEL RD,,,,172.00,Feet,South,CENTRAL PKE,,,,0.00,N,Not at Intersection, ,Non-Junction,None,,,         ,Zacarias,Brito Jr.,Clear,Front to Rear,no,no,no,no,no,False
103335334,METROPOLITAN NASHVILLE POLICE DEPT,20220303605,Davidson,Nashville,6/20/2022 6:35:00 PM,1,1,0,36.148850,-86.804560,WEST END AV,,,,0.00,,,23RD AVN,,,,0.00,Y,Four-Way,Y,Intersection,None,,,         ,Garrett,Latham,Clear,Not Collision with Motor Vehicle in Transport,yes,no,no,no,no,Campus
103335341,METROPOLITAN NASHVILLE POLICE DEPT,20220303355,Davidson,Nashville,6/20/2022 3:24:00 PM,2,0,0,36.196690,-86.742240,GALLATIN AV,,,,9.00,Feet,North,CAHAL AV,,,,0.00,N,Not at Intersection,Y,Non-Junction,None,,,         ,Daniel,Carney,Clear,"Sideswipe, Same Direction",no,no,no,no,yes,False
103335342,METROPOLITAN NASHVILLE POLICE DEPT,20220303648,Davidson,Nashville,6/20/2022 6:20:00 PM,2,1,0,36.045370,-86.647920,CROSSINGS BLVD,,,,191.00,Feet,West,MT VIEW RD,,,,0.00,N,Not at Intersection,N,Non-Junction,None,,,         ,John,Braun,Clear,"Sideswipe, Same Direction",no,no,no,no,no,False
103335370,METROPOLITAN NASHVILLE POLICE DEPT,20220303751,Davidson,Nashville,6/20/2022 7:59:00 PM,1,0,0,36.066020,-86.686160,I 24,,,,0.00,,,,,,,57.30,N,Not at Intersection,N,Non-Junction,None,,,         ,Laura,Williams,Clear,Not Collision with Motor Vehicle in Transport,no,no,no,no,no,False
103335373,METROPOLITAN NASHVILLE POLICE DEPT,20220303663,Davidson,Nashville,6/20/2022 5:49:00 PM,2,0,0,36.090500,-86.627170,SMITH SPRINGS RD,,,,208.00,Feet,West,BELL RD,,,,0.00,N,Not at Intersection,N,Non-Junction,None,,,         ,Zacarias,Brito Jr.,Clear,Angle,no,no,no,no,no,False
103335383,METROPOLITAN NASHVILLE POLICE DEPT,20220303720,Davidson,Nashville,6/20/2022 6:00:00 PM,2,0,0,36.085900,-86.701450,I24 E EXT RAMP,,,,0.00,Feet,East,I 24,,,,0.00,N,Not at Intersection,N,Entrance/Exit Ramp Related,None,,,         ,Tyler,Jordan,Clear,"Sideswipe, Same Direction",no,no,no,no,yes,False
103335385,METROPOLITAN NASHVILLE POLICE DEPT,20220303726,Davidson,Nashville,6/20/2022 7:35:00 PM,2,0,0,36.137250,-86.726760,I 24,,,,0.00,,,,,,,52.20,N,Not at Intersection,N,Non-Junction,None,,,         ,Reagan,Heath,Clear,Front to Rear,no,no,no,no,no,False
103335389,METROPOLITAN NASHVILLE POLICE DEPT,20220303577,Davidson,Nashville,6/20/2022 5:40:00 PM,2,0,0,36.086820,-86.691740,ANTIOCH PKE,,,,261.00,Feet,South,HARDING PL,,,,0.00,N,Not at Intersection,N,Non-Junction,None,,,         ,Sean,McConnell,Clear,Other,no,no,no,no,no,False
103335391,METROPOLITAN NASHVILLE POLICE DEPT,20220303656,Davidson,Nashville,6/20/2022 6:50:00 PM,3,1,0,36.136610,-86.727050,I24E,,,,127.00,Feet,West,I24 E ENT RAMP,,,,0.00,N,Not at Intersection,N,Non-Junction,None,,,         ,Michael,Raash,Clear,Front to Rear,no,no,no,no,yes,False
103335404,METROPOLITAN NASHVILLE POLICE DEPT,2022-0302835,Davidson,Nashville,6/20/2022 7:53:00 AM,2,0,0,36.039480,-86.781770,OLD HICKORY BLVD,,,,0.00,Feet,East,I65 N EXT RAMP,,,,0.00,N,Not at Intersection, ,Non-Junction,None,,,         ,Sean,Williams,Clear,Front to Rear,no,no,no,no,no,False
103335416,VANDERBILT UNIVERSITY POLICE,20220303795,Davidson,Nashville,6/20/2022 12:00:00 AM,2,0,0,36.142570,-86.810970,VANDERBILT PL,,,,0.00,,,,,,,0.00,,, ,Non-Junction,Unknown,,,         ,Shaneithia,Lewis,,Unknown,no,no,no,yes,yes,Campus
103335438,METROPOLITAN NASHVILLE POLICE DEPT,20220300783,Davidson,Nashville,6/18/2022 10:09:00 PM,1,3,0,36.179670,-86.834340,HYDES FERRY RD,,,,227.00,Feet,North,VIKING RD,,,,0.00,N,Not at Intersection,N,Non-Junction,None,,,         ,Scott,St. John,Clear,Not Collision with Motor Vehicle in Transport,no,no,no,yes,no,False
103335486,METROPOLITAN NASHVILLE POLICE DEPT,20220303772,Davidson,Nashville,6/20/2022 6:27:00 PM,2,0,0,36.081100,-86.758360,HARDING PL,,,,0.00,Feet,,TROUSDALE DR,,,,0.00,Y,Four-Way, ,Intersection-Related,None,,,         ,David,Harms,Clear,"Sideswipe, Same Direction",no,no,no,no,no,False
103335511,METROPOLITAN NASHVILLE POLICE DEPT,20220303991,Davidson,Nashville,6/20/2022 9:58:00 PM,2,0,0,36.149290,-86.691540,BRILEY PKWYS,,,,400.00,Feet,North,BRILEY PKWYN,,,,0.00,N,Not at Intersection, ,,None,,,         ,Charles,Wakefield,,,no,no,no,no,no,False
103335515,METROPOLITAN NASHVILLE POLICE DEPT,20220303754,Davidson,Nashville,6/20/2022 7:44:00 PM,2,0,0,36.150410,-86.784850,I 40,,,,0.00,,,,,,,209.50,N,Not at Intersection,N,Non-Junction,None,,,         ,Zachary,Triano,Clear,"Sideswipe, Same Direction",no,no,no,no,yes,False
103335524,METROPOLITAN NASHVILLE POLICE DEPT,20220303830,Davidson,Nashville,6/20/2022 8:40:00 PM,1,1,0,36.240600,-86.751050,I65 N ENT RAMP,,,,0.00,Feet,East,I 65,,,,0.00,N,Not at Intersection,N,Non-Junction,None,,,         ,Jacob,Krispin,Clear,Not Collision with Motor Vehicle in Transport,no,no,no,no,no,False
103335525,METROPOLITAN NASHVILLE POLICE DEPT,20220303492,Davidson,Nashville,6/20/2022 4:58:00 PM,2,1,0,36.085490,-86.647940,MURFREESBORO PKE,,,,562.00,Feet,South,UNA ANTIOCH PKE,,,,0.00,N,Not at Intersection,N,Non-Junction,None,,,         ,Rami,Rouhi,Clear,Angle,no,no,no,no,yes,False
103335535,METROPOLITAN NASHVILLE POLICE DEPT,20220303397,Davidson,Nashville,6/20/2022 4:49:00 PM,2,0,0,36.135250,-86.823670,WEST END AV,,,,42.00,Feet,West,I440 WEST END AV ENT RAMP,,,,0.00,N,Not at Intersection, ,Non-Junction,None,,,         ,Mark,Lemieux,Clear,"Sideswipe, Same Direction",no,no,no,no,no,False
103335537,METROPOLITAN NASHVILLE POLICE DEPT,20220303506,Davidson,Nashville,6/20/2022 5:13:00 PM,2,1,0,36.196580,-86.742290,GALLATIN AV,,,,30.00,Feet,South,CAHAL AV,,,,0.00,N,Not at Intersection,N,Non-Junction,None,,,         ,Daniel,Carney,Clear,HeadOn,no,no,no,yes,no,False