master_record_number,agency,agency_tracking_number,county,city,collision_date,vehicles_involved,number_injured,number_dead,latitude,longitude,roadway_name,roadway_suffix,roadway_number,roadway_local_id,distance_from_reference,miles-feet_indicator,direction_from_reference,intersection_road_name,intersection_road_name_suffix,intersection_road_number,intersection_local_id,mile_marker,intersection_indicator,intersect_type,interchange_related_indicator,relation_to_junction,work_zone_type,construction_maintenance_zone,construction_maintenance_zone_location,fatal_case_number,officer_first_name,officer_last_name,weather_condition(s),manner_of_crash,pedestrian,bicycle,scooter,parking,hitrun,mou
103335539,METROPOLITAN NASHVILLE POLICE DEPT,20220304099,Davidson,Nashville,6/20/2022 9:57:00 PM,2,0,0,36.149890,-86.658640,ALLEN RD,,,,0.00,,,COLFAX DR,,,,0.00,Y,Four-Way,Y,Intersection,None,,,         ,Randall,Ward,Clear,Angle,no,no,no,no,yes,False
103335542,METROPOLITAN NASHVILLE POLICE DEPT,2022-0301403,Davidson,Nashville,6/19/2022 12:00:00 AM,1,1,0,36.125080,-86.728090,I440 W ENT RAMP,,,,0.00,Feet,East,I 440,,,,0.00,N,Not at Intersection,N,Non-Junction,None,,,         ,Frank,Walker,,Not Collision with Motor Vehicle in Transport,no,no,no,no,no,False
103335565,METROPOLITAN NASHVILLE POLICE DEPT,20220302017,Davidson,Antioch,6/19/2022 7:48:00 PM,2,0,0,36.035180,-86.611330,OLD HICKORY BLVD,,,,263.00,Feet,South,HOBSON PKE,,,,0.00,N,Not at Intersection,N,Non-Junction,None,,,         ,Michael,Hones,Clear,Front to Rear,no,no,no,no,no,False
103335566,METROPOLITAN NASHVILLE POLICE DEPT,20220303984,Davidson,Nashville,6/20/2022 9:50:00 PM,2,1,0,36.068220,-86.585070,SMITH SPRINGS PKWY,,,,101.00,Feet,South,HOBSON PKE,,,,0.00,N,Not at Intersection,N,Non-Junction,None,,,         ,John,Braun,Clear,HeadOn,no,no,no,no,no,False
103335574,METROPOLITAN NASHVILLE POLICE DEPT,20220303781,Davidson,Not in City Limit,6/20/2022 5:50:00 PM,1,0,0,36.266340,-86.741210,NESBITT LN,,,,133.00,Feet,North,PORT DR,,,,0.00,N,Not at Intersection,Y,Non-Junction,None,,,         ,William,Badger,Clear,Not Collision with Motor Vehicle in Transport,no,no,no,no,no,False
103335583,METROPOLITAN NASHVILLE POLICE DEPT,20220304208,Davidson,Nashville,6/20/2022 11:17:00 PM,2,0,0,36.119330,-86.826670,BOWLING AV,,,,0.00,,,GOLF CLUB LN,,,,0.00,Y,T-Intersection, ,Intersection,None,,,         ,Kyle,Lund,Clear,Front to Rear,no,no,no,no,no,False
103335589,METROPOLITAN NASHVILLE POLICE DEPT,20220304040,Davidson,Nashville,6/20/2022 12:00:00 AM,1,0,0,36.081480,-86.759760,HARDING PL,,,,435.00,Feet,West,TROUSDALE DR,,,,0.00,N,Not at Intersection, ,Non-Junction,None,,,         ,Mitchell,Cook,Cloudy,Not Collision with Motor Vehicle in Transport,no,no,no,no,no,False
103335593,METROPOLITAN NASHVILLE POLICE DEPT,20220304260,Davidson,Nashville,6/21/2022 12:18:00 AM,1,0,0,36.203870,-86.777150,BRICK CHURCH PKE,,,,77.00,Feet,North,ARTIC AV,,,,0.00,N,Not at Intersection,N,Non-Junction,None,,,         ,Matthew,Jorgensen,Clear,Not Collision with Motor Vehicle in Transport,no,no,no,yes,no,False
103335594,METROPOLITAN NASHVILLE POLICE DEPT,20220304176,Davidson,Nashville,6/20/2022 11:23:00 PM,3,1,0,36.239400,-86.753480,I65 N EXT RAMP,,,,0.00,Feet,East,I 65,,,,0.00,N,Not at Intersection,N,Non-Junction,None,,,         ,Kristopher,Sutton,Clear,"Sideswipe, Same Direction",no,no,no,no,yes,False
103335602,METROPOLITAN NASHVILLE POLICE DEPT,20220304300,Davidson,Nashville,6/21/2022 12:50:00 AM,2,1,0,36.144400,-86.739060,I 40,,,,0.00,,,,,,,212.35,N,Not at Intersection,N,Non-Junction,None,,,         ,Dylan,Colquhoun,Clear,Angle,no,no,no,no,yes,False
103335620,METROPOLITAN NASHVILLE POLICE DEPT,20220304373,Davidson,Nashville,6/21/2022 2:17:00 AM,1,1,0,36.014220,-86.620520,I 24,,,,0.00,,,,,,,62.55,N,Not at Intersection,N,Entrance/Exit Ramp Related,None,,,         ,William,Williams,Clear,Not Collision with Motor Vehicle in Transport,no,no,no,no,no,False
103335648,METROPOLITAN NASHVILLE POLICE DEPT,20220304073,Davidson,Nashville,6/20/2022 10:00:00 PM,1,0,0,36.127230,-86.908140,CHARLOTTE PKE,,,,431.00,Feet,North,LILLY VALLEY WAY,,,,0.00,N,Not at Intersection, ,Non-Junction,Work Zone,,,         ,Nicholaus,George,Clear,Not Collision with Motor Vehicle in Transport,no,no,no,no,no,False
103335689,METROPOLITAN NASHVILLE POLICE DEPT,20220300914,Davidson,Nashville,6/18/2022 11:16:00 PM,1,0,0,36.133860,-86.855530,NASHVILLE STATE,,,,0.00,,West,,,,,123.40,N,Not at Intersection, ,Non-Junction,None,,,         ,Fady,Aziz,Clear,Not Collision with Motor Vehicle in Transport,no,no,no,no,no,False
103335698,METROPOLITAN NASHVILLE POLICE DEPT,20220303295,Davidson,Nashville,6/18/2022 2:15:00 AM,2,0,0,36.170820,-86.601550,OLD HICKORY BLVD,,,,0.00,,,I40 W EXT RAMP,,,,0.00,Y,OTHER, ,Non-Junction,None,,,         ,Keith,Covert,Clear,Front to Rear,no,no,no,no,yes,False
103335703,METROPOLITAN NASHVILLE POLICE DEPT,20220304113,Davidson,Nashville,6/20/2022 10:38:00 PM,2,0,0,36.161640,-86.819240,28TH AVN,,,,0.00,Feet,,HERMAN ST,,,,0.00,Y,T-Intersection,N,Intersection,None,,,         ,Pamela,Caulder,Cloudy,Front to Rear,no,no,no,no,yes,False
103335709,METROPOLITAN NASHVILLE POLICE DEPT,20220303234,Davidson,Nashville,6/20/2022 1:50:00 PM,2,2,0,36.176870,-86.793850,ROSA L PARKS BLVD,,,,0.00,,,TAYLOR ST,,,,0.00,Y,OTHER,N,Non-Junction,None,,,         ,Jean,McCormack,Clear,Front to Rear,no,no,no,no,no,False
103335722,METROPOLITAN NASHVILLE POLICE DEPT,20220304639,Davidson,Nashville,6/21/2022 7:26:00 AM,2,0,0,36.120520,-86.750020,NOLENSVILLE PKE,,,,2.00,Feet,South,I440 E ENT RAMP,,,,0.00,N,Not at Intersection, ,,None,,,         ,John,Walden,,,no,no,no,no,no,False
103335727,METROPOLITAN NASHVILLE POLICE DEPT,20220304598,Davidson,Nashville,6/21/2022 6:57:00 AM,2,3,0,36.052290,-86.682620,BENZING RD,,,,26.00,Feet,North,TUSCULUM RD,,,,0.00,N,Not at Intersection,N,Non-Junction,None,,,         ,Ryan,Thomas,Clear,HeadOn,no,no,no,no,no,False
103335728,METROPOLITAN NASHVILLE POLICE DEPT,2022-0304599,Davidson,Nashville,6/21/2022 6:35:00 AM,2,0,0,36.157930,-86.791610,14TH AVN,,,,0.00,,,CHURCH ST,,,,0.00,Y,T-Intersection, ,Intersection,None,,,         ,Po,Cheng,Clear,Angle,no,no,no,no,no,False
103335740,METROPOLITAN NASHVILLE POLICE DEPT,20220304690,Davidson,Nashville,6/21/2022 8:00:00 AM,2,1,0,36.226240,-86.773560,I65 N ENT RAMP,,,,0.00,Feet,East,I 65,,,,0.00,N,Not at Intersection,N,Non-Junction,None,,,         ,Jason,Milyaro Lucas,Clear,"Sideswipe, Same Direction",no,no,no,no,yes,False
103335745,METROPOLITAN NASHVILLE POLICE DEPT,20220304771,Davidson,Nashville,6/21/2022 8:42:00 AM,2,0,0,36.187990,-86.821560,ED TEMPLE BLVD,,,,0.00,,,ROSA L PARKS BLVD,,,,0.00,Y,Four-Way, ,Non-Junction,None,,,         ,James,Wray,Clear,"Sideswipe, Same Direction",no,no,no,no,no,False
103335754,METROPOLITAN NASHVILLE POLICE DEPT,20220304739,Davidson,Nashville,6/21/2022 8:21:00 AM,2,0,0,36.162020,-86.760970,I 24,,,,0.00,,,,,,,49.30,N,Not at Intersection,N,Non-Junction,None,,,         ,Joseph,Santana,Clear,Front to Rear,no,no,no,no,no,False
103335777,BERRY HILL POLICE DEPT,22-1659,Davidson,Nashville,6/20/2022 1:32:00 PM,1,0,0,36.119740,-86.779080,VAULX LN,,,,135.00,Feet,North,CLAYTON AV,,,,0.00,N,Not at Intersection, ,Non-Junction,None,,,         ,Ronnie,Hill,Clear,Not Collision with Motor Vehicle in Transport,no,no,no,no,no,False
103335779,METROPOLITAN NASHVILLE POLICE DEPT,20220304571,Davidson,Nashville,6/21/2022 6:28:00 AM,2,1,0,36.111360,-86.745440,NOLENSVILLE PKE,,,,168.00,Feet,North,THOMPSON LN,,,,0.00,N,Not at Intersection,N,Non-Junction,None,,,         ,Luis,Pena,Clear,Front to Rear,no,no,no,no,no,False
103335781,METROPOLITAN NASHVILLE POLICE DEPT,20220304935,Davidson,Nashville,6/21/2022 10:19:00 AM,1,1,0,36.031150,-86.672940,BLUE HOLE RD,,,,872.00,Feet,South,OAK CHASE DR,,,,0.00,N,Not at Intersection,N,Non-Junction,None,,,         ,Brian,Penny,Clear,Not Collision with Motor Vehicle in Transport,no,no,no,no,no,False
103335793,METROPOLITAN NASHVILLE POLICE DEPT,20220304636,Davidson,Not in City Limit,6/21/2022 7:29:00 AM,2,1,0,36.258220,-86.713620,GALLATIN PKES,,,,80.00,Feet,South,HARRIS ST,,,,0.00,N,Not at Intersection,N,Non-Junction,None,,,         ,Brian,Otto,Clear,Front to Rear,no,no,no,no,no,False
103335805,METROPOLITAN NASHVILLE POLICE DEPT,20220305024,Davidson,Nashville,6/21/2022 8:07:00 AM,2,0,0,36.110670,-86.741280,STATE HWY 155,,,,178.00,Feet,West,SIMMONS AVE,,,,0.00,N,Not at Intersection, ,Non-Junction,None,,,         ,Joe,Hooper,Clear,Front to Rear,no,no,no,no,no,False
103335811,METROPOLITAN NASHVILLE POLICE DEPT,20220305037,Davidson,Nashville,6/21/2022 11:06:00 AM,2,2,0,36.119620,-86.753560,MELROSE AV,,,,0.00,Feet,,CRUZEN ST,,,,0.00,Y,Four-Way,N,Intersection-Related,None,,,         ,Sekou,Samassi,Clear,Angle,no,no,no,no,no,False
103335814,METROPOLITAN NASHVILLE POLICE DEPT,20220305085,Davidson,Nashville,6/21/2022 9:53:00 AM,2,0,0,36.038780,-86.782980,OLD HICKORY BLVD,,,,142.00,Feet,West,I65 S EXT RAMP,,,,0.00,N,Not at Intersection, ,Non-Junction,None,,,         ,Brent,Bauer,Clear,Front to Rear,no,no,no,no,no,False
103335892,METROPOLITAN NASHVILLE POLICE DEPT,2022-0305099,Davidson,Nashville,6/21/2022 11:30:00 AM,2,0,0,36.137770,-86.820640,I440 W EXT RAMP,,,,0.00,,,I 440,,,,0.00,Y,OTHER, ,Entrance/Exit Ramp Related,None,,,         ,Po,Cheng,Clear,Angle,no,no,no,no,no,False
103335963,METROPOLITAN NASHVILLE POLICE DEPT,20220305203,Davidson,Not in City Limit,6/21/2022 1:10:00 PM,1,0,0,35.990220,-86.639050,BURKITT RD,,,,0.72,Miles,West,BATTLE RD,,,,0.00,N,Not at Intersection,N,Non-Junction,None,,,         ,Joe,Hooper,Clear,Not Collision with Motor Vehicle in Transport,no,no,no,no,no,False
103335965,METROPOLITAN NASHVILLE POLICE DEPT,20220305210,Davidson,Nashville,6/21/2022 12:25:00 PM,2,0,0,36.173560,-86.770220,I 24,,,,0.00,,,,,,,48.15,N,Not at Intersection,N,Non-Junction,None,,,         ,Joseph,Santana,Clear,"Sideswipe, Same Direction",no,no,no,no,yes,False
103335977,METROPOLITAN NASHVILLE POLICE DEPT,20220305239,Davidson,Nashville,6/21/2022 1:14:00 PM,2,0,0,36.107110,-86.813090,HILLSBORO PKE,,,,281.00,Feet,South,GREEN HILLS VILLAGE DR,,,,0.00,N,Not at Intersection,N,Non-Junction,None,,,         ,Sekou,Samassi,Clear,Angle,no,no,no,no,no,False
103335978,METROPOLITAN NASHVILLE POLICE DEPT,20220302813,Davidson,Nashville,6/20/2022 7:45:00 AM,4,3,0,36.121845,-86.754650,,,I440,,100.00,Feet,East,,,,,6.00,N,Not at Intersection,N,Non-Junction,None,,,         ,Donald,Davidson,Clear,Front to Rear,no,no,no,no,no,False
103335991,METROPOLITAN NASHVILLE POLICE DEPT,20220305228,Davidson,Nashville,6/21/2022 12:00:00 AM,2,0,0,36.188530,-86.793260,I 65,,,,0.00,,,,,,,85.50,N,Not at Intersection,N,Non-Junction,None,,,         ,James,Thornton,Clear,"Sideswipe, Same Direction",no,no,no,no,yes,False
103335999,METROPOLITAN NASHVILLE POLICE DEPT,20220305281,Davidson,Nashville,6/21/2022 1:50:00 PM,2,0,0,36.167910,-86.664050,OLD LEBANON PKE,,,,10.00,Feet,North,LEBANON PKE,,,,0.00,N,Not at Intersection, ,Non-Junction,None,,,         ,Larry,Benz,Clear,Angle,no,no,no,no,yes,False
103336017,METROPOLITAN NASHVILLE POLICE DEPT,20220305209,Davidson,Nashville,6/19/2022 1:30:00 PM,2,1,0,36.106190,-86.673070,DONELSON PKE,,,,8.00,Feet,South,MURFREESBORO PKE,,,,0.00,N,Not at Intersection,N,Non-Junction,None,,,         ,Timothy,Ward,Clear,Front to Rear,no,no,no,no,yes,False
103336036,METROPOLITAN NASHVILLE POLICE DEPT,20220303312,Davidson,Nashville,6/20/2022 3:00:00 PM,2,0,0,36.050380,-86.646700,BELL FORGE LNE,,,,143.00,Feet,South,BELL RD,,,,0.00,N,Not at Intersection, ,"Driveway, Alley Access, etc",None,,,         ,Todd,Watson,Clear,Angle,no,no,no,no,no,False
103336046,METROPOLITAN NASHVILLE POLICE DEPT,20220305148,Davidson,Nashville,6/21/2022 12:31:00 PM,2,1,0,36.191120,-86.797200,VANTAGE WAY,,,,0.00,Feet,West,FRENCH LANDING DR,,,,0.00,N,Not at Intersection,N,Non-Junction,None,,,         ,Ryan,Worstall,Clear,Front to Rear,no,no,no,no,no,False
103336071,METROPOLITAN NASHVILLE POLICE DEPT,20220305365,Davidson,Nashville,6/21/2022 2:47:00 PM,2,0,0,36.041670,-86.652440,I 24,,,,0.00,,,,,,,59.85,N,Not at Intersection, ,Non-Junction,None,,,         ,Ryan,Thomas,Clear,Front to Rear,no,no,no,no,no,False
103336113,BELLE MEADE POLICE DEPT,220140,Davidson,Belle Meade,6/21/2022 3:15:00 PM,2,0,0,36.111620,-86.855360,BELLE MEADE BLVD,,,,0.00,,,HONEYWOOD DR,,,,0.00,Y,T-Intersection, ,Intersection,None,,,         ,Michael,Germany,,Angle,no,no,no,no,no,False
103336120,METROPOLITAN NASHVILLE POLICE DEPT,20220305388,Davidson,Nashville,6/21/2022 2:53:00 PM,2,0,0,36.249300,-86.734440,S GRAYCROFT AV,,,,40.00,Feet,North,DUE WEST AVW,,,,0.00,N,Not at Intersection, ,,None,,,         ,Kyle,Eicholtz,,,no,no,no,no,no,False
103336126,METROPOLITAN NASHVILLE POLICE DEPT,20220305341,Davidson,Nashville,6/21/2022 2:32:00 PM,3,1,0,36.042120,-86.653220,I 24,,,,0.00,,,,,,,59.80,N,Not at Intersection,N,Non-Junction,None,,,         ,Charles,Agius,Clear,Front to Rear,no,no,no,no,no,False
103336128,METROPOLITAN NASHVILLE POLICE DEPT,20220305467,Davidson,Antioch,6/21/2022 3:40:00 PM,2,2,0,36.073200,-86.616130,ANDERSON,RD,,,300.00,Feet,East,FIELDSTONE,DR,,,0.00,N,Not at Intersection,N,Non-Junction,None,,,         ,Joe,Hooper,Clear,Angle,no,no,no,no,no,False
103336141,METROPOLITAN NASHVILLE POLICE DEPT,20220305335,Davidson,Nashville,6/21/2022 2:27:00 PM,2,1,0,36.116740,-86.923250,OLD HICKORY BLVD,,,,11.00,Feet,North,CHARLOTTE PKE,,,,0.00,N,Not at Intersection,N,Non-Junction,None,,,         ,Robert,Allen,Clear,Angle,no,no,no,no,no,False
103336147,METROPOLITAN NASHVILLE POLICE DEPT,20220305464,Davidson,Nashville,6/21/2022 1:37:00 PM,2,1,0,36.106210,-86.673060,MURFREESBORO PKE,,,,0.00,,,DONELSON PKE,,,,0.00,Y,Four-Way,N,Intersection,None,,,         ,Rami,Rouhi,Clear,Front to Rear,no,no,no,no,yes,False
103336155,METROPOLITAN NASHVILLE POLICE DEPT,20220305375,Davidson,Not in City Limit,6/21/2022 2:50:00 PM,1,0,0,36.039690,-86.962740,HIGHWAY 100,,,,307.00,Feet,South,STONEMEADE DR,,,,0.00,N,Not at Intersection,N,Non-Junction,None,,,         ,Jean,McCormack,Clear,Not Collision with Motor Vehicle in Transport,no,no,no,no,no,False
103336160,METROPOLITAN NASHVILLE POLICE DEPT,20220305482,Davidson,Nashville,6/21/2022 3:50:00 PM,2,0,0,36.077360,-86.694850,I 24,,,,0.00,,,,,,,56.40,N,Not at Intersection, ,,None,,,         ,John,Braun,,,no,no,no,no,no,False
103336168,METROPOLITAN NASHVILLE POLICE DEPT,20220305554,Davidson,Nashville,6/21/2022 4:42:00 PM,1,1,0,36.209350,-86.843180,W HAMILTON RD,,,,330.00,Feet,East,SOUTHVIEW DR,,,,0.00,N,Not at Intersection,N,Non-Junction,None,,,         ,Alec,Pellissier,Clear,Not Collision with Motor Vehicle in Transport,no,no,no,no,no,False
103336175,METROPOLITAN NASHVILLE POLICE DEPT,20220305510,Davidson,Nashville,6/21/2022 4:09:00 PM,2,2,0,36.128800,-86.841580,HARDING PKE,,,,576.00,Feet,West,BRIXWORTH LN,,,,0.00,N,Not at Intersection,N,Non-Junction,None,,,         ,Brandon,Pedigo,Clear,Front to Rear,no,no,no,no,yes,False
103336195,METROPOLITAN NASHVILLE POLICE DEPT,20220305532,Davidson,Nashville,6/21/2022 4:20:00 PM,3,2,0,36.110340,-86.719590,BRILEY PKWYS,,,,0.00,,,BRILEY PKWY S ENT RAMP,,,,0.00,Y,T-Intersection,N,Intersection,None,,,         ,Dalton,Crum,Clear,Front to Rear,no,no,no,no,no,False
103336196,METROPOLITAN NASHVILLE POLICE DEPT,20220305621,Davidson,Nashville,6/21/2022 3:59:00 PM,2,0,0,36.123070,-86.751200,NOLENSVILLE PKE,,,,82.00,Feet,South,I440 W ENT RAMP,,,,0.00,N,Not at Intersection, ,Non-Junction,None,,,         ,Austin,Binner,Clear,Front to Rear,no,no,no,no,no,False
103336203,METROPOLITAN NASHVILLE POLICE DEPT,20220305502,Davidson,Nashville,6/21/2022 4:04:00 PM,2,1,0,36.112850,-86.773130,I65 S ENT RAMP,,,,0.00,Feet,East,I 65,,,,0.00,N,Not at Intersection,N,Non-Junction,None,,,         ,Dakota,Davis,Clear,Front to Rear,no,no,no,no,yes,False
103336206,METROPOLITAN NASHVILLE POLICE DEPT,20220305461,Davidson,Nashville,6/21/2022 3:35:00 PM,2,0,0,36.157720,-86.759850,I 24,,,,0.00,,,,,,,49.80,N,Not at Intersection, ,Non-Junction,None,,,         ,Kelsey,Hemminger,Clear,Front to Rear,no,no,no,no,no,False
103336207,METROPOLITAN NASHVILLE POLICE DEPT,20220305689,Davidson,Nashville,6/21/2022 5:40:00 PM,2,0,0,36.186070,-86.796550,I 65,,,,0.00,,,,,,,85.30,N,Not at Intersection,N,Non-Junction,None,,,         ,Jackson,Sanders,Clear,"Sideswipe, Same Direction",no,no,no,no,yes,False
103336209,METROPOLITAN NASHVILLE POLICE DEPT,20220305583,Davidson,Nashville,6/21/2022 4:51:00 PM,2,0,0,36.126390,-86.903540,I 40,,,,0.00,,,,,,,200.65,N,Not at Intersection,N,Non-Junction,None,,,         ,Jeremy,Huffine,Clear,Angle,no,no,no,no,yes,False
103336210,METROPOLITAN NASHVILLE POLICE DEPT,20220304460,Davidson,Nashville,6/21/2022 4:50:00 AM,2,0,0,36.076900,-86.725990,EDMONDSON PIKE,,,,0.00,,,RAMP,,,,0.00,Y,Four-Way, ,Non-Junction,None,,,         ,Lemandries,Hawes,Clear,Angle,no,no,no,no,no,False
103336216,METROPOLITAN NASHVILLE POLICE DEPT,20220305687,Davidson,Nashville,6/21/2022 4:45:00 PM,2,0,0,36.111110,-86.748050,THOMPSON LN,,,,246.00,Feet,East,LANDERS AV,,,,0.00,N,Not at Intersection,N,Non-Junction,None,,,         ,Samantha,Held,Clear,Front to Rear,no,no,no,no,yes,False
103336221,METROPOLITAN NASHVILLE POLICE DEPT,20220305701,Davidson,Nashville,6/21/2022 6:22:00 PM,2,2,0,36.134740,-86.784080,WEDGEWOOD AV,,,,0.00,,,HILLSIDE AV,,,,0.00,Y,T-Intersection,Y,Intersection,None,,,         ,Samuel,Sundra,Clear,Front to Rear,no,no,no,no,no,False
103336232,METROPOLITAN NASHVILLE POLICE DEPT,20220305514,Davidson,Not in City Limit,6/21/2022 4:02:00 PM,2,0,0,36.259890,-86.713050,GALLATIN PKES,,,,0.00,,,WOODRUFF ST,,,,0.00,Y,T-Intersection,N,Intersection-Related,None,,,         ,Derek,Sibley,Clear,Angle,no,no,no,no,no,False
103336237,METROPOLITAN NASHVILLE POLICE DEPT,20220305635,Davidson,Nashville,6/21/2022 5:35:00 PM,3,2,0,36.226980,-86.696220,BRILEY PKWYN,,,,1073.00,Feet,North,MUSIC VALLEY DR,,,,0.00,N,Not at Intersection,N,Non-Junction,None,,,         ,Evan,Grace,Clear,Angle,no,no,no,no,yes,False
103336245,METROPOLITAN NASHVILLE POLICE DEPT,20220305628,Davidson,Nashville,6/21/2022 5:30:00 PM,1,1,0,36.173190,-86.740420,FATHERLAND ST,,,,168.00,Feet,West,S 17TH ST,,,,0.00,N,Not at Intersection,N,Non-Junction,None,,,         ,Kelsey,Hemminger,Clear,Not Collision with Motor Vehicle in Transport,no,no,no,no,no,False
103336249,METROPOLITAN NASHVILLE POLICE DEPT,20220305692,Davidson,Nashville,6/21/2022 12:00:00 AM,2,0,0,36.153270,-86.769560,2ND AVS,,,,0.00,,,ASH ST,,,,0.00,Y,T-Intersection,Y,Intersection,None,,,         ,Trevor,Taylor,Clear,"Sideswipe, Same Direction",no,no,no,no,no,False
103336252,GOODLETTSVILLE POLICE DEPT,22-18943,Davidson,Goodlettsville,6/21/2022 5:28:00 PM,2,1,0,36.311320,-86.683690,STATE HWY 386,,,,80.00,Feet,West,EXIT 1,,,,0.00,N,Not at Intersection,N,Non-Junction,None,,,         ,Austin,Herendeen,Clear,Front to Rear,no,no,no,no,no,False
103336271,METROPOLITAN NASHVILLE POLICE DEPT,20220305750,Davidson,Nashville,6/21/2022 7:01:00 PM,1,1,0,36.236380,-86.784820,I24 W EXT RAMP,,,,0.00,,,I 24,,,,0.00,Y,Y-Intersection,N,Entrance/Exit Ramp Related,None,,,         ,Kyle,Eicholtz,Clear,Not Collision with Motor Vehicle in Transport,no,no,no,no,no,False
103336292,METROPOLITAN NASHVILLE POLICE DEPT,20220305874,Davidson,Nashville,6/21/2022 8:06:00 PM,2,0,0,36.155890,-86.848790,51ST AVN,,,,188.00,Feet,North,GEORGIA AV,,,,0.00,N,Not at Intersection, ,Non-Junction,None,,,         ,Jared,Dick,Clear,Angle,no,no,no,no,no,False
103336293,METROPOLITAN NASHVILLE POLICE DEPT,20220305822,Davidson,Nashville,6/21/2022 7:45:00 PM,2,0,0,36.149470,-86.757210,FAIRFIELD AV,,,,2.00,Feet,North,ROBERTSON ST,,,,0.00,N,Not at Intersection, ,Non-Junction,None,,,         ,Reagan,Heath,Clear,Angle,no,no,no,no,no,False
103336297,METROPOLITAN NASHVILLE POLICE DEPT,20220305777,Davidson,Nashville,6/21/2022 6:25:00 PM,2,0,0,36.095820,-86.737480,WHEELER AV,,,,0.00,Feet,,NOLENSVILLE PKE,,,,0.00,Y,T-Intersection,N,Intersection,None,,,         ,Samantha,Held,Clear,Angle,no,no,no,no,no,False
103336315,METROPOLITAN NASHVILLE POLICE DEPT,20220305767,Davidson,Not in City Limit,6/21/2022 5:26:00 PM,2,0,0,36.058410,-86.945180,OLD HARDING PKE,,,,345.00,Feet,South,HARPETH RIV MORTON MILL GRNWY,,,,0.00,N,Not at Intersection, ,Non-Junction,None,,,         ,Jeremy,Huffine,Clear,Angle,no,no,no,no,no,False
103336326,METROPOLITAN NASHVILLE POLICE DEPT,20220305813,Davidson,Nashville,6/21/2022 7:40:00 PM,1,0,0,36.190480,-86.819470,ROSA L PARKS BLVD,,,,744.00,Feet,West,26TH AVN,,,,0.00,N,Not at Intersection, ,Non-Junction,None,,,         ,Sandra,Fly,Clear,Not Collision with Motor Vehicle in Transport,no,no,no,no,no,False
103336346,METROPOLITAN NASHVILLE POLICE DEPT,20220305872,Davidson,Nashville,6/21/2022 12:00:00 AM,2,0,0,36.161410,-86.777950,4TH AVN,,,,0.00,,,,,,,0.00,,, ,"Driveway, Alley Access, etc",None,,,         ,Trevor,Taylor,Clear,Unknown,no,no,no,yes,no,False
103336361,METROPOLITAN NASHVILLE POLICE DEPT,20220305617,Davidson,Nashville,6/21/2022 3:53:00 PM,2,1,0,36.079920,-86.696420,I 24,,,,0.00,,,,,,,56.20,N,Not at Intersection,N,Non-Junction,None,,,         ,Keith,Parlato,Clear,Front to Rear,no,no,no,no,no,False
103336387,METROPOLITAN NASHVILLE POLICE DEPT,20220305730,Davidson,Nashville,6/21/2022 6:43:00 PM,1,1,0,36.048280,-86.713720,NOLENSVILLE PKE,,,,163.00,Feet,South,HICKORYVIEW DR,,,,0.00,,Not at Intersection,N,Non-Junction,None,,,         ,Jacob,Robbins,Clear,Not Collision with Motor Vehicle in Transport,no,no,no,no,no,False
103336390,METROPOLITAN NASHVILLE POLICE DEPT,20220305709,Davidson,Goodlettsville,6/21/2022 6:06:00 PM,2,0,0,36.302300,-86.692490,GALLATIN PKEN,,,,88.00,Feet,East,TWIN HILLS DR,,,,0.00,N,Not at Intersection, ,Non-Junction,None,,,         ,Joshua,Dodge,Clear,"Sideswipe, Same Direction",no,no,no,no,no,False
103336403,METROPOLITAN NASHVILLE POLICE DEPT,20220305804,Davidson,Nashville,6/21/2022 6:40:00 PM,2,0,0,36.194930,-86.776160,I 65,,,,0.00,,,,,,,86.50,N,Not at Intersection,N,Non-Junction,None,,,         ,Craig,Paschetti,Clear,Front to Rear,no,no,no,no,no,False
103336404,METROPOLITAN NASHVILLE POLICE DEPT,20220305974,Davidson,Nashville,6/21/2022 6:50:00 PM,2,0,0,36.206080,-86.771100,W TRINITY LN,,,,0.00,,,LUCAS LN,,,,0.00,Y,T-Intersection, ,Intersection-Related,None,,,         ,Dillon,Hunt,Clear,"Sideswipe, Same Direction",no,no,no,no,no,False
103336414,METROPOLITAN NASHVILLE POLICE DEPT,20220305643,Davidson,Not in City Limit,6/21/2022 5:45:00 PM,2,1,0,36.279550,-86.733610,I 65,,,,0.00,,,,,,,93.30,N,Not at Intersection,N,Non-Junction,None,,,         ,Miles,Posey,Clear,Front to Rear,no,no,no,no,no,False
103336415,METROPOLITAN NASHVILLE POLICE DEPT,20220305761,Davidson,Goodlettsville,6/21/2022 5:41:00 PM,3,0,0,36.301850,-86.693150,GALLATIN PKEN,,,,111.00,Feet,East,THE GALLERY AT RIVERGATE PVTDR,,,,0.00,N,Not at Intersection, ,,None,,,         ,Miles,Posey,,,no,no,no,no,no,False
103336426,METROPOLITAN NASHVILLE POLICE DEPT,20220305754,Davidson,Nashville,6/21/2022 5:54:00 PM,2,0,0,36.107400,-86.719770,I 24,,,,0.00,,,,,,,53.90,N,Not at Intersection,N,Entrance/Exit Ramp Related,None,,,         ,Andrew,Brazee,Clear,"Sideswipe, Same Direction",no,no,no,no,yes,False