master_record_number,agency,agency_tracking_number,county,city,collision_date,vehicles_involved,number_injured,number_dead,latitude,longitude,roadway_name,roadway_suffix,roadway_number,roadway_local_id,distance_from_reference,miles-feet_indicator,direction_from_reference,intersection_road_name,intersection_road_name_suffix,intersection_road_number,intersection_local_id,mile_marker,intersection_indicator,intersect_type,interchange_related_indicator,relation_to_junction,work_zone_type,construction_maintenance_zone,construction_maintenance_zone_location,fatal_case_number,officer_first_name,officer_last_name,weather_condition(s),manner_of_crash,pedestrian,bicycle,scooter,parking,hitrun,mou
103337157,METROPOLITAN NASHVILLE POLICE DEPT,20220307465,Davidson,Nashville,6/22/2022 3:47:00 PM,2,2,0,36.131400,-86.896740,CHARLOTTE PKE,,,,51.00,Feet,East,I40 E EXT RAMP,,,,0.00,N,Not at Intersection,Y,Entrance/Exit Ramp Related,None,,,         ,Steven,Begley,Clear,Front to Rear,no,no,no,no,no,False
103337166,METROPOLITAN NASHVILLE POLICE DEPT,20220307488,Davidson,Nashville,6/22/2022 2:10:00 PM,2,0,0,36.130360,-86.837620,WEST END AV,,,,51.00,Feet,East,CHEROKEE RD,,,,0.00,N,Not at Intersection,N,Non-Junction,None,,,         ,Andrew,McCarron,Clear,Front to Rear,no,no,no,no,yes,False
103337167,METROPOLITAN NASHVILLE POLICE DEPT,20220307580,Davidson,Nashville,6/22/2022 12:00:00 AM,3,0,0,36.134990,-86.723980,MURFREESBORO PKE,,,,132.00,Feet,East,I24 W EXT RAMP,,,,0.00,N,Not at Intersection,N,Non-Junction,None,,,         ,Steven,Bowler,Cloudy,Front to Rear,no,no,no,no,no,False
103337193,METROPOLITAN NASHVILLE POLICE DEPT,20220307563,Davidson,Nashville,6/22/2022 5:15:00 PM,2,1,0,36.249510,-86.643900,OLD HICKORY BLVD,,,,160.00,Feet,South,22ND ST,,,,0.00,N,Not at Intersection,N,Non-Junction,None,,,         ,Kelsey,Hemminger,Clear,Front to Rear,no,no,no,no,no,False
103337212,Nashville Airport Police,2022-02554,Davidson,Nashville,6/22/2022 5:35:00 PM,1,1,0,36.110290,-86.671370,DONELSON PKE,,,,0.00,,,,,,,0.00,,,N,Non-Junction,None,,,         ,Kadi,Smith,Clear,Not Collision with Motor Vehicle in Transport,no,no,no,no,no,False
103337214,METROPOLITAN NASHVILLE POLICE DEPT,20220307702,Davidson,Nashville,6/22/2022 12:00:00 AM,1,0,0,36.242840,-86.718110,LAKEWOOD DR,,,,829.00,Feet,South,INDIAN TRL,,,,0.00,N,Not at Intersection, ,Non-Junction,None,,,         ,Amanda,Topping,Clear,Not Collision with Motor Vehicle in Transport,no,no,no,yes,no,False
103337238,METROPOLITAN NASHVILLE POLICE DEPT,20220307421,Davidson,Nashville,6/22/2022 3:22:00 PM,3,0,0,36.148830,-86.666390,ELM HILL PKE,,,,33.00,Feet,West,DONELSON PKE,,,,0.00,N,Not at Intersection,N,Non-Junction,None,,,         ,Donovan,Coble,,Front to Rear,no,no,no,no,no,False
103337269,METROPOLITAN NASHVILLE POLICE DEPT,20220307680,Davidson,Nashville,6/22/2022 6:59:00 PM,2,1,0,36.153670,-86.801040,20TH AVN,,,,87.00,Feet,South,HUBBS ALY,,,,0.00,N,Not at Intersection,N,Non-Junction,None,,,         ,Dakota,Davis,Clear,Angle,no,no,no,no,no,False
103337279,METROPOLITAN NASHVILLE POLICE DEPT,20220307713,Davidson,Antioch,6/22/2022 7:24:00 PM,2,1,0,36.011180,-86.617150,I 24,,,,0.00,,,,,,,62.80,N,Not at Intersection,N,Non-Junction,None,,,         ,Brandon,Simpkins,Clear,"Sideswipe, Same Direction",no,no,no,no,no,False
103337283,METROPOLITAN NASHVILLE POLICE DEPT,20220299743,Davidson,Nashville,6/18/2022 6:00:00 AM,2,1,0,36.074000,-86.624870,ANDERSON RD,,,,0.00,,,CREEKVIEW DR,,,,0.00,Y,Four-Way,N,Non-Junction,None,,,         ,Phillip,Lovell,Clear,Angle,no,no,no,no,no,False
103337284,METROPOLITAN NASHVILLE POLICE DEPT,20220307832,Davidson,Nashville,6/22/2022 8:52:00 PM,2,0,0,36.159840,-86.779910,BROADWAY,,,,0.00,Feet,,6TH AVS,,,,0.00,Y,Four-Way, ,Intersection,None,,,         ,Michael,Foster,Clear,"Sideswipe, Same Direction",no,no,no,no,no,False
103337286,METROPOLITAN NASHVILLE POLICE DEPT,20220307780,Davidson,Nashville,6/22/2022 12:00:00 AM,2,0,0,36.151800,-86.771250,LAFAYETTE ST,,,,0.00,,,4TH AVS,,,,0.00,Y,Four-Way, ,Intersection,None,,,         ,Trevor,Taylor,Clear,Angle,no,no,no,no,no,False
103337288,METROPOLITAN NASHVILLE POLICE DEPT,20220307651,Davidson,Nashville,6/22/2022 6:30:00 PM,2,1,0,36.232290,-86.624730,SHUTE LN,,,,0.00,,,OLD HICKORY BLVD,,,,0.00,Y,T-Intersection,N,Intersection,None,,,         ,Dontaveous,Eubanks,Clear,Angle,no,no,no,no,no,False
103337289,METROPOLITAN NASHVILLE POLICE DEPT,20220299392,Davidson,Nashville,6/17/2022 11:00:00 PM,1,0,0,36.126280,-86.727830,I 24,,,,0.00,,,,,,,52.45,N,Not at Intersection,N,Non-Junction,None,,,         ,Phillip,Lovell,Clear,Not Collision with Motor Vehicle in Transport,no,no,no,no,no,False
103337291,METROPOLITAN NASHVILLE POLICE DEPT,20220307853,Davidson,Nashville,6/22/2022 9:00:00 PM,2,0,0,36.148990,-86.774340,I 40,,,,0.00,,,,,,,210.10,N,Not at Intersection,N,Non-Junction,None,,,         ,Michael,Hodges,Clear,"Sideswipe, Same Direction",no,no,no,no,yes,False
103337297,METROPOLITAN NASHVILLE POLICE DEPT,20220307890,Davidson,Nashville,6/22/2022 9:30:00 PM,1,4,0,36.153230,-86.691080,BRILEY PKWYN,,,,209.00,Feet,North,BRILEY PKWY N ENT RAMP,,,,0.00,N,Not at Intersection,N,Non-Junction,None,,,         ,Jacob,Snyder,,Not Collision with Motor Vehicle in Transport,no,no,no,no,no,False
103337318,METROPOLITAN NASHVILLE POLICE DEPT,20220307870,Davidson,Nashville,6/22/2022 9:20:00 PM,2,0,0,36.079490,-86.644600,MURFREESBORO PKE,,,,0.00,,,EDGE O LAKE DR,,,,0.00,Y,Four-Way,N,Intersection-Related,None,,,         ,Samuel,Fredericks,,Front to Rear,no,no,no,no,yes,False
103337335,METROPOLITAN NASHVILLE POLICE DEPT,20220307826,Davidson,Nashville,6/22/2022 8:35:00 PM,2,0,0,36.206620,-86.777900,W TRINITY LN,,,,0.00,,,BRICK CHURCH PKE,,,,0.00,Y,Four-Way,Y,Intersection,None,,,         ,Craig,Paschetti,Clear,Angle,no,no,no,no,yes,False
103337343,METROPOLITAN NASHVILLE POLICE DEPT,20220307752,Davidson,Not in City Limit,6/22/2022 6:10:00 PM,2,0,0,36.264210,-86.735230,OLD HICKORY BLVDW,,,,12.00,Feet,West,BOYDS HILLTOP DR,,,,0.00,N,Not at Intersection,Y,Entrance/Exit Ramp Related,None,,,         ,William,Badger,Clear,Front to Rear,no,no,no,no,yes,False
103337348,METROPOLITAN NASHVILLE POLICE DEPT,20220307993,Davidson,Nashville,6/22/2022 10:18:00 PM,3,0,0,36.150120,-86.858080,CHARLOTTE PKE,,,,0.00,,,WHITE BRIDGE PKE,,,,0.00,Y,Four-Way,Y,Intersection-Related,None,,,         ,Justin,McCormick,Clear,Angle,no,no,no,no,no,False
103337351,METROPOLITAN NASHVILLE POLICE DEPT,20220308078,Davidson,Old Hickory,6/22/2022 10:46:00 PM,2,0,0,36.257740,-86.657040,MARTINGALE DR,,,,83.00,Feet,South,ROBINSON RD,,,,0.00,N,Not at Intersection, ,,None,,,         ,Zachary,Aldrich,,,no,no,no,no,no,False
103337352,METROPOLITAN NASHVILLE POLICE DEPT,20220307734,Davidson,Madison,6/22/2022 7:42:00 PM,1,1,0,36.263670,-86.704480,STATE RT 45,,,,0.00,Feet,,DELAWARE AV,,,,0.00,Y,Four-Way,N,Intersection,None,,,         ,DuJuan,Kendrick,Clear,Not Collision with Motor Vehicle in Transport,yes,no,no,no,no,False
103337353,METROPOLITAN NASHVILLE POLICE DEPT,20220307783,Davidson,Goodlettsville,6/22/2022 8:19:00 PM,1,1,0,36.285950,-86.705790,GALLATIN PKEN,,,,0.00,Feet,,SHAKESPEARE AV,,,,0.00,Y,T-Intersection,N,Intersection-Related,None,,,         ,DuJuan,Kendrick,Clear,Not Collision with Motor Vehicle in Transport,no,no,no,no,no,False
103337354,METROPOLITAN NASHVILLE POLICE DEPT,20220307949,Davidson,Nashville,6/22/2022 8:40:00 PM,3,0,0,36.139350,-86.819100,ORLEANS DR,,,,0.00,Feet,North,WEST END AV,,,,0.00,N,Not at Intersection,N,Non-Junction,None,,,         ,Jeremy,Crisp,Clear,Front to Rear,no,no,no,no,no,False
103337355,METROPOLITAN NASHVILLE POLICE DEPT,20220308102,Davidson,Nashville,6/22/2022 11:00:00 PM,2,0,0,36.083300,-86.698450,I 24,,,,0.00,,,,,,,55.95,N,Not at Intersection,N,Non-Junction,None,,,         ,Taylor,Blackwelder,Clear,"Sideswipe, Same Direction",no,no,no,no,no,False
103337368,METROPOLITAN NASHVILLE POLICE DEPT,20220308281,Davidson,Nashville,6/23/2022 1:00:00 AM,2,1,0,36.237690,-86.757860,DICKERSON PKE,,,,48.00,Feet,North,I65 N EXT RAMP,,,,0.00,N,Not at Intersection,N,Non-Junction,None,,,         ,Matthew,Jankiewicz,Clear,Angle,no,no,no,no,no,False
103337399,METROPOLITAN NASHVILLE POLICE DEPT,20220308299,Davidson,Not in City Limit,6/23/2022 1:15:00 AM,1,1,0,36.288120,-86.888500,EATONS CREEK RD,,,,548.00,Feet,East,HAPPY HOLLOW LN,,,,0.00,N,Not at Intersection,N,Non-Junction,None,,,         ,David,Crisman,Clear,Not Collision with Motor Vehicle in Transport,no,no,no,no,no,False
103337415,METROPOLITAN NASHVILLE POLICE DEPT,20220308389,Davidson,Nashville,6/23/2022 3:07:00 AM,2,0,0,36.181500,-86.641980,LEBANON PKE,,,,164.00,Feet,West,JACKSON DOWNS BLVD,,,,0.00,N,Not at Intersection,N,Non-Junction,None,,,         ,Jacob,Snyder,,Angle,no,no,no,no,yes,False
103337426,METROPOLITAN NASHVILLE POLICE DEPT,20220308387,Davidson,Hermitage,6/23/2022 3:00:00 AM,3,0,0,36.206020,-86.585030,LEESA ANN LN,,,,0.00,,,,,,,0.00,,,N,Non-Junction,None,,,         ,Nelson,Hemingway,,Angle,no,no,no,yes,no,False
103337453,METROPOLITAN NASHVILLE POLICE DEPT,20220308468,Davidson,Nashville,6/23/2022 5:43:00 AM,2,1,0,36.155650,-86.789720,BROADWAY,,,,0.00,,,I40 E EXT RAMP,,,,0.00,Y,Four-Way,Y,Intersection,None,,,         ,Dallas,Johnson,Clear,Front to Rear,no,no,no,no,no,False
103337486,METROPOLITAN NASHVILLE POLICE DEPT,20220308466,Davidson,Nashville,6/23/2022 12:00:00 AM,1,0,0,36.115780,-86.773220,I 65,,,,0.00,,,,,,,80.20,N,Not at Intersection,N,Non-Junction,None,,,         ,Jeremy,Crisp,Clear,Unknown,no,no,no,no,yes,False
103337505,METROPOLITAN NASHVILLE POLICE DEPT,20220308465,Davidson,Nashville,6/23/2022 5:33:00 AM,2,1,0,36.151540,-86.768360,I 40,,,,0.00,,,,,,,210.50,N,Not at Intersection,N,Non-Junction,None,,,         ,Timothy,Lehnert,Clear,Angle,no,no,no,no,no,False
103337534,METROPOLITAN NASHVILLE POLICE DEPT,20220308603,Davidson,Nashville,6/23/2022 8:00:00 AM,2,0,0,36.195590,-86.752640,ELLINGTON PKWYS,,,,109.00,Feet,North,ELLINGTON PKWYN,,,,0.00,N,Not at Intersection, ,,None,,,         ,Joseph,Santana,,,no,no,no,no,no,False
103337554,METROPOLITAN NASHVILLE POLICE DEPT,20220308658,Davidson,Nashville,6/23/2022 8:52:00 AM,1,0,0,36.208730,-86.862560,ASHLAND CITY HWY,,,,5.00,Feet,East,EATONS CREEK RD,,,,0.00,N,Not at Intersection,N,Non-Junction,None,,,         ,D’Mitri,Mackall,Clear,Not Collision with Motor Vehicle in Transport,no,no,no,no,yes,False
103337555,METROPOLITAN NASHVILLE POLICE DEPT,20220308674,Davidson,Nashville,6/23/2022 8:40:00 AM,2,0,0,36.161580,-86.783890,ROSA L PARKS BLVD,,,,0.00,,,ROSA L PARKS AV,,,,0.00,Y,Four-Way, ,Intersection-Related,None,,,         ,Daniel,Russett,Clear,"Sideswipe, Same Direction",no,no,no,no,no,False
103337556,METROPOLITAN NASHVILLE POLICE DEPT,20220308672,Davidson,Nashville,6/23/2022 8:35:00 AM,2,1,0,36.045320,-86.701920,OLD HICKORY BLVD,,,,72.00,Feet,West,BENZING RD,,,,0.00,N,Not at Intersection,N,Non-Junction,None,,,         ,Michael,Foster,Clear,Front to Rear,no,no,no,no,no,False
103337560,VANDERBILT UNIVERSITY POLICE,2022-0308693,Davidson,Nashville,6/23/2022 9:02:00 AM,2,0,0,36.140160,-86.801150,MEDICAL CENTER DR,,,,0.00,,,,,,,0.00,,, ,Non-Junction,None,,,         ,Donald,McCormick,Clear,Front to Rear,no,no,no,yes,no,Campus
103337578,METROPOLITAN NASHVILLE POLICE DEPT,2022-0308662,Davidson,Nashville,6/23/2022 7:16:00 AM,2,0,0,36.142410,-86.709950,I 40,,,,0.00,,,,,,,214.20,N,Not at Intersection, ,Non-Junction,None,,,         ,Calvin,Graham,Clear,"Sideswipe, Same Direction",no,no,no,no,no,False
103337588,METROPOLITAN NASHVILLE POLICE DEPT,20220308739,Davidson,Nashville,6/23/2022 12:00:00 AM,2,0,0,36.163700,-86.812650,MORENA ST,,,,234.00,Feet,West,24TH AVN,,,,0.00,N,Not at Intersection,N,Non-Junction,None,,,         ,D’Mitri,Mackall,Clear,Front to Rear,no,no,no,no,yes,False
103337590,METROPOLITAN NASHVILLE POLICE DEPT,20220308706,Davidson,Nashville,6/23/2022 12:00:00 AM,1,1,0,36.176680,-86.771610,SPRING ST,,,,0.00,,,I24 W ENT RAMP,,,,0.00,Y,OTHER,N,Non-Junction,None,,,         ,Joseph,Santana,Clear,Not Collision with Motor Vehicle in Transport,yes,no,no,no,yes,False
103337593,METROPOLITAN NASHVILLE POLICE DEPT,20220308702,Davidson,Nashville,6/23/2022 9:45:00 AM,2,0,0,36.188310,-86.775380,I 24,,,,0.00,,,,,,,47.00,N,Not at Intersection,N,Entrance/Exit Ramp Related,None,,,         ,Ian,Wilson,Clear,"Sideswipe, Same Direction",no,no,no,no,no,False
103337595,METROPOLITAN NASHVILLE POLICE DEPT,20220308667,Davidson,Nashville,6/23/2022 9:00:00 AM,2,0,0,36.143930,-86.793040,16TH AVS,,,,183.00,Feet,South,TREMONT ST,,,,0.00,N,Not at Intersection, ,"Driveway, Alley Access, etc",None,,,         ,Lee,Davis,Clear,"Sideswipe, Same Direction",no,no,no,no,no,False
103337604,METROPOLITAN NASHVILLE POLICE DEPT,20220308710,Davidson,Nashville,6/23/2022 9:56:00 AM,2,1,0,36.109630,-86.744520,NOLENSVILLE PKE,,,,52.00,Feet,South,COLLIER AV,,,,0.00,N,Not at Intersection,N,Non-Junction,None,,,         ,Brent,Bauer,Clear,Angle,no,no,no,no,no,False
103337623,METROPOLITAN NASHVILLE POLICE DEPT,20220308756,Davidson,Nashville,6/23/2022 10:20:00 AM,2,0,0,36.119430,-86.808860,HILLSBORO PKE,,,,65.00,Feet,South,STOKES LN,,,,0.00,N,Not at Intersection,N,Non-Junction,None,,,         ,Jennifer,Liquori,Clear,Angle,no,no,no,no,no,False
103337624,METROPOLITAN NASHVILLE POLICE DEPT,20220308719,Davidson,Nashville,6/23/2022 10:04:00 AM,1,0,0,36.115910,-86.830220,WOODMONT BLVD,,,,111.00,Feet,West,RULAND PL,,,,0.00,N,Not at Intersection,N,Non-Junction,None,,,         ,Michael,Pyle,Clear,Not Collision with Motor Vehicle in Transport,no,no,no,no,no,False
103337630,METROPOLITAN NASHVILLE POLICE DEPT,20220308572,Davidson,Nashville,6/23/2022 7:33:00 AM,5,1,0,36.200110,-86.868380,BRILEY PKWYS,,,,2230.00,Feet,South,BRILEY PKWYN,,,,0.00,N,Not at Intersection,N,Non-Junction,None,,,         ,Michael,Richardson,Clear,Front to Rear,no,no,no,no,no,False
103337632,METROPOLITAN NASHVILLE POLICE DEPT,20220308736,Davidson,Nashville,6/23/2022 9:51:00 AM,3,0,0,36.186870,-86.608570,JACKSON PASS,,,,0.00,,,ANDREW JACKSON PKWY,,,,0.00,Y,T-Intersection,N,Intersection,None,,,         ,Ian,Hammond,Clear,Angle,no,no,no,no,no,False
103337648,THP District 3 - Nashville,322049518,Davidson,Not in City Limit,6/21/2022 9:20:00 AM,2,0,0,36.283170,-86.806350,I 24,,,,0.00,,,,,,,39.90,N,Not at Intersection,N,Non-Junction,None,,,         ,Nicholas,Lang,Clear,Front to Rear,no,no,no,no,yes,False
103337656,METROPOLITAN NASHVILLE POLICE DEPT,20220308505,Davidson,Nashville,6/23/2022 6:35:00 AM,2,1,0,36.071880,-86.636190,MURFREESBORO PKE,,,,4.00,Feet,North,BELL RD,,,,0.00,N,Not at Intersection,N,Non-Junction,None,,,         ,Gregory,Scott,Clear,Angle,no,no,no,no,yes,False
103337661,METROPOLITAN NASHVILLE POLICE DEPT,20220308657,Davidson,Nashville,6/23/2022 9:00:00 AM,3,0,0,36.154020,-86.629530,I40 E EXT RAMP,,,,0.00,,,I 40,,,,0.00,Y,OTHER,N,OtherLocation,None,,,         ,Aimee,Ortiz,Clear,"Sideswipe, Same Direction",no,no,no,no,yes,False
103337669,METROPOLITAN NASHVILLE POLICE DEPT,20220308809,Davidson,Madison,6/23/2022 11:45:00 AM,2,0,0,36.263260,-86.738000,I 65,,,,0.00,,,,,,,92.15,N,Not at Intersection, ,Non-Junction,None,,,         ,Brian,Otto,Clear,Angle,no,no,no,no,no,False
103337703,BELLE MEADE POLICE DEPT,22-0141,Davidson,Belle Meade,6/23/2022 11:10:00 AM,2,0,0,36.093100,-86.849210,HARDING PL,,,,0.00,,,LYNNWOOD BLVD,,,,0.00,Y,Four-Way, ,,None,,,         ,Charles,Williams,,,no,no,no,no,no,False
103337720,GOODLETTSVILLE POLICE DEPT,22-19123,Davidson,Goodlettsville,6/23/2022 7:28:00 AM,2,0,0,36.307500,-86.694790,VIETNAM VETERANS BLVDS,,,,11.00,Feet,East,CONFERENCE DR,,,,0.00,N,Not at Intersection,N,Non-Junction,None,,,         ,Daniel,Knalls,Clear,Front to Rear,no,no,no,no,no,False
103337725,THP District 3 - Nashville,322049927,Davidson,Not in City Limit,6/22/2022 7:29:00 PM,1,0,0,36.385510,-86.754990,SPRINGFIELD HWY,,,,412.00,Feet,North,SPRINGFIELD HWY PVTDR,,,,0.00,N,Not at Intersection,N,Non-Junction,None,,,         ,Jennifer,Hicks,Clear,Not Collision with Motor Vehicle in Transport,no,no,no,no,no,False
103337728,METROPOLITAN NASHVILLE POLICE DEPT,20220308909,Davidson,Nashville,6/23/2022 1:06:00 PM,2,0,0,36.041630,-86.747650,OLD HICKORY BLVD,,,,108.00,Feet,East,BRENTWOOD MEADOWS CIR,,,,0.00,N,Not at Intersection, ,Non-Junction,None,,,         ,Jennifer,Liquori,Clear,Angle,no,no,no,no,no,False
103337745,METROPOLITAN NASHVILLE POLICE DEPT,20220308885,Davidson,Nashville,6/23/2022 11:30:00 AM,3,0,0,36.156570,-86.790420,GRUNDY ST,,,,0.00,,,14TH AVN,,,,0.00,Y,T-Intersection, ,Intersection,None,,,         ,Megan,Lamon,Clear,"Sideswipe, Same Direction",no,no,no,no,yes,False
103337746,METROPOLITAN NASHVILLE POLICE DEPT,20220308870,Davidson,Nashville,6/23/2022 12:00:00 AM,2,3,0,36.241970,-86.757060,DICKERSON PKE ENT RAMP,,,,0.00,,,DICKERSON PKE,,,,0.00,Y,Four-Way,N,Entrance/Exit Ramp Related,None,,,         ,Wesley,Mcclelland,Clear,Angle,no,no,no,no,no,False
103337793,METROPOLITAN NASHVILLE POLICE DEPT,20220308918,Davidson,Nashville,6/23/2022 1:20:00 PM,2,0,0,36.243900,-86.756580,DICKERSON PKE,,,,3.00,Feet,North,SKYLINE MEMORIAL CT,,,,0.00,N,Not at Intersection,N,Non-Junction,None,,,         ,Justan,Vance,Clear,Angle,no,no,no,no,yes,False
103337798,METROPOLITAN NASHVILLE POLICE DEPT,2022-0308995,Davidson,Nashville,6/23/2022 1:30:00 PM,2,0,0,36.226300,-86.603050,SAUNDERSVILLE RD,,,,40.00,Feet,East,SHUTE LN,,,,0.00,N,Not at Intersection, ,,None,,,         ,Calvin,Graham,,,no,no,no,no,no,False
103337800,METROPOLITAN NASHVILLE POLICE DEPT,20220308873,Davidson,Nashville,6/23/2022 9:17:00 AM,2,0,0,36.169660,-86.780310,2ND AVE N,,,,0.00,,,,,,,0.00,,,N,Non-Junction,None,,,         ,Eric,Ziegler,Clear,Angle,no,no,no,yes,yes,False
103337801,METROPOLITAN NASHVILLE POLICE DEPT,20220308867,Davidson,Nashville,6/23/2022 12:26:00 PM,2,0,0,36.176440,-86.768200,SPRING ST,,,,187.00,Feet,East,SPRING ST ENT RAMP,,,,0.00,N,Not at Intersection, ,Non-Junction,None,,,         ,William,Clemons,Clear,Front to Rear,no,no,no,no,no,False
103337812,METROPOLITAN NASHVILLE POLICE DEPT,20220308903,Davidson,Nashville,6/23/2022 10:15:00 AM,2,0,0,36.176870,-86.776250,SPRING ST,,,,20.00,Feet,West,COWAN ST,,,,0.00,N,Not at Intersection, ,Non-Junction,None,,,         ,Joseph,Santana,Clear,Angle,no,no,no,no,no,False
103337846,BERRY HILL POLICE DEPT,22-1686,Davidson,Berry Hill,6/22/2022 9:10:00 PM,2,0,0,36.120470,-86.775140,FRANKLIN PKE,,,,0.00,Feet,East,KIRKWOOD AV,,,,0.00,N,Not at Intersection, ,Non-Junction,None,,,         ,Rick,Willliams,Clear,Angle,no,no,no,no,no,False
103337852,METROPOLITAN NASHVILLE POLICE DEPT,20220308931,Davidson,Nashville,6/23/2022 1:25:00 PM,1,0,0,36.129520,-86.899420,I40 E EXT RAMP,,,,0.00,,East,I 40,,,,0.00,N,Not at Intersection,Y,Entrance/Exit Ramp Related,None,,,         ,Michael,Pyle,Clear,Not Collision with Motor Vehicle in Transport,no,no,no,no,no,False
103337872,METROPOLITAN NASHVILLE POLICE DEPT,20220309047,Davidson,Nashville,6/23/2022 2:08:00 PM,2,0,0,36.045470,-86.704240,OLD HICKORY BLVD,,,,186.00,Feet,West,EULALA DR,,,,0.00,N,Not at Intersection,N,Non-Junction,None,,,         ,Darrin,Hardin,Clear,HeadOn,no,no,no,no,yes,False
103337873,METROPOLITAN NASHVILLE POLICE DEPT,20220309017,Davidson,Nashville,6/23/2022 12:00:00 AM,2,0,0,36.152020,-86.779270,8TH AVS,,,,81.00,Feet,North,GLEAVES ST,,,,0.00,N,Not at Intersection, ,,None,,,         ,James,Thornton,,,no,no,no,no,no,False
103337904,METROPOLITAN NASHVILLE POLICE DEPT,20220308933,Davidson,Nashville,6/23/2022 1:27:00 PM,2,0,0,36.074550,-86.638720,MURFREESBORO PKE,,,,33.00,Feet,North,RURAL HILL RD,,,,0.00,N,Not at Intersection,N,Non-Junction,None,,,         ,Peabo,McAlmont,Clear,Angle,no,no,no,no,no,False
103337906,METROPOLITAN NASHVILLE POLICE DEPT,20220308954,Davidson,Nashville,6/23/2022 1:30:00 PM,2,0,0,36.131730,-86.726910,I24E,,,,528.00,Feet,North,I24 W ENT RAMP,,,,0.00,N,Not at Intersection,N,Non-Junction,None,,,         ,Todd,Watson,Clear,Front to Rear,no,no,no,no,no,False
103337908,METROPOLITAN NASHVILLE POLICE DEPT,20220309038,Davidson,Nashville,6/23/2022 3:04:00 PM,1,1,0,36.172590,-86.826910,DR WALTER S DAVIS BLVD,,,,482.00,Feet,West,SCHRADER LN,,,,0.00,N,Not at Intersection,N,Non-Junction,None,,,         ,Joel,Bennett,Clear,Not Collision with Motor Vehicle in Transport,no,yes,no,no,yes,False
103337915,METROPOLITAN NASHVILLE POLICE DEPT,20220309067,Davidson,Nashville,6/23/2022 2:54:00 PM,2,0,0,36.178770,-86.800850,I 65,,,,0.00,,,,,,,86.00,N,Not at Intersection,N,Non-Junction,None,,,         ,Daniel,Tomlinson,Clear,"Sideswipe, Same Direction",no,no,no,no,yes,False
103337916,METROPOLITAN NASHVILLE POLICE DEPT,20220309107,Davidson,Nashville,6/23/2022 3:45:00 PM,2,0,0,36.208430,-86.767270,QUEEN AV,,,,0.00,,,DICKERSON PKE,,,,0.00,Y,T-Intersection, ,Intersection,None,,,         ,Andrew,Campbell,Clear,Angle,no,no,no,no,no,False
103337928,METROPOLITAN NASHVILLE POLICE DEPT,20220309132,Davidson,Nashville,6/23/2022 3:55:00 PM,2,0,0,36.152840,-86.789990,DEMONBREUN ST,,,,448.00,Feet,North,MUSIC CIRE,,,,0.00,N,Not at Intersection,N,Non-Junction,None,,,         ,Dakota,Davis,Clear,Angle,no,no,no,no,no,False
103337934,METROPOLITAN NASHVILLE POLICE DEPT,20220307322,Davidson,Nashville,6/22/2022 2:10:00 PM,1,2,0,36.216300,-86.689810,MCGAVOCK PKE,,,,224.00,Feet,West,PENNINGTON BEND RD,,,,0.00,N,Not at Intersection,N,Non-Junction,None,,,         ,Kaytlin,huyler,Clear,Not Collision with Motor Vehicle in Transport,no,no,no,no,no,False
103337945,METROPOLITAN NASHVILLE POLICE DEPT,20220309091,Davidson,Nashville,6/23/2022 3:00:00 PM,1,1,0,36.053700,-86.719040,BREWER DR,,,,283.00,Feet,West,LARKWAY DR,,,,0.00,N,Not at Intersection,N,Non-Junction,None,,,         ,Samantha,Held,Clear,Not Collision with Motor Vehicle in Transport,no,no,no,no,no,False
103337955,METROPOLITAN NASHVILLE POLICE DEPT,20220309138,Davidson,Nashville,6/23/2022 3:55:00 PM,3,3,0,36.209600,-86.734060,GALLATIN PKE,,,,74.00,Feet,South,SHELTON AV,,,,0.00,N,Not at Intersection,N,Non-Junction,None,,,         ,Kelsey,Hemminger,Clear,Front to Rear,no,no,no,no,no,False
103337958,METROPOLITAN NASHVILLE POLICE DEPT,20220309146,Davidson,Nashville,6/23/2022 3:30:00 PM,2,0,0,36.133300,-86.726760,I 24,,,,0.00,,,,,,,52.10,N,Not at Intersection,N,Non-Junction,None,,,         ,Austin,Binner,Clear,Front to Rear,no,no,no,no,no,False
103337959,METROPOLITAN NASHVILLE POLICE DEPT,20220309166,Davidson,Nashville,6/23/2022 3:30:00 PM,2,0,0,36.132940,-86.726870,I24E,,,,84.00,Feet,East,I24 W EXT RAMP,,,,0.00,N,Not at Intersection,N,Non-Junction,None,,,         ,Austin,Binner,Clear,Front to Rear,no,no,no,no,no,False
103337963,METROPOLITAN NASHVILLE POLICE DEPT,20220309149,Davidson,Nashville,6/23/2022 3:33:00 PM,2,0,0,36.151270,-86.691610,ELM HILL PKE,,,,0.00,,,ELM HILL PKE EB EXT RAMP,,,,0.00,Y,OTHER,N,Intersection-Related,None,,,         ,Douglas,Mann,Clear,Angle,no,no,no,no,no,False
103337978,METROPOLITAN NASHVILLE POLICE DEPT,20220309171,Davidson,Nashville,6/23/2022 4:16:00 PM,2,0,0,36.123630,-86.789500,MONTROSE AV,,,,94.00,Feet,East,12TH AVS,,,,0.00,N,Not at Intersection, ,,None,,,         ,Nicholas,Carroll,,,no,no,no,no,no,False