master_record_number,agency,agency_tracking_number,county,city,collision_date,vehicles_involved,number_injured,number_dead,latitude,longitude,roadway_name,roadway_suffix,roadway_number,roadway_local_id,distance_from_reference,miles-feet_indicator,direction_from_reference,intersection_road_name,intersection_road_name_suffix,intersection_road_number,intersection_local_id,mile_marker,intersection_indicator,intersect_type,interchange_related_indicator,relation_to_junction,work_zone_type,construction_maintenance_zone,construction_maintenance_zone_location,fatal_case_number,officer_first_name,officer_last_name,weather_condition(s),manner_of_crash,pedestrian,bicycle,scooter,parking,hitrun,mou
103337983,METROPOLITAN NASHVILLE POLICE DEPT,20220309115,Davidson,Not in City Limit,6/23/2022 3:47:00 PM,1,1,0,35.993210,-86.685360,NOLENSVILLE RD,,,,262.00,Feet,North,OLD BURKITT RD,,,,0.00,N,Not at Intersection,N,Non-Junction,None,,,         ,Brian,Sherman,Clear,Not Collision with Motor Vehicle in Transport,no,no,no,no,no,False
103337994,METROPOLITAN NASHVILLE POLICE DEPT,20220309265,Davidson,Nashville,6/23/2022 5:30:00 PM,1,1,0,36.187430,-86.773360,CLEVELAND ST,,,,0.00,,,DICKERSON PKE,,,,0.00,Y,Four-Way,N,Intersection,None,,,         ,Justen,Ogle,Clear,Not Collision with Motor Vehicle in Transport,yes,no,no,no,no,False
103338001,METROPOLITAN NASHVILLE POLICE DEPT,20220309309,Davidson,Nashville,6/23/2022 5:51:00 PM,2,0,0,36.122680,-86.727690,I 24,,,,0.00,,,,,,,52.70,N,Not at Intersection,N,Non-Junction,None,,,         ,Austin,Binner,Clear,Front to Rear,no,no,no,no,no,False
103338004,METROPOLITAN NASHVILLE POLICE DEPT,20220309317,Davidson,Nashville,6/23/2022 5:55:00 PM,2,0,0,36.170510,-86.679700,MCGAVOCK PKE,,,,396.00,Feet,South,PARK DR,,,,0.00,N,Not at Intersection,N,Non-Junction,None,,,         ,Donovan,Coble,Clear,Angle,no,no,no,no,no,False
103338007,METROPOLITAN NASHVILLE POLICE DEPT,20220309156,Davidson,Nashville,6/23/2022 4:09:00 PM,2,0,0,36.216960,-86.775190,I 65,,,,0.00,,,,,,,88.05,N,Not at Intersection,N,Non-Junction,None,,,         ,Anna,Clayton,Clear,"Sideswipe, Same Direction",no,no,no,no,no,False
103338008,METROPOLITAN NASHVILLE POLICE DEPT,20220309293,Davidson,Nashville,6/23/2022 5:50:00 PM,2,1,0,36.161100,-86.792900,CHARLOTTE AV,,,,73.00,Feet,West,I40 W ENT RAMP,,,,0.00,N,Not at Intersection,N,Non-Junction,None,,,         ,Brent,Morris,Clear,Angle,no,no,no,no,no,False
103338013,METROPOLITAN NASHVILLE POLICE DEPT,20220309235,Davidson,Nashville,6/23/2022 4:25:00 PM,2,0,0,36.092810,-86.678860,HARDING PL,,,,0.00,,,DONELSON PKE,,,,0.00,Y,OTHER, ,Intersection-Related,None,,,         ,Laura,Williams,Clear,"Sideswipe, Same Direction",no,no,no,no,no,False
103338018,METROPOLITAN NASHVILLE POLICE DEPT,20220309266,Davidson,Nashville,6/23/2022 5:34:00 PM,2,1,0,36.187940,-86.607700,OLD LEBANON DIRT RD,,,,22.00,Feet,West,ANDREW JACKSON PKWY,,,,0.00,N,Not at Intersection,N,Non-Junction,None,,,         ,Zaire,Murray,Clear,Front to Rear,no,no,no,no,no,False
103338023,METROPOLITAN NASHVILLE POLICE DEPT,20220309259,Davidson,Nashville,6/23/2022 5:25:00 PM,3,1,0,36.098500,-86.763450,I65 N EXT RAMP,,,,0.00,Feet,East,I 65,,,,0.00,N,Not at Intersection,N,Non-Junction,None,,,         ,Flynn,Ireland,Clear,Front to Rear,no,no,no,no,yes,False
103338025,METROPOLITAN NASHVILLE POLICE DEPT,20220309357,Davidson,Nashville,6/23/2022 5:19:00 PM,2,0,0,36.151500,-86.788020,DIVISION ST,,,,418.00,Feet,North,I40 E ENT RAMP,,,,0.00,N,Not at Intersection, ,Non-Junction,None,,,         ,Dakota,Davis,Clear,Other,no,no,no,no,no,False
103338027,METROPOLITAN NASHVILLE POLICE DEPT,20220309353,Davidson,Not in City Limit,6/23/2022 6:12:00 PM,2,0,0,35.995930,-86.690840,CONCORD RD,,,,443.00,Feet,South,NOLENSVILLE PKE,,,,0.00,N,Not at Intersection, ,Non-Junction,None,,,         ,Ryan,Coll,Clear,Angle,no,no,no,no,no,False
103338043,METROPOLITAN NASHVILLE POLICE DEPT,20220309321,Davidson,Nashville,6/23/2022 4:30:00 PM,2,0,0,36.096700,-86.763290,I 65,,,,0.00,,,,,,,78.80,N,Not at Intersection,N,Non-Junction,None,,,         ,Samantha,Held,Clear,"Sideswipe, Same Direction",no,no,no,no,no,False
103338048,METROPOLITAN NASHVILLE POLICE DEPT,20220309377,Davidson,Nashville,6/23/2022 7:02:00 PM,2,0,0,36.184170,-86.752970,W EASTLAND AV,,,,0.00,,,LAURENT ST,,,,0.00,Y,Four-Way, ,Intersection,None,,,         ,Ty,Cummings,Clear,Angle,no,no,no,no,no,False
103338055,METROPOLITAN NASHVILLE POLICE DEPT,20220309397,Davidson,Nashville,6/23/2022 7:21:00 PM,2,1,0,36.155300,-86.802230,20TH AVN,,,,0.00,Feet,East,PATTERSON ST,,,,0.00,N,Not at Intersection,N,Non-Junction,None,,,         ,Dakota,Davis,Clear,Angle,no,no,no,no,no,False
103338063,METROPOLITAN NASHVILLE POLICE DEPT,20220309066,Davidson,Not in City Limit,6/23/2022 3:15:00 PM,2,0,0,36.284430,-86.729190,I 65,,,,0.00,,,,,,,93.70,N,Not at Intersection, ,Non-Junction,None,,,         ,Wesley,Carver,Clear,Front to Rear,no,no,no,no,no,False
103338072,METROPOLITAN NASHVILLE POLICE DEPT,2022-0309399,Davidson,Nashville,6/23/2022 6:26:00 PM,2,1,0,36.208680,-86.734720,GALLATIN PKE,,,,86.00,Feet,South,KIRKLAND AV,,,,0.00,N,Not at Intersection,N,Non-Junction,None,,,         ,Marcus,Darden,Clear,Front to Rear,no,no,no,no,no,False
103338073,METROPOLITAN NASHVILLE POLICE DEPT,20220309428,Davidson,Not in City Limit,6/23/2022 7:10:00 PM,2,0,0,36.322580,-86.859120,I 24,,,,0.00,,,,,,,35.45,N,Not at Intersection,N,Non-Junction,None,,,         ,Keegan,Winchell,Clear,"Sideswipe, Same Direction",no,no,no,no,yes,False
103338076,METROPOLITAN NASHVILLE POLICE DEPT,20220309229,Davidson,Nashville,6/23/2022 5:10:00 PM,2,1,0,36.202500,-86.820480,BUENA VISTA PKE,,,,0.00,,,W TRINITY LN,,,,0.00,Y,T-Intersection,Y,Intersection,None,,,         ,Anna,Clayton,Clear,Other,no,no,no,no,no,False
103338078,METROPOLITAN NASHVILLE POLICE DEPT,20220309458,Davidson,Nashville,6/23/2022 12:00:00 AM,1,0,0,36.073780,-86.731860,EDMONDSON PKE,,,,673.00,Feet,North,MILNER DR,,,,0.00,N,Not at Intersection,N,Non-Junction,None,,,         ,Samantha,Held,Clear,Not Collision with Motor Vehicle in Transport,no,no,no,no,yes,False
103338085,METROPOLITAN NASHVILLE POLICE DEPT,20220309268,Davidson,Not in City Limit,6/23/2022 5:33:00 PM,2,0,0,36.263070,-86.711920,STATE RT 45,,,,0.00,,,GALLATIN PKEN,,,,0.00,Y,Four-Way,N,Intersection,None,,,         ,Derek,Sibley,Clear,Angle,no,no,no,no,yes,False
103338086,METROPOLITAN NASHVILLE POLICE DEPT,20220309461,Davidson,Nashville,6/23/2022 5:50:00 PM,3,0,0,36.037950,-86.797360,OLD HICKORY BLVD,,,,0.00,,,,,,,0.00,,,N,Non-Junction,None,,,         ,Flynn,Ireland,Clear,Front to Rear,no,no,no,no,no,False
103338135,METROPOLITAN NASHVILLE POLICE DEPT,20220309533,Davidson,Nashville,6/23/2022 8:50:00 PM,2,0,0,36.163270,-86.783400,7TH AVN,,,,77.00,Feet,South,UNION ST,,,,0.00,N,Not at Intersection,N,Non-Junction,None,,,         ,Blake,Curry,Clear,"Sideswipe, Same Direction",no,no,no,no,yes,False
103338136,METROPOLITAN NASHVILLE POLICE DEPT,20220309258,Davidson,Goodlettsville,6/23/2022 5:27:00 PM,2,1,0,36.302760,-86.691860,CONFERENCE DR,,,,4.00,Feet,North,GALLATIN PKEN,,,,0.00,N,Not at Intersection,N,Non-Junction,None,,,         ,Wesley,Carver,Clear,Angle,no,no,no,no,no,False
103338147,METROPOLITAN NASHVILLE POLICE DEPT,20220309489,Davidson,Nashville,6/23/2022 8:02:00 PM,2,0,0,36.243600,-86.736420,BRIARVILLE RD,,,,371.00,Feet,South,LEWIS RD,,,,0.00,N,Not at Intersection,N,Non-Junction,None,,,         ,Derek,Sibley,Clear,Angle,no,no,no,no,yes,False
103338168,VANDERBILT UNIVERSITY POLICE,20220309543,Davidson,Nashville,6/23/2022 12:00:00 AM,2,0,0,36.141800,-86.800860,MEDICAL CENTER DR,,,,0.00,,,,,,,0.00,,, ,Non-Junction,None,,,         ,James,McDaniel,Clear,Unknown,no,no,no,yes,yes,Campus
103338172,METROPOLITAN NASHVILLE POLICE DEPT,20220309619,Davidson,Nashville,6/23/2022 9:52:00 PM,1,0,0,36.207030,-86.777610,I65 S ENT RAMP,,,,0.00,Feet,East,I 65,,,,0.00,N,Not at Intersection,N,Non-Junction,None,,,         ,Amanda,Hanna,Clear,Unknown,no,no,no,no,no,False
103338178,METROPOLITAN NASHVILLE POLICE DEPT,20220309599,Davidson,Nashville,6/23/2022 9:40:00 PM,1,0,0,36.141200,-86.740620,FOSTER AVE,,,,132.00,Feet,South,US HWY 41,,,,0.00,N,Not at Intersection,N,Non-Junction,None,,,         ,Bryan,Malone,Clear,Not Collision with Motor Vehicle in Transport,no,no,no,no,yes,False
103338181,METROPOLITAN NASHVILLE POLICE DEPT,20220309676,Davidson,Old Hickory,6/23/2022 10:29:00 PM,2,1,0,36.252610,-86.647950,ROBINSON RD,,,,3.00,Feet,West,HADLEY AV,,,,0.00,N,Not at Intersection,N,Non-Junction,None,,,         ,Ryan,Malone,Clear,Front to Rear,no,no,no,no,yes,False
103338200,METROPOLITAN NASHVILLE POLICE DEPT,20220309615,Davidson,Nashville,6/23/2022 3:00:00 PM,2,0,0,36.064790,-86.628480,HAMILTON CHURCH RD,,,,0.00,,,MURFREESBORO PKE,,,,0.00,Y,T-Intersection,N,Non-Junction,None,,,         ,Phillip,Lovell,Clear,Angle,no,no,no,no,yes,False
103338203,METROPOLITAN NASHVILLE POLICE DEPT,20220309733,Davidson,Nashville,6/23/2022 11:07:00 PM,2,0,0,36.085120,-86.702840,HARDING PL,,,,0.00,,,I24 E ENT RAMP,,,,0.00,Y,OTHER,N,Non-Junction,None,,,         ,Austin,Binner,Clear,Front to Rear,no,no,no,no,no,False
103338211,METROPOLITAN NASHVILLE POLICE DEPT,20220309629,Davidson,Nashville,6/23/2022 12:00:00 AM,1,0,0,36.198820,-86.844620,ASHLAND CITY HWY,,,,185.00,Feet,East,HYDES FERRY RD,,,,0.00,N,Not at Intersection,N,Non-Junction,None,,,         ,Thomas,Clingan,Clear,Not Collision with Motor Vehicle in Transport,no,no,no,no,yes,False
103338223,METROPOLITAN NASHVILLE POLICE DEPT,20220309783,Davidson,Nashville,6/23/2022 11:32:00 PM,2,0,0,36.192330,-86.616300,OLD HICKORY BLVD,,,,4.00,Feet,North,JUAREZ DR,,,,0.00,N,Not at Intersection,N,Non-Junction,None,,,         ,Ryan,Malone,Clear,Angle,no,no,no,no,yes,False
103338226,METROPOLITAN NASHVILLE POLICE DEPT,20220309580,Davidson,Antioch,6/23/2022 9:33:00 PM,1,0,0,36.042170,-86.636420,MT VIEW RD,,,,1254.00,Feet,West,OLD FRANKLIN RD,,,,0.00,N,Not at Intersection,N,Non-Junction,None,,,         ,Brandon,Simpkins,Clear,Not Collision with Motor Vehicle in Transport,no,no,no,no,no,False
103338229,METROPOLITAN NASHVILLE POLICE DEPT,20220309213,Davidson,Nashville,6/23/2022 4:55:00 PM,2,1,0,36.134240,-86.820000,I440 E ENT RAMP,,,,0.00,,,I 440,,,,0.00,Y,OTHER,N,Entrance/Exit Ramp Related,None,,,         ,Bryant,Howland,Clear,Front to Rear,no,no,no,no,no,False
103338230,METROPOLITAN NASHVILLE POLICE DEPT,20220309439,Davidson,Nashville,6/23/2022 7:03:00 PM,2,0,0,36.197610,-86.837320,CLARKSVILLE PKE,,,,0.00,,,ASHLAND CITY HWY,,,,0.00,Y,Y-Intersection,N,Intersection,None,,,         ,Michael,Intrieri,Clear,Front to Rear,no,no,no,no,no,False
103338234,METROPOLITAN NASHVILLE POLICE DEPT,20220309748,Davidson,Madison,6/23/2022 11:14:00 PM,2,0,0,36.263090,-86.712170,OLD HICKORY BLVDW,,,,73.00,Feet,West,GALLATIN PKEN,,,,0.00,N,Not at Intersection,N,Non-Junction,None,,,         ,Kaleigh,Pearce,Clear,Angle,no,no,no,no,no,False
103338266,METROPOLITAN NASHVILLE POLICE DEPT,20220309639,Davidson,Nashville,6/23/2022 10:03:00 PM,2,0,0,36.152580,-86.790560,DEMONBREUN ST,,,,276.00,Feet,East,DIVISION ST,,,,0.00,N,Not at Intersection, ,,None,,,         ,Sierra,Walker,,,no,no,no,no,no,False
103338279,METROPOLITAN NASHVILLE POLICE DEPT,20220309699,Davidson,Nashville,6/23/2022 10:48:00 PM,1,0,0,36.209870,-86.725210,GREENFIELD AV,,,,67.00,Feet,West,KENNEDY AV,,,,0.00,N,Not at Intersection,N,Non-Junction,None,,,         ,Stacia,Getz,Clear,Not Collision with Motor Vehicle in Transport,no,no,no,no,no,False
103338280,METROPOLITAN NASHVILLE POLICE DEPT,20220309644,Davidson,Nashville,6/23/2022 10:05:00 PM,2,2,0,36.162420,-86.759310,CRUTCHER ST,,,,1.00,Feet,West,S 5TH ST,,,,0.00,N,Not at Intersection,N,Non-Junction,None,,,         ,Peter,Kinsey,Clear,Angle,no,no,no,no,no,False
103338281,METROPOLITAN NASHVILLE POLICE DEPT,20220309866,Davidson,Nashville,6/23/2022 11:11:00 PM,1,0,0,36.183910,-86.775090,I 24,,,,0.00,,,,,,,47.30,N,Not at Intersection,N,Non-Junction,None,,,         ,Peter,Kinsey,Clear,Not Collision with Motor Vehicle in Transport,no,no,no,no,no,False
103338307,METROPOLITAN NASHVILLE POLICE DEPT,20220309582,Davidson,Nashville,6/23/2022 12:00:00 AM,2,0,0,36.228900,-86.759360,DICKERSON PKE,,,,174.00,Feet,South,BROADMOOR DR,,,,0.00,N,Not at Intersection,N,Non-Junction,None,,,         ,laina,herod,Clear,Rear to Side,no,no,no,yes,yes,False
103338322,Metro Park Police,20220308673,Davidson,Nashville,6/23/2022 10:00:00 AM,2,0,0,36.059420,-86.895540,GAUCHO ROAD PVTDR,,,,2208.00,Feet,North,OLD HICKORY BLVD,,,,0.00,N,Not at Intersection, ,Non-Junction,None,,,         ,Elgrine,"Kirby, Jr.",Clear,"Sideswipe, Opposite Direction",no,no,no,no,yes,False
103338413,Nashville Airport Police,2022-02567,Davidson,Nashville,6/23/2022 9:05:00 AM,2,1,0,36.136160,-86.667550,TERMINAL DR,,,,0.00,,,I40 E EXT RAMP,,,,0.00,Y,OTHER,N,Non-Junction,None,,,         ,George,Youssef,Clear,Front to Rear,no,no,no,no,no,False
103338704,METROPOLITAN NASHVILLE POLICE DEPT,2022-0306949,Davidson,Nashville,6/21/2022 12:50:00 PM,2,0,0,36.171590,-86.679520,PARK DR,,,,0.00,,,MCGAVOCK PKE,,,,0.00,Y,OTHER,N,Non-Junction,None,,,         ,Frank,Walker,Clear,Angle,no,no,no,no,yes,False
103338774,BERRY HILL POLICE DEPT,22-1701,Davidson,Berry Hill,6/23/2022 9:36:00 PM,1,2,0,36.128590,-86.777890,FRANKLIN PKE,,,,0.00,,,BRADFORD AV,,,,0.00,Y,Four-Way,N,Intersection,None,,,         ,Anthony,Russo,Clear,Not Collision with Motor Vehicle in Transport,yes,no,no,no,no,False
103338786,METROPOLITAN NASHVILLE POLICE DEPT,20220310651,Davidson,Nashville,6/22/2022 9:00:00 PM,2,0,0,36.181500,-86.798540,NASSAU ST,,,,142.00,Feet,South,BUCHANAN ST,,,,0.00,N,Not at Intersection,N,Non-Junction,None,,,         ,Lucas,Thomas,Unknown,Angle,no,no,no,no,yes,False
103338845,Nashville Airport Police,22022-02577,Davidson,Nashville,6/23/2022 8:11:00 PM,2,1,0,36.138370,-86.665270,DONELSON PKE,,,,1002.00,Feet,North,DONELSON PKES,,,,0.00,N,Not at Intersection,N,Unknown,None,,,         ,Daniel,DePinto,Clear,Angle,no,no,no,no,no,False
103339531,METROPOLITAN NASHVILLE POLICE DEPT,20220311947,Davidson,Nashville,6/23/2022 12:10:00 AM,2,0,0,36.182540,-86.754720,MCFERRIN AV,,,,102.00,Feet,North,MANSFIELD ST,,,,0.00,N,Not at Intersection,N,Non-Junction,None,,,         ,Ian,Wilson,Clear,Front to Rear,no,no,no,no,yes,False
103340957,METROPOLITAN NASHVILLE POLICE DEPT,20220307249,Davidson,Nashville,6/22/2022 12:39:00 PM,2,0,0,36.157090,-86.834320,CLIFTON AV,,,,0.00,,,40TH AVN,,,,0.00,Y,Four-Way,N,Intersection,None,,,         ,Darren,Key,Clear,Angle,no,no,no,no,no,False
103341031,METROPOLITAN NASHVILLE POLICE DEPT,20220307122,Davidson,Nashville,6/22/2022 12:17:00 PM,2,2,1,36.166920,-86.869450,BRILEY PKWYN,,,,480.00,Feet,South,BRILEY PKWYS,,,,0.00,N,Not at Intersection,N,Non-Junction,None,,,         ,Donald,Davidson,Clear,Front to Rear,no,no,no,no,no,False
103342425,METROPOLITAN NASHVILLE POLICE DEPT,20220317233,Davidson,Nashville,6/8/2022 3:42:00 PM,2,0,0,36.106010,-86.814130,ABBOTT MARTIN RD,,,,0.00,,,,,,,0.00,,,N,Intersection-Related,None,,,         ,Andrew,McCarron,Clear,Angle,no,no,no,yes,yes,False
103344283,GOODLETTSVILLE POLICE DEPT,22-20020,Davidson,Goodlettsville,6/15/2022 12:00:00 AM,2,0,0,36.298560,-86.712850,I 65,,,,0.00,,,,,,,95.00,N,Not at Intersection, ,Non-Junction,None,,,         ,Matt,Shoesmith,Clear,Front to Rear,no,no,no,no,yes,False
103347496,METROPOLITAN NASHVILLE POLICE DEPT,20220326130,Davidson,Nashville,6/4/2022 2:00:00 AM,1,0,0,36.173960,-86.762390,MAIN ST,,,,137.00,Feet,East,N 6TH ST,,,,0.00,N,Not at Intersection, ,OtherLocation,None,,,         ,Benny,Pittman,Clear,Not Collision with Motor Vehicle in Transport,no,no,no,no,no,False
103349919,THP District 3 - Nashville,322049384,Davidson,Goodlettsville,6/20/2022 3:28:00 PM,2,0,0,36.297080,-86.714360,I 65,,,,0.00,,,,,,,94.90,N,Not at Intersection, ,Non-Junction,None,,,         ,Devin,Bargatze,Clear,"Sideswipe, Same Direction",no,no,no,no,no,False
103351213,METROPOLITAN NASHVILLE POLICE DEPT,20220297356,Davidson,Nashville,6/18/2022 5:20:00 PM,3,0,0,36.246680,-86.721170,BERKLEY DR,,,,0.00,,,GALLATIN PKES,,,,0.00,Y,Four-Way,N,Non-Junction,None,,,         ,Paul,Stein,Clear,"Sideswipe, Opposite Direction",no,no,no,no,no,False
103358299,METROPOLITAN NASHVILLE POLICE DEPT,20220276171,Davidson,Nashville,6/4/2022 6:39:00 PM,2,2,0,36.124290,-86.696340,VULTEE BLVD,,,,0.00,,,BRILEY PKWY,,,,0.00,Y,Four-Way,Y,Intersection,None,,,         ,Christian,Stephens,Clear,Angle,no,no,no,no,no,False
103361792,METROPOLITAN NASHVILLE POLICE DEPT,20220354735,Davidson,Not in City Limit,6/21/2022 12:00:00 AM,1,0,0,36.081110,-86.931530,POST CREEK RD,,,,250.00,Feet,South,HICKS RD,,,,0.00,N,Not at Intersection,N,Non-Junction,None,,,         ,Eric,Westbrook,Unknown,Not Collision with Motor Vehicle in Transport,no,no,no,yes,yes,False
103408879,METROPOLITAN NASHVILLE POLICE DEPT,20220300783,Davidson,Nashville,6/18/2022 10:09:00 PM,1,3,0,36.179670,-86.834340,HYDES FERRY RD,,,,227.00,Feet,North,VIKING RD,,,,0.00,N,Not at Intersection,N,OtherLocation,None,,,         ,Scott,St. John,Clear,Not Collision with Motor Vehicle in Transport,no,no,no,yes,no,False
103338292,METROPOLITAN NASHVILLE POLICE DEPT,20220309896,Davidson,Nashville,6/24/2022 12:24:00 AM,2,0,0,36.172490,-86.595160,CENTRAL PKE,,,,14.00,Feet,West,TULIP GROVE RD,,,,0.00,N,Not at Intersection,Y,Non-Junction,None,,,         ,Andrew,Richey,Clear,Angle,no,no,no,no,no,False
103338302,METROPOLITAN NASHVILLE POLICE DEPT,20220310091,Davidson,Nashville,6/24/2022 12:00:00 AM,2,2,0,36.069040,-86.689290,I24 E EXT RAMP,,,,0.00,Feet,East,I 24,,,,0.00,N,Not at Intersection,N,Non-Junction,None,,,         ,Justin,mathias,Clear,Angle,no,no,no,no,no,False
103338308,METROPOLITAN NASHVILLE POLICE DEPT,20220310089,Davidson,Nashville,6/24/2022 12:00:00 AM,1,1,0,36.083790,-86.727630,NOLENSVILLE PKE,,,,149.00,Feet,North,PARAGON MILLS RD,,,,0.00,N,Not at Intersection,N,Non-Junction,None,,,         ,Clayton,Cox,Clear,Not Collision with Motor Vehicle in Transport,yes,no,no,no,yes,False
103338310,METROPOLITAN NASHVILLE POLICE DEPT,20220310117,Davidson,Nashville,6/24/2022 5:25:00 AM,1,1,0,36.122800,-86.717510,EAST THOMPSON LN,,,,175.00,Feet,North,LAWNDALE DR,,,,0.00,N,Not at Intersection,N,Non-Junction,None,,,         ,William,Hudson,Clear,Not Collision with Motor Vehicle in Transport,no,no,no,no,no,False
103338371,METROPOLITAN NASHVILLE POLICE DEPT,20220310152,Davidson,Nashville,6/24/2022 5:50:00 AM,2,0,0,36.150670,-86.690920,BRILEY PKWYS,,,,299.00,Feet,South,BRILEY PKWYN,,,,0.00,N,Not at Intersection, ,Non-Junction,None,,,         ,Patrick,Lancaster,Clear,"Sideswipe, Same Direction",no,no,no,no,no,False
103338375,METROPOLITAN NASHVILLE POLICE DEPT,20220310177,Davidson,Nashville,6/24/2022 6:33:00 AM,1,0,0,36.144640,-86.713070,ELM HILL PKE,,,,604.00,Feet,West,MASSMAN DR,,,,0.00,N,Not at Intersection, ,Non-Junction,None,,,         ,Brian,Ritz,Clear,Not Collision with Motor Vehicle in Transport,no,no,no,no,no,False
103338384,METROPOLITAN NASHVILLE POLICE DEPT,20220310225,Davidson,Nashville,6/24/2022 7:10:00 AM,2,0,0,36.184620,-86.692540,BRILEY PKWYS,,,,687.00,Feet,North,TWO RIVERS CT,,,,0.00,N,Not at Intersection,N,Non-Junction,None,,,         ,Kaytlin,huyler,Clear,"Sideswipe, Same Direction",no,no,no,no,yes,False
103338388,METROPOLITAN NASHVILLE POLICE DEPT,20220310269,Davidson,Nashville,6/24/2022 7:55:00 AM,2,0,0,36.188830,-86.773160,DICKERSON PKE,,,,0.00,,,WHITES CREEK PKE,,,,0.00,Y,T-Intersection, ,Intersection-Related,None,,,         ,Ian,Wilson,Clear,Angle,no,no,no,no,no,False
103338392,METROPOLITAN NASHVILLE POLICE DEPT,20220310247,Davidson,Nashville,6/24/2022 7:59:00 AM,2,1,0,36.136100,-86.792910,WEDGEWOOD AV,,,,103.00,Feet,East,VILLA PL,,,,0.00,N,Not at Intersection,N,"Driveway, Alley Access, etc",None,,,         ,Lee,Davis,Clear,Front to Rear,no,no,no,no,no,False
103338440,METROPOLITAN NASHVILLE POLICE DEPT,20220310281,Davidson,Nashville,6/24/2022 12:00:00 AM,2,0,0,36.171430,-86.769040,JAMES ROBERTSON PKWY,,,,0.00,,,INTERSTATE DR,,,,0.00,Y,Four-Way, ,Intersection,None,,,         ,Maria,Reynolds,Clear,Front to Rear,no,no,no,no,yes,False
103338450,METROPOLITAN NASHVILLE POLICE DEPT,20220310336,Davidson,Nashville,6/24/2022 9:33:00 AM,2,1,0,36.044950,-86.659750,I24 E ENT RAMP,,,,0.00,,,I 24,,,,0.00,Y,Four-Way,Y,Intersection,None,,,         ,Darrin,Hardin,Clear,Angle,no,no,no,no,no,False
103338453,METROPOLITAN NASHVILLE POLICE DEPT,20220310375,Davidson,Antioch,6/24/2022 10:12:00 AM,2,0,0,36.047840,-86.612050,MURFREESBORO PKE,,,,1284.00,Feet,North,MOUNTAIN SPRINGS RD,,,,0.00,N,Not at Intersection, ,Non-Junction,None,,,         ,Joe,Hooper,Clear,Front to Rear,no,no,no,no,no,False
103338454,METROPOLITAN NASHVILLE POLICE DEPT,20220310388,Davidson,Nashville,6/24/2022 12:00:00 AM,2,0,0,36.212390,-86.775730,I 65,,,,0.00,,,,,,,87.70,N,Not at Intersection, ,Non-Junction,None,,,         ,Alex,Gibson,Clear,"Sideswipe, Same Direction",no,no,no,no,no,False
103338462,METROPOLITAN NASHVILLE POLICE DEPT,20220310365,Davidson,Nashville,6/24/2022 9:31:00 AM,2,0,0,36.106160,-86.816240,ABBOTT MARTIN RD,,,,71.00,Feet,West,BANDYWOOD DR,,,,0.00,N,Not at Intersection,N,Non-Junction,None,,,         ,Alexandra,Herring,Clear,Rear to Rear,no,no,no,yes,yes,False
103338466,METROPOLITAN NASHVILLE POLICE DEPT,20220310438,Davidson,Not in City Limit,6/24/2022 11:15:00 AM,1,0,0,36.077610,-87.021150,MCCRORY LN,,,,0.00,,,I40 W ENT RAMP,,,,0.00,Y,Four-Way,N,Intersection,None,,,         ,Jackson,Smythe,Clear,Not Collision with Motor Vehicle in Transport,no,no,no,no,no,False
103338468,METROPOLITAN NASHVILLE POLICE DEPT,20220310350,Davidson,Nashville,6/24/2022 9:45:00 AM,2,1,0,36.175080,-86.771510,I 24,,,,0.00,,,,,,,48.00,N,Not at Intersection,N,Non-Junction,None,,,         ,Joseph,Santana,Clear,Front to Rear,no,no,no,no,no,False
103338478,METROPOLITAN NASHVILLE POLICE DEPT,20220310421,Davidson,Nashville,6/24/2022 10:57:00 AM,3,1,0,36.043060,-86.842680,OLD HICKORY BLVD,,,,110.00,Feet,West,KINGSBURY DR,,,,0.00,N,Not at Intersection,N,Non-Junction,None,,,         ,Kyle,Kinsman,Clear,Front to Rear,no,no,no,no,yes,False
103338481,METROPOLITAN NASHVILLE POLICE DEPT,20220310240,Davidson,Nashville,6/24/2022 7:51:00 AM,3,2,0,36.217680,-86.727860,NORVEL AV,,,,174.00,Feet,East,GALLATIN PKE,,,,0.00,N,Not at Intersection,N,Non-Junction,None,,,         ,Rico,Hunt,Clear,Front to Rear,no,no,no,no,yes,False
103338504,METROPOLITAN NASHVILLE POLICE DEPT,20220310414,Davidson,Nashville,6/24/2022 10:41:00 AM,2,0,0,36.045450,-86.712390,OLD HICKORY BLVD,,,,259.00,Feet,East,NOLENSVILLE PKE,,,,0.00,N,Not at Intersection, ,Non-Junction,None,,,         ,Patrick,Martin,Clear,"Sideswipe, Same Direction",no,no,no,no,no,False
103338519,METROPOLITAN NASHVILLE POLICE DEPT,20220310431,Davidson,Goodlettsville,6/24/2022 11:00:00 AM,2,0,0,36.302140,-86.692720,TWIN HILLS DR,,,,0.00,Feet,North,GALLATIN PKEN,,,,0.00,N,Not at Intersection,N,Non-Junction,None,,,         ,Melina,Tamborella,Clear,Front to Rear,no,no,no,no,no,False