master_record_number,agency,agency_tracking_number,county,city,collision_date,vehicles_involved,number_injured,number_dead,latitude,longitude,roadway_name,roadway_suffix,roadway_number,roadway_local_id,distance_from_reference,miles-feet_indicator,direction_from_reference,intersection_road_name,intersection_road_name_suffix,intersection_road_number,intersection_local_id,mile_marker,intersection_indicator,intersect_type,interchange_related_indicator,relation_to_junction,work_zone_type,construction_maintenance_zone,construction_maintenance_zone_location,fatal_case_number,officer_first_name,officer_last_name,weather_condition(s),manner_of_crash,pedestrian,bicycle,scooter,parking,hitrun,mou
103343695,METROPOLITAN NASHVILLE POLICE DEPT,20220320559,Davidson,Nashville,6/30/2022 12:10:00 PM,2,0,0,36.245520,-86.751250,SKYLINE MEMORIAL CT,,,,904.00,Feet,North,I65 S EXT RAMP,,,,0.00,N,Not at Intersection,N,Non-Junction,None,,,         ,Christopher,Littles,Clear,Front to Rear,no,no,no,no,no,False
103343696,VANDERBILT UNIVERSITY POLICE,20220320521,Davidson,Nashville,6/30/2022 12:00:00 PM,2,0,0,36.139240,-86.804520,CHILDRENS WAY,,,,0.00,,,,,,,0.00,,, ,,None,,,         ,Scott,Johnson,,,no,no,no,yes,no,Campus
103343698,METROPOLITAN NASHVILLE POLICE DEPT,20220320574,Davidson,Nashville,6/30/2022 12:44:00 PM,2,0,0,36.196800,-86.775640,I 65,,,,0.00,,,,,,,86.60,N,Not at Intersection, ,Non-Junction,None,,,         ,Jarret,Sonnenberg,Clear,"Sideswipe, Same Direction",no,no,no,no,no,False
103343741,METROPOLITAN NASHVILLE POLICE DEPT,20220320570,Davidson,Nashville,6/30/2022 12:33:00 PM,2,1,0,36.110940,-86.745220,THOMPSON LN,,,,0.00,,,NOLENSVILLE PKE,,,,0.00,Y,Four-Way,N,Intersection-Related,None,,,         ,Lee,Davis,Cloudy,Front to Rear,no,no,no,no,no,False
103343744,METROPOLITAN NASHVILLE POLICE DEPT,20220320615,Davidson,Nashville,6/30/2022 12:56:00 PM,2,1,0,36.160390,-86.794460,CHARLOTTE AV,,,,266.00,Feet,West,15TH AVN,,,,0.00,N,Not at Intersection,N,Non-Junction,None,,,         ,Megan,Lamon,Clear,Angle,no,no,no,no,no,False
103343751,METROPOLITAN NASHVILLE POLICE DEPT,20220320360,Davidson,Nashville,6/30/2022 10:15:00 AM,1,0,0,36.143760,-86.862770,MAUDINA AV,,,,224.00,Feet,West,DEMOSS RD,,,,0.00,N,Not at Intersection, ,Non-Junction,None,,,         ,Jonathan,Phipps,Clear,Not Collision with Motor Vehicle in Transport,yes,no,no,yes,no,False
103343753,METROPOLITAN NASHVILLE POLICE DEPT,20220320595,Davidson,Not in City Limit,6/30/2022 1:05:00 PM,2,0,0,36.071620,-86.928270,WYNBROOK CT,,,,116.00,Feet,South,OLD HARDING PKE,,,,0.00,N,Not at Intersection, ,Non-Junction,None,,,         ,Wesley,Tilley,Clear,Front to Rear,no,no,no,no,yes,False
103343781,METROPOLITAN NASHVILLE POLICE DEPT,20220320681,Davidson,Nashville,6/30/2022 11:39:00 AM,2,0,0,36.164860,-86.767910,S 2ND ST,,,,0.00,,,SHELBY AV,,,,0.00,Y,Four-Way, ,Non-Junction,None,,,         ,Joseph,Santana,Clear,Front to Rear,no,no,no,no,yes,False
103343782,METROPOLITAN NASHVILLE POLICE DEPT,20220320690,Davidson,Nashville,6/30/2022 11:24:00 AM,2,0,0,36.143520,-86.702360,I 40,,,,0.00,,,,,,,214.60,N,Not at Intersection,N,Non-Junction,None,,,         ,Dillon,Hanna,Clear,Front to Rear,no,no,no,no,yes,False
103343784,METROPOLITAN NASHVILLE POLICE DEPT,20220320443,Davidson,Nashville,6/30/2022 11:23:00 AM,2,0,0,36.238140,-86.782830,BRILEY PKWYE,,,,57.00,Feet,East,I24 W EXT RAMP,,,,0.00,N,Not at Intersection,N,Non-Junction,None,,,         ,Broderick,Jones,Clear,"Sideswipe, Same Direction",no,no,no,no,no,False
103343789,METROPOLITAN NASHVILLE POLICE DEPT,20220320582,Davidson,Nashville,6/30/2022 12:00:00 PM,2,0,0,36.194610,-86.830360,BUENA VISTA PKE,,,,13.00,Feet,North,RESHA LN,,,,0.00,N,Not at Intersection, ,Non-Junction,None,,,         ,Jeanine,Sarno,Clear,"Sideswipe, Same Direction",no,no,no,no,no,False
103343801,METROPOLITAN NASHVILLE POLICE DEPT,20220320135,Davidson,Nashville,6/30/2022 7:54:00 AM,2,0,0,36.067410,-86.631250,MURFREESBORO PKE,,,,0.00,,,FOREST VIEW DR,,,,0.00,Y,Four-Way,N,Non-Junction,None,,,         ,Steven,Williams,Clear,Angle,no,no,no,no,no,False
103343814,METROPOLITAN NASHVILLE POLICE DEPT,20220320710,Davidson,Nashville,6/30/2022 2:34:00 PM,2,1,0,36.134280,-86.774730,WEDGEWOOD AV,,,,0.00,,,I65 N ENT RAMP,,,,0.00,Y,OTHER,N,Entrance/Exit Ramp Related,None,,,         ,Megan,Lamon,Clear,Angle,no,no,no,no,no,False
103343886,METROPOLITAN NASHVILLE POLICE DEPT,20220320795,Davidson,Nashville,6/30/2022 3:28:00 PM,2,3,0,36.125100,-86.733600,I24 E ENT RAMP,,,,0.00,,,I 440,,,,0.00,Y,Y-Intersection,N,Non-Junction,None,,,         ,Austin,Binner,Clear,Angle,no,no,no,no,no,False
103343887,METROPOLITAN NASHVILLE POLICE DEPT,20220320830,Davidson,Nashville,6/30/2022 3:54:00 PM,2,0,0,36.081630,-86.697190,I 24,,,,0.00,,,,,,,56.10,N,Not at Intersection, ,Non-Junction,None,,,         ,Nadine,Klemenz,Clear,"Sideswipe, Same Direction",no,no,no,no,no,False
103343897,METROPOLITAN NASHVILLE POLICE DEPT,20220320826,Davidson,Nashville,6/30/2022 3:16:00 PM,2,0,0,36.151110,-86.796570,19TH AVS,,,,43.00,Feet,North,BROADWAY,,,,0.00,N,Not at Intersection,N,Non-Junction,None,,,         ,Dakota,Davis,Clear,"Sideswipe, Same Direction",no,no,no,no,yes,False
103343919,METROPOLITAN NASHVILLE POLICE DEPT,20220320749,Davidson,Nashville,6/30/2022 3:13:00 PM,4,1,0,36.118210,-86.748870,US HWY 31 ALT,,,,163.00,Feet,North,LUTIE ST,,,,0.00,N,Not at Intersection,N,Non-Junction,None,,,         ,Laura,Williams,Cloudy,Angle,no,no,no,no,yes,False
103343934,METROPOLITAN NASHVILLE POLICE DEPT,20220320858,Davidson,Nashville,6/30/2022 12:00:00 AM,2,0,0,36.166350,-86.780690,CHARLOTTE AV,,,,0.00,,,4TH AVN,,,,0.00,Y,Four-Way, ,,None,,,         ,Trevor,Taylor,,,no,no,no,no,no,False
103343938,METROPOLITAN NASHVILLE POLICE DEPT,20220320853,Davidson,Not in City Limit,6/30/2022 4:14:00 PM,2,0,0,36.062320,-86.942740,BEECH BEND DR,,,,0.00,,,OLD HARDING PKE,,,,0.00,Y,Four-Way,N,Intersection,None,,,         ,Jonathan,Phipps,Clear,Angle,no,no,no,no,no,False
103343940,METROPOLITAN NASHVILLE POLICE DEPT,20220320860,Davidson,Nashville,6/30/2022 4:21:00 PM,1,0,0,36.158480,-86.624620,I 40,,,,0.00,,,,,,,219.30,N,Not at Intersection,N,Non-Junction,None,,,         ,Douglas,Mann,Rain,Not Collision with Motor Vehicle in Transport,no,no,no,no,no,False
103343941,BERRY HILL POLICE DEPT,22-1774,Davidson,Berry Hill,6/29/2022 10:10:00 PM,2,1,0,36.112330,-86.767020,THOMPSON LN,,,,0.00,,,BRANSFORD AV,,,,0.00,Y,Four-Way,Y,Intersection,None,,,         ,Rick,Willliams,Clear,Angle,no,no,no,no,no,False
103343948,METROPOLITAN NASHVILLE POLICE DEPT,20220320946,Davidson,Nashville,6/30/2022 5:17:00 PM,2,2,0,36.143240,-86.791870,EDGEHILL AV,,,,0.00,,,VILLA PL,,,,0.00,Y,Four-Way,N,Non-Junction,None,,,         ,Brady,Reynolds,Rain,Angle,no,no,no,no,no,False
103343962,METROPOLITAN NASHVILLE POLICE DEPT,20220320670,Davidson,Nashville,6/30/2022 1:10:00 PM,3,0,0,36.162540,-86.761360,I 24,,,,0.00,,,,,,,49.30,N,Not at Intersection,N,Non-Junction,None,,,         ,Blake,Curry,Clear,Angle,no,no,no,no,yes,False
103343964,METROPOLITAN NASHVILLE POLICE DEPT,20220320933,Davidson,Nashville,6/30/2022 4:50:00 PM,3,0,0,36.245150,-86.746610,I65 S EXT RAMP,,,,0.00,Feet,East,I 65,,,,0.00,N,Not at Intersection,N,Non-Junction,None,,,         ,Dylan,Bradley,Cloudy,Front to Rear,no,no,no,no,yes,False
103343966,METROPOLITAN NASHVILLE POLICE DEPT,20220320985,Davidson,Nashville,6/30/2022 5:35:00 PM,2,0,0,36.155730,-86.789760,I40 E EXT RAMP,,,,0.00,Feet,East,I 40,,,,0.00,N,Not at Intersection,N,Non-Junction,None,,,         ,Dakota,Davis,Clear,Front to Rear,no,no,no,no,yes,False
103343970,METROPOLITAN NASHVILLE POLICE DEPT,20220320961,Davidson,Nashville,6/30/2022 5:22:00 PM,2,1,0,36.194910,-86.833220,CLARKSVILLE PKE,,,,0.00,,,W SUMMITT AV,,,,0.00,Y,Four-Way,N,Non-Junction,None,,,         ,Austin,Bowles,Clear,Angle,no,no,no,no,no,False
103343972,METROPOLITAN NASHVILLE POLICE DEPT,20220319517,Davidson,Nashville,6/29/2022 10:07:00 PM,2,3,0,36.152730,-86.759190,MAURY ST,,,,77.00,Feet,South,GREEN ST,,,,0.00,N,Not at Intersection,N,Non-Junction,None,,,         ,Douglas,Mann,Clear,"Sideswipe, Same Direction",no,no,no,no,yes,False
103343986,METROPOLITAN NASHVILLE POLICE DEPT,20220321004,Davidson,Nashville,6/30/2022 5:57:00 PM,2,0,0,36.122820,-86.751080,NOLENSVILLE PKE,,,,0.00,,,I440 E ENT RAMP,,,,0.00,Y,OTHER,N,Non-Junction,None,,,         ,Austin,Binner,Clear,Front to Rear,no,no,no,no,yes,False
103343987,METROPOLITAN NASHVILLE POLICE DEPT,20220320321,Davidson,Nashville,6/30/2022 9:57:00 AM,1,7,0,36.230550,-86.768340,EWING DR,,,,732.00,Feet,West,RICH ACRES DR,,,,0.00,N,Not at Intersection,N,Non-Junction,None,,,         ,Zera,Ntahonirukiye,Clear,Not Collision with Motor Vehicle in Transport,no,no,no,no,no,False
103343989,METROPOLITAN NASHVILLE POLICE DEPT,20220320899,Davidson,Nashville,6/30/2022 4:46:00 PM,2,0,0,36.045890,-86.675070,BELL RD,,,,221.00,Feet,West,BLUE HOLE RD,,,,0.00,N,Not at Intersection,N,Non-Junction,None,,,         ,Adam,Kauffman,Clear,Front to Rear,no,no,no,no,no,False
103343997,METROPOLITAN NASHVILLE POLICE DEPT,20220321016,Davidson,Nashville,6/30/2022 5:40:00 PM,2,0,0,36.215770,-86.586680,LEBANON PKE,,,,560.00,Feet,East,BIG HORN DR,,,,0.00,N,Not at Intersection, ,Non-Junction,None,,,         ,Tyler,Conrads,Clear,Front to Rear,no,no,no,no,no,False
103344000,METROPOLITAN NASHVILLE POLICE DEPT,20220321028,Davidson,Nashville,6/30/2022 4:35:00 PM,2,0,0,36.114800,-86.918240,I 40,,,,0.00,,,,,,,199.55,N,Not at Intersection, ,,None,,,         ,Eric,Westbrook,,,no,no,no,no,no,False
103344001,METROPOLITAN NASHVILLE POLICE DEPT,20220320780,Davidson,Nashville,6/30/2022 3:00:00 PM,2,0,0,36.179860,-86.795870,ROSA L PARKS BLVD,,,,299.00,Feet,South,GARFIELD ST,,,,0.00,N,Not at Intersection,N,Non-Junction,None,,,         ,Kaitlyn,Powell,Clear,"Sideswipe, Same Direction",no,no,no,no,yes,False
103344003,METROPOLITAN NASHVILLE POLICE DEPT,20220320991,Davidson,Nashville,6/30/2022 5:40:00 PM,2,1,0,36.040900,-86.779380,STONE BROOK DR,,,,0.00,,,OLD HICKORY BLVD,,,,0.00,Y,Four-Way,Y,Intersection,None,,,         ,Eric,Modransky,Clear,Angle,no,no,no,no,no,False
103344010,METROPOLITAN NASHVILLE POLICE DEPT,20220320871,Davidson,Nashville,6/30/2022 3:45:00 PM,2,0,0,36.086470,-86.770880,HARDING PL,,,,321.00,Feet,East,FRANKLIN PKE,,,,0.00,N,Not at Intersection,N,Non-Junction,None,,,         ,Darci,Stechman,Clear,Front to Rear,no,no,no,no,no,False
103344011,METROPOLITAN NASHVILLE POLICE DEPT,20220320969,Davidson,Nashville,6/30/2022 4:30:00 PM,2,0,0,36.168890,-86.766420,I24 E ENT RAMP,,,,0.00,,,I 24,,,,0.00,Y,OTHER, ,Entrance/Exit Ramp Related,None,,,         ,Ian,Pearce,Clear,Front to Rear,no,no,no,no,no,False
103344028,METROPOLITAN NASHVILLE POLICE DEPT,20220320911,Davidson,Nashville,6/30/2022 4:50:00 PM,2,0,0,36.192160,-86.759430,RICHARDSON AV,,,,0.00,,,N 7TH ST,,,,0.00,Y,Four-Way, ,Intersection,None,,,         ,Andrew,Campbell,Cloudy,Angle,no,no,no,no,no,False
103344029,METROPOLITAN NASHVILLE POLICE DEPT,20220321024,Davidson,Nashville,6/30/2022 5:30:00 PM,2,0,0,36.164430,-86.776820,2ND AVN,,,,57.00,Feet,South,CHURCH ST,,,,0.00,N,Not at Intersection,N,Non-Junction,None,,,         ,Blake,Curry,Clear,Angle,no,no,no,no,yes,False
103344043,METROPOLITAN NASHVILLE POLICE DEPT,20220321075,Davidson,Nashville,6/30/2022 5:50:00 PM,2,0,0,36.085800,-86.763130,I 65,,,,0.00,,,,,,,78.10,N,Not at Intersection,N,Non-Junction,None,,,         ,Cory,Stratton,Clear,Front to Rear,no,no,no,no,no,False
103344053,METROPOLITAN NASHVILLE POLICE DEPT,20220320916,Davidson,Nashville,6/30/2022 4:34:00 PM,3,0,0,36.087100,-86.693040,HARDING PL,,,,271.00,Feet,West,ANTIOCH PKE,,,,0.00,N,Not at Intersection, ,Non-Junction,None,,,         ,Lisa,Beck,Cloudy,Front to Rear,no,no,no,no,no,False
103344054,METROPOLITAN NASHVILLE POLICE DEPT,20220321030,Davidson,Nashville,6/30/2022 12:00:00 AM,2,0,0,36.157440,-86.770530,HERMITAGE AV,,,,0.00,,,PEABODY ST,,,,0.00,Y,Four-Way, ,,None,,,         ,Trevor,Taylor,,,no,no,no,no,no,False
103344061,METROPOLITAN NASHVILLE POLICE DEPT,20220321050,Davidson,Nashville,6/30/2022 5:40:00 PM,2,0,0,36.147610,-86.814340,28TH AVN,,,,307.00,Feet,North,CENTENNIAL PARK PVTDR,,,,0.00,N,Not at Intersection,N,Non-Junction,None,,,         ,Flynn,Ireland,Clear,"Sideswipe, Opposite Direction",no,no,no,yes,yes,False
103344069,METROPOLITAN NASHVILLE POLICE DEPT,20220320923,Davidson,Nashville,6/30/2022 4:48:00 PM,2,1,0,36.243450,-86.748420,I 65,,,,0.00,,,,,,,90.60,N,Not at Intersection,N,Non-Junction,None,,,         ,Joshua,Dodge,Clear,Front to Rear,no,no,no,no,no,False
103344075,METROPOLITAN NASHVILLE POLICE DEPT,20220321070,Davidson,Nashville,6/30/2022 6:54:00 PM,2,0,0,36.151270,-86.691610,ELM HILL PKE,,,,0.00,,,ELM HILL PKE EB EXT RAMP,,,,0.00,Y,T-Intersection, ,Intersection,None,,,         ,Douglas,Mann,Clear,Front to Rear,no,no,no,no,no,False
103344084,METROPOLITAN NASHVILLE POLICE DEPT,20220321017,Davidson,Nashville,6/30/2022 12:00:00 AM,3,0,0,36.192970,-86.801830,ROSA L PARKS BLVD,,,,0.00,Feet,North,ATHENS WAY,,,,0.00,N,Not at Intersection,N,Non-Junction,None,,,         ,Wallace,Seay III,Clear,Front to Rear,no,no,no,no,no,False
103344086,METROPOLITAN NASHVILLE POLICE DEPT,20220321157,Davidson,Not in City Limit,6/30/2022 8:05:00 PM,2,0,0,36.119890,-86.939840,OLD CHARLOTTE PKE,,,,1555.00,Feet,East,SULLIVAN HOLLOW RD PVTDR,,,,0.00,N,Not at Intersection, ,Non-Junction,None,,,         ,Eric,Westbrook,Clear,Angle,no,no,no,no,no,False
103344100,METROPOLITAN NASHVILLE POLICE DEPT,20220321073,Davidson,Not in City Limit,6/30/2022 6:30:00 PM,1,0,0,36.119630,-86.941100,OLD CHARLOTTE PKE,,,,1170.00,Feet,East,SULLIVAN HOLLOW RD PVTDR,,,,0.00,N,Not at Intersection,N,Non-Junction,None,,,         ,Heather,Fox,Clear,Not Collision with Motor Vehicle in Transport,no,no,no,no,no,False
103344164,METROPOLITAN NASHVILLE POLICE DEPT,20220321256,Davidson,Nashville,6/30/2022 6:20:00 PM,2,0,0,36.088680,-86.790950,LEALAND LN,,,,130.00,Feet,North,BATTERY LN,,,,0.00,N,Not at Intersection,N,Non-Junction,None,,,         ,Ricardo,Cruz,Clear,"Sideswipe, Same Direction",no,no,no,no,no,False
103344165,METROPOLITAN NASHVILLE POLICE DEPT,20220320940,Davidson,Nashville,6/30/2022 5:00:00 PM,2,1,0,36.141820,-86.672510,I 40,,,,0.00,,,,,,,216.25,N,Not at Intersection,N,Non-Junction,None,,,         ,Phillip,Burke,Rain,"Sideswipe, Same Direction",no,no,no,no,no,False
103344204,METROPOLITAN NASHVILLE POLICE DEPT,20220321027,Davidson,Nashville,6/30/2022 5:34:00 PM,2,2,0,36.228370,-86.759460,DICKERSON PKE,,,,371.00,Feet,South,BROADMOOR DR,,,,0.00,N,Not at Intersection,N,Non-Junction,None,,,         ,Randy,Puckett,Cloudy,Angle,no,no,no,no,no,False
103344239,METROPOLITAN NASHVILLE POLICE DEPT,20220321319,Davidson,Nashville,6/30/2022 8:46:00 PM,2,0,0,36.171740,-86.864840,CENTENNIAL BLVD,,,,280.00,Feet,East,BRILEY PKWY N ENT RAMP,,,,0.00,N,Not at Intersection,N,Non-Junction,None,,,         ,Theodore,Meskers,Clear,Front to Rear,no,no,no,yes,yes,False
103344242,BERRY HILL POLICE DEPT,22-1748,Davidson,Berry Hill,6/27/2022 11:55:00 PM,2,0,0,36.111930,-86.762920,THOMPSON LN,,,,0.00,,,E IRIS DR,,,,0.00,Y,OTHER, ,Non-Junction,None,,,         ,Roy,Yoquelet,Clear,Other,no,no,no,yes,no,False
103344247,METROPOLITAN NASHVILLE POLICE DEPT,20220321034,Davidson,Nashville,6/30/2022 12:35:00 PM,2,0,0,36.088910,-86.682700,CORRECTIONS CENTER PVTDR,,,,930.00,Feet,South,EZELL PARK PVTDR,,,,0.00,N,Not at Intersection,N,Non-Junction,None,,,         ,Parker,Vegas,Clear,HeadOn,no,no,no,yes,no,False
103344251,METROPOLITAN NASHVILLE POLICE DEPT,20220321341,Davidson,Nashville,6/30/2022 8:44:00 PM,2,0,0,36.070100,-86.685130,HAYWOOD LN,,,,155.00,Feet,East,BAKERTOWN RD,,,,0.00,N,Not at Intersection,N,OtherLocation,None,,,         ,Holly,Davis,Clear,Rear to Rear,no,no,no,yes,yes,False
103344262,METROPOLITAN NASHVILLE POLICE DEPT,20220321025,Davidson,Nashville,6/30/2022 5:20:00 PM,2,0,0,36.144150,-86.692040,I40 W EXT RAMP,,,,0.00,Feet,East,I 40,,,,0.00,N,Not at Intersection,N,Non-Junction,None,,,         ,Phillip,Burke,Clear,Front to Rear,no,no,no,no,no,False
103344264,METROPOLITAN NASHVILLE POLICE DEPT,20220321397,Davidson,Nashville,6/30/2022 9:27:00 PM,2,1,0,36.165760,-86.598340,OLD HICKORY BLVD,,,,0.00,,,HERMITAGE PARK DR,,,,0.00,Y,T-Intersection,N,Intersection,None,,,         ,Ryan,Malone,Clear,Angle,no,no,no,no,no,False
103344284,METROPOLITAN NASHVILLE POLICE DEPT,20220321479,Davidson,Nashville,6/30/2022 12:00:00 AM,2,1,0,36.183820,-86.797860,I65 N ENT RAMP,,,,0.00,,East,I 65,,,,0.00,N,Not at Intersection,N,Non-Junction,None,,,         ,Jacob,Ross,Clear,"Sideswipe, Same Direction",no,no,no,no,yes,False
103344294,METROPOLITAN NASHVILLE POLICE DEPT,2022-0321451,Davidson,Nashville,6/30/2022 12:00:00 AM,1,1,0,36.220270,-86.694890,RUDY CIR,,,,370.00,Feet,West,MUSIC VALLEY DR,,,,0.00,N,Not at Intersection,N,Non-Junction,None,,,         ,Joshua,McGarvey,Clear,Not Collision with Motor Vehicle in Transport,yes,no,no,yes,no,False
103344297,METROPOLITAN NASHVILLE POLICE DEPT,20220321539,Davidson,Nashville,6/30/2022 12:00:00 AM,2,2,0,36.147660,-86.768470,4TH AVS,,,,0.00,Feet,East,CAMERON ST,,,,0.00,N,Not at Intersection,N,Non-Junction,None,,,         ,John,Braxton,Clear,Angle,no,no,no,no,no,False
103344301,METROPOLITAN NASHVILLE POLICE DEPT,20220321324,Davidson,Nashville,6/30/2022 6:30:00 PM,2,0,0,36.169500,-86.737500,S 19TH ST,,,,178.00,Feet,South,SHELBY AV,,,,0.00,N,Not at Intersection,N,"Driveway, Alley Access, etc",None,,,         ,Stacia,Getz,Clear,Angle,no,no,no,no,yes,False
103344303,METROPOLITAN NASHVILLE POLICE DEPT,20220321011,Davidson,Nashville,6/30/2022 6:06:00 PM,2,0,0,36.190840,-86.615350,OLD HICKORY BLVD,,,,0.00,,West,OLD LEBANON DIRT RD,,,,0.00,N,Not at Intersection, ,Non-Junction,None,,,         ,Forrest,Punke,Clear,Not Collision with Motor Vehicle in Transport,no,no,no,no,no,False
103344305,METROPOLITAN NASHVILLE POLICE DEPT,20220321619,Davidson,Nashville,6/30/2022 11:54:00 PM,1,0,0,36.137620,-86.857780,WHITE BRIDGE PKE,,,,84.00,Feet,South,KNOB RD,,,,0.00,N,Not at Intersection,N,Non-Junction,None,,,         ,Theodore,Meskers,Clear,Not Collision with Motor Vehicle in Transport,no,no,no,no,yes,False
103344310,METROPOLITAN NASHVILLE POLICE DEPT,20220321266,Davidson,Nashville,6/30/2022 12:00:00 AM,1,0,0,36.164650,-86.755220,S 7TH ST,,,,0.00,,,LENORE ST,,,,0.00,Y,Four-Way,N,Non-Junction,None,,,         ,Shaquille,Graham,Clear,Not Collision with Motor Vehicle in Transport,no,no,no,no,yes,False
103344314,METROPOLITAN NASHVILLE POLICE DEPT,20220321443,Davidson,Old Hickory,6/30/2022 9:23:00 PM,2,0,0,36.259160,-86.658580,ROBINSON RD,,,,38.00,Feet,East,HADLEY VILLAGE BLVD,,,,0.00,N,Not at Intersection,N,Non-Junction,None,,,         ,Bryan,Malone,"Cloudy, Fog",Front to Rear,no,no,no,yes,yes,False
103344319,METROPOLITAN NASHVILLE POLICE DEPT,20220321106,Davidson,Nashville,6/30/2022 7:10:00 PM,7,2,0,36.143890,-86.689340,I40 W EXT RAMP,,,,0.00,,East,I 40,,,,0.00,N,Not at Intersection,N,Non-Junction,None,,,         ,Phillip,Burke,Clear,Front to Rear,no,no,no,no,yes,False
103344324,METROPOLITAN NASHVILLE POLICE DEPT,20220321541,Davidson,Nashville,6/30/2022 11:00:00 PM,2,0,0,36.175040,-86.803650,14TH AVN,,,,151.00,Feet,North,UNDERWOOD ST,,,,0.00,N,Not at Intersection,N,Non-Junction,None,,,         ,Christopher,Cantrell,Clear,"Sideswipe, Same Direction",no,no,no,no,yes,False
103344326,METROPOLITAN NASHVILLE POLICE DEPT,20220321557,Davidson,Nashville,6/30/2022 11:35:00 PM,2,0,0,36.167550,-86.762190,S 5TH ST,,,,19.00,Feet,South,SHELBY AV,,,,0.00,N,Not at Intersection, ,Non-Junction,None,,,         ,Shaquille,Graham,Clear,Angle,no,no,no,no,no,False
103344338,BELLE MEADE POLICE DEPT,22-0147,Davidson,Belle Meade,6/30/2022 11:40:00 PM,2,0,0,36.119600,-86.854940,BELLE MEADE BLVD,,,,0.00,,,HARDING PKE,,,,0.00,Y,T-Intersection,N,Intersection,None,,,         ,David,Linane Jr,Cloudy,Angle,no,no,no,no,no,False
103344419,METROPOLITAN NASHVILLE POLICE DEPT,20220321351,Davidson,Nashville,6/30/2022 10:00:00 PM,2,0,0,36.168180,-86.814840,I 40,,,,0.00,,,,,,,206.80,N,Not at Intersection,N,Non-Junction,None,,,         ,Martin,Brown,Clear,Not Collision with Motor Vehicle in Transport,no,no,no,no,no,False
103344515,METROPOLITAN NASHVILLE POLICE DEPT,20220313240,Davidson,Nashville,6/26/2022 1:00:00 PM,1,1,0,36.109620,-86.629860,BELL RD,,,,585.00,Feet,North,NED SHELTON RD,,,,0.00,N,Not at Intersection,N,Non-Junction,None,,,         ,David,Kmosko,Clear,Not Collision with Motor Vehicle in Transport,no,no,no,no,no,False
103344730,METROPOLITAN NASHVILLE POLICE DEPT,20220322029,Davidson,Nashville,6/30/2022 3:30:00 PM,2,0,0,36.175910,-86.763360,HOWERTON ST,,,,266.00,Feet,East,N 6TH ST,,,,0.00,N,Not at Intersection,N,Non-Junction,None,,,         ,Zera,Ntahonirukiye,Clear,Front to Rear,no,no,no,yes,yes,False
103345240,BERRY HILL POLICE DEPT,22-1777,Davidson,Berry Hill,6/30/2022 6:00:00 PM,2,0,0,36.119340,-86.772390,BERRY RD,,,,138.00,Feet,East,I65 N ENT RAMP,,,,0.00,N,Not at Intersection, ,Non-Junction,None,,,         ,Anthony,Russo,Rain,Front to Rear,no,no,no,no,no,False
103346079,METROPOLITAN NASHVILLE POLICE DEPT,20220318707,Davidson,Nashville,6/29/2022 2:22:00 PM,2,0,0,36.172730,-86.765280,S 5TH ST,,,,46.00,Feet,South,SPRING ST,,,,0.00,N,Not at Intersection,N,Non-Junction,None,,,         ,Steven,Meador,Clear,"Sideswipe, Same Direction",no,no,no,no,yes,False
103349283,METROPOLITAN NASHVILLE POLICE DEPT,20220326498,Davidson,Nashville,6/27/2022 10:30:00 PM,2,2,0,36.174730,-86.771230,I 24,,,,0.00,,,,,,,48.05,N,Not at Intersection,N,Non-Junction,None,,,         ,Clayton,Lewis,Clear,Front to Rear,no,no,no,no,no,False
103349932,METROPOLITAN NASHVILLE POLICE DEPT,20220319054,Davidson,Nashville,6/29/2022 5:45:00 PM,2,9,0,36.126840,-86.710440,THOMPSON PL,,,,197.00,Feet,East,MURFREESBORO PKE,,,,0.00,N,Not at Intersection,N,Non-Junction,None,,,         ,Joshua,Zambrano-Vera,Clear,Angle,no,no,no,no,no,False
103349933,METROPOLITAN NASHVILLE POLICE DEPT,20220320811,Davidson,Nashville,6/30/2022 1:19:00 PM,2,0,0,36.195080,-86.618950,OLD HICKORY BLVD,,,,248.00,Feet,South,OLD HICKORY BLVD PVTDR,,,,0.00,N,Not at Intersection,N,Non-Junction,None,,,         ,Joshua,Zambrano-Vera,Clear,Front to Rear,no,no,no,no,no,False
103350754,VANDERBILT UNIVERSITY POLICE,20220311013,Davidson,Nashville,6/24/2022 8:15:00 PM,2,0,0,36.138670,-86.810870,BLAKEMORE AV,,,,0.00,,,NATCHEZ TRC,,,,0.00,Y,Four-Way,N,Intersection,None,,,         ,Cheryl,Bradley,,Other,no,no,no,no,no,Campus
103353773,METROPOLITAN NASHVILLE POLICE DEPT,20220338374,Davidson,Nashville,6/24/2022 12:00:00 AM,2,0,0,36.205550,-86.622360,OLD HICKORY BLVD,,,,61.00,Feet,South,HILLS LN,,,,0.00,N,Not at Intersection,N,Non-Junction,None,,,         ,Keenan,McCann,Unknown,"Sideswipe, Same Direction",no,no,no,no,yes,False
103443629,METROPOLITAN NASHVILLE POLICE DEPT,20220321460,Davidson,Antioch,6/30/2022 12:00:00 AM,2,1,0,36.037180,-86.703240,CEDARCREEK DR,,,,0.00,Feet,East,CEDARCREEK TRL,,,,0.00,N,Not at Intersection,N,Non-Junction,None,,,         ,Kristopher,Sharpe,Unknown,Front to Rear,no,no,no,no,no,False